[2J[HOK,13,2,78ec6374ecde, image-processing-pillow.1.do4fm5innb08ktbp7ruh062li, 0.83%, 72.85MiB / 3.871GiB, 1.84%, 359kB / 358kB, 48.4MB / 17.8GB
[2J[HOK,13,2,78ec6374ecde, image-processing-pillow.1.do4fm5innb08ktbp7ruh062li, 0.83%, 72.85MiB / 3.871GiB, 1.84%, 359kB / 358kB, 48.4MB / 17.8GB
[2J[HOK,13,2,78ec6374ecde, image-processing-pillow.1.do4fm5innb08ktbp7ruh062li, 97.59%, 81.18MiB / 3.871GiB, 2.05%, 359kB / 358kB, 48.4MB / 17.8GB
[2J[HOK,13,2,78ec6374ecde, image-processing-pillow.1.do4fm5innb08ktbp7ruh062li, 97.59%, 81.18MiB / 3.871GiB, 2.05%, 359kB / 358kB, 48.4MB / 17.8GB
[2J[HOK,13,2,78ec6374ecde, image-processing-pillow.1.do4fm5innb08ktbp7ruh062li, 101.62%, 81.22MiB / 3.871GiB, 2.05%, 359kB / 358kB, 48.4MB / 17.8GB
[2J[HOK,13,2,78ec6374ecde, image-processing-pillow.1.do4fm5innb08ktbp7ruh062li, 101.62%, 81.22MiB / 3.871GiB, 2.05%, 359kB / 358kB, 48.4MB / 17.8GB
[2J[HOK,13,2,78ec6374ecde, image-processing-pillow.1.do4fm5innb08ktbp7ruh062li, 98.16%, 81.42MiB / 3.871GiB, 2.05%, 359kB / 358kB, 48.4MB / 17.8GB
[2J[HOK,13,2,78ec6374ecde, image-processing-pillow.1.do4fm5innb08ktbp7ruh062li, 98.16%, 81.42MiB / 3.871GiB, 2.05%, 359kB / 358kB, 48.4MB / 17.8GB
[2J[HOK,13,2,78ec6374ecde, image-processing-pillow.1.do4fm5innb08ktbp7ruh062li, 98.63%, 81.17MiB / 3.871GiB, 2.05%, 359kB / 358kB, 48.4MB / 17.8GB
[2J[HOK,13,2,78ec6374ecde, image-processing-pillow.1.do4fm5innb08ktbp7ruh062li, 98.63%, 81.17MiB / 3.871GiB, 2.05%, 359kB / 358kB, 48.4MB / 17.8GB
[2J[HOK,13,2,78ec6374ecde, image-processing-pillow.1.do4fm5innb08ktbp7ruh062li, 101.98%, 81.17MiB / 3.871GiB, 2.05%, 359kB / 358kB, 48.4MB / 17.8GB
[2J[HOK,13,2,78ec6374ecde, image-processing-pillow.1.do4fm5innb08ktbp7ruh062li, 101.98%, 81.17MiB / 3.871GiB, 2.05%, 359kB / 358kB, 48.4MB / 17.8GB
[2J[HOK,13,2,78ec6374ecde, image-processing-pillow.1.do4fm5innb08ktbp7ruh062li, 100.37%, 81.19MiB / 3.871GiB, 2.05%, 359kB / 358kB, 48.4MB / 17.8GB
[2J[HOK,13,2,78ec6374ecde, image-processing-pillow.1.do4fm5innb08ktbp7ruh062li, 100.37%, 81.19MiB / 3.871GiB, 2.05%, 359kB / 358kB, 48.4MB / 17.8GB
[2J[HOK,13,2,78ec6374ecde, image-processing-pillow.1.do4fm5innb08ktbp7ruh062li, 99.89%, 81.12MiB / 3.871GiB, 2.05%, 359kB / 358kB, 48.4MB / 17.8GB
[2J[HOK,13,2,78ec6374ecde, image-processing-pillow.1.do4fm5innb08ktbp7ruh062li, 99.89%, 81.12MiB / 3.871GiB, 2.05%, 359kB / 358kB, 48.4MB / 17.8GB
[2J[HOK,13,2,78ec6374ecde, image-processing-pillow.1.do4fm5innb08ktbp7ruh062li, 103.89%, 81.24MiB / 3.871GiB, 2.05%, 359kB / 358kB, 48.4MB / 17.8GB
[2J[HOK,13,2,78ec6374ecde, image-processing-pillow.1.do4fm5innb08ktbp7ruh062li, 103.89%, 81.24MiB / 3.871GiB, 2.05%, 359kB / 358kB, 48.4MB / 17.8GB
[2J[HOK,13,2,78ec6374ecde, image-processing-pillow.1.do4fm5innb08ktbp7ruh062li, 99.38%, 81.25MiB / 3.871GiB, 2.05%, 359kB / 358kB, 48.4MB / 17.8GB
[2J[HOK,13,2,78ec6374ecde, image-processing-pillow.1.do4fm5innb08ktbp7ruh062li, 99.38%, 81.25MiB / 3.871GiB, 2.05%, 359kB / 358kB, 48.4MB / 17.8GB
[2J[HOK,13,2,78ec6374ecde, image-processing-pillow.1.do4fm5innb08ktbp7ruh062li, 100.51%, 81.14MiB / 3.871GiB, 2.05%, 359kB / 359kB, 48.4MB / 17.8GB
[2J[HOK,13,2,78ec6374ecde, image-processing-pillow.1.do4fm5innb08ktbp7ruh062li, 100.51%, 81.14MiB / 3.871GiB, 2.05%, 359kB / 359kB, 48.4MB / 17.8GB
[2J[HOK,13,2,78ec6374ecde, image-processing-pillow.1.do4fm5innb08ktbp7ruh062li, 104.42%, 81.34MiB / 3.871GiB, 2.05%, 359kB / 359kB, 48.4MB / 17.8GB
[2J[HOK,13,2,78ec6374ecde, image-processing-pillow.1.do4fm5innb08ktbp7ruh062li, 104.42%, 81.34MiB / 3.871GiB, 2.05%, 359kB / 359kB, 48.4MB / 17.8GB
[2J[HOK,13,2,78ec6374ecde, image-processing-pillow.1.do4fm5innb08ktbp7ruh062li, 99.96%, 81.21MiB / 3.871GiB, 2.05%, 359kB / 359kB, 48.4MB / 17.8GB
[2J[HOK,13,2,78ec6374ecde, image-processing-pillow.1.do4fm5innb08ktbp7ruh062li, 99.96%, 81.21MiB / 3.871GiB, 2.05%, 359kB / 359kB, 48.4MB / 17.8GB
[2J[HOK,13,2,78ec6374ecde, image-processing-pillow.1.do4fm5innb08ktbp7ruh062li, 99.39%, 81.16MiB / 3.871GiB, 2.05%, 359kB / 359kB, 48.4MB / 17.8GB
[2J[HOK,13,2,78ec6374ecde, image-processing-pillow.1.do4fm5innb08ktbp7ruh062li, 99.39%, 81.16MiB / 3.871GiB, 2.05%, 359kB / 359kB, 48.4MB / 17.8GB
[2J[HOK,13,2,78ec6374ecde, image-processing-pillow.1.do4fm5innb08ktbp7ruh062li, 101.19%, 81.21MiB / 3.871GiB, 2.05%, 359kB / 359kB, 48.4MB / 17.8GB
[2J[HOK,13,2,78ec6374ecde, image-processing-pillow.1.do4fm5innb08ktbp7ruh062li, 101.19%, 81.21MiB / 3.871GiB, 2.05%, 359kB / 359kB, 48.4MB / 17.8GB
[2J[HOK,13,2,78ec6374ecde, image-processing-pillow.1.do4fm5innb08ktbp7ruh062li, 101.60%, 81.2MiB / 3.871GiB, 2.05%, 360kB / 359kB, 48.4MB / 17.8GB
[2J[HOK,13,2,78ec6374ecde, image-processing-pillow.1.do4fm5innb08ktbp7ruh062li, 101.60%, 81.2MiB / 3.871GiB, 2.05%, 360kB / 359kB, 48.4MB / 17.8GB
[2J[HOK,13,2,78ec6374ecde, image-processing-pillow.1.do4fm5innb08ktbp7ruh062li, 101.28%, 81.14MiB / 3.871GiB, 2.05%, 360kB / 359kB, 48.4MB / 17.8GB
[2J[HOK,13,2,78ec6374ecde, image-processing-pillow.1.do4fm5innb08ktbp7ruh062li, 101.28%, 81.14MiB / 3.871GiB, 2.05%, 360kB / 359kB, 48.4MB / 17.8GB
[2J[HOK,13,2,78ec6374ecde, image-processing-pillow.1.do4fm5innb08ktbp7ruh062li, 99.88%, 81.23MiB / 3.871GiB, 2.05%, 360kB / 359kB, 48.4MB / 17.8GB
[2J[HOK,13,2,78ec6374ecde, image-processing-pillow.1.do4fm5innb08ktbp7ruh062li, 99.88%, 81.23MiB / 3.871GiB, 2.05%, 360kB / 359kB, 48.4MB / 17.8GB
[2J[HOK,13,2,78ec6374ecde, image-processing-pillow.1.do4fm5innb08ktbp7ruh062li, 104.18%, 81.16MiB / 3.871GiB, 2.05%, 360kB / 359kB, 48.4MB / 17.8GB
[2J[HOK,13,2,78ec6374ecde, image-processing-pillow.1.do4fm5innb08ktbp7ruh062li, 104.18%, 81.16MiB / 3.871GiB, 2.05%, 360kB / 359kB, 48.4MB / 17.8GB
[2J[HOK,13,2,78ec6374ecde, image-processing-pillow.1.do4fm5innb08ktbp7ruh062li, 280.12%, 139.7MiB / 3.871GiB, 3.53%, 363kB / 360kB, 48.4MB / 17.8GB
[2J[HOK,13,2,78ec6374ecde, image-processing-pillow.1.do4fm5innb08ktbp7ruh062li, 280.12%, 139.7MiB / 3.871GiB, 3.53%, 363kB / 360kB, 48.4MB / 17.8GB
[2J[HOK,13,2,78ec6374ecde, image-processing-pillow.1.do4fm5innb08ktbp7ruh062li, 387.86%, 155.9MiB / 3.871GiB, 3.93%, 363kB / 360kB, 48.4MB / 17.8GB
[2J[HOK,13,2,78ec6374ecde, image-processing-pillow.1.do4fm5innb08ktbp7ruh062li, 387.86%, 155.9MiB / 3.871GiB, 3.93%, 363kB / 360kB, 48.4MB / 17.8GB
[2J[HOK,13,2,78ec6374ecde, image-processing-pillow.1.do4fm5innb08ktbp7ruh062li, 375.06%, 185.7MiB / 3.871GiB, 4.68%, 363kB / 360kB, 48.4MB / 17.8GB
[2J[HOK,13,2,78ec6374ecde, image-processing-pillow.1.do4fm5innb08ktbp7ruh062li, 375.06%, 185.7MiB / 3.871GiB, 4.68%, 363kB / 360kB, 48.4MB / 17.8GB
[2J[HOK,13,2,78ec6374ecde, image-processing-pillow.1.do4fm5innb08ktbp7ruh062li, 382.71%, 221.1MiB / 3.871GiB, 5.58%, 363kB / 360kB, 48.4MB / 17.8GB
[2J[HOK,13,2,78ec6374ecde, image-processing-pillow.1.do4fm5innb08ktbp7ruh062li, 382.71%, 221.1MiB / 3.871GiB, 5.58%, 363kB / 360kB, 48.4MB / 17.8GB
[2J[HOK,13,2,78ec6374ecde, image-processing-pillow.1.do4fm5innb08ktbp7ruh062li, 393.32%, 221.1MiB / 3.871GiB, 5.58%, 363kB / 360kB, 48.4MB / 17.8GB
[2J[HOK,13,2,78ec6374ecde, image-processing-pillow.1.do4fm5innb08ktbp7ruh062li, 393.32%, 221.1MiB / 3.871GiB, 5.58%, 363kB / 360kB, 48.4MB / 17.8GB
[2J[HOK,13,2,78ec6374ecde, image-processing-pillow.1.do4fm5innb08ktbp7ruh062li, 378.44%, 221MiB / 3.871GiB, 5.58%, 363kB / 360kB, 48.4MB / 17.8GB
[2J[HOK,13,2,78ec6374ecde, image-processing-pillow.1.do4fm5innb08ktbp7ruh062li, 378.44%, 221MiB / 3.871GiB, 5.58%, 363kB / 360kB, 48.4MB / 17.8GB
[2J[HOK,13,2,78ec6374ecde, image-processing-pillow.1.do4fm5innb08ktbp7ruh062li, 386.78%, 221.2MiB / 3.871GiB, 5.58%, 363kB / 360kB, 48.4MB / 17.8GB
[2J[HOK,13,2,78ec6374ecde, image-processing-pillow.1.do4fm5innb08ktbp7ruh062li, 386.78%, 221.2MiB / 3.871GiB, 5.58%, 363kB / 360kB, 48.4MB / 17.8GB
[2J[HOK,13,2,78ec6374ecde, image-processing-pillow.1.do4fm5innb08ktbp7ruh062li, 390.96%, 221.1MiB / 3.871GiB, 5.58%, 363kB / 360kB, 48.4MB / 17.8GB
[2J[HOK,13,2,78ec6374ecde, image-processing-pillow.1.do4fm5innb08ktbp7ruh062li, 390.96%, 221.1MiB / 3.871GiB, 5.58%, 363kB / 360kB, 48.4MB / 17.8GB
[2J[HOK,13,2,78ec6374ecde, image-processing-pillow.1.do4fm5innb08ktbp7ruh062li, 378.98%, 221MiB / 3.871GiB, 5.57%, 363kB / 360kB, 48.4MB / 17.8GB
[2J[HOK,13,2,78ec6374ecde, image-processing-pillow.1.do4fm5innb08ktbp7ruh062li, 378.98%, 221MiB / 3.871GiB, 5.57%, 363kB / 360kB, 48.4MB / 17.8GB
[2J[HOK,13,2,78ec6374ecde, image-processing-pillow.1.do4fm5innb08ktbp7ruh062li, 388.62%, 221MiB / 3.871GiB, 5.57%, 363kB / 360kB, 48.4MB / 17.8GB
[2J[HOK,13,2,78ec6374ecde, image-processing-pillow.1.do4fm5innb08ktbp7ruh062li, 388.62%, 221MiB / 3.871GiB, 5.57%, 363kB / 360kB, 48.4MB / 17.8GB
[2J[HOK,13,2,78ec6374ecde, image-processing-pillow.1.do4fm5innb08ktbp7ruh062li, 388.67%, 221.1MiB / 3.871GiB, 5.58%, 363kB / 360kB, 48.4MB / 17.8GB
[2J[HOK,13,2,78ec6374ecde, image-processing-pillow.1.do4fm5innb08ktbp7ruh062li, 388.67%, 221.1MiB / 3.871GiB, 5.58%, 363kB / 360kB, 48.4MB / 17.8GB
[2J[HOK,13,2,78ec6374ecde, image-processing-pillow.1.do4fm5innb08ktbp7ruh062li, 389.68%, 221MiB / 3.871GiB, 5.58%, 363kB / 360kB, 48.4MB / 17.8GB
[2J[HOK,13,2,78ec6374ecde, image-processing-pillow.1.do4fm5innb08ktbp7ruh062li, 389.68%, 221MiB / 3.871GiB, 5.58%, 363kB / 360kB, 48.4MB / 17.8GB
[2J[HOK,13,2,78ec6374ecde, image-processing-pillow.1.do4fm5innb08ktbp7ruh062li, 374.11%, 221.1MiB / 3.871GiB, 5.58%, 363kB / 360kB, 48.4MB / 17.8GB
[2J[HOK,13,2,78ec6374ecde, image-processing-pillow.1.do4fm5innb08ktbp7ruh062li, 374.11%, 221.1MiB / 3.871GiB, 5.58%, 363kB / 360kB, 48.4MB / 17.8GB
[2J[HOK,13,2,78ec6374ecde, image-processing-pillow.1.do4fm5innb08ktbp7ruh062li, 391.60%, 221.2MiB / 3.871GiB, 5.58%, 363kB / 360kB, 48.4MB / 17.8GB
[2J[HOK,13,2,78ec6374ecde, image-processing-pillow.1.do4fm5innb08ktbp7ruh062li, 391.60%, 221.2MiB / 3.871GiB, 5.58%, 363kB / 360kB, 48.4MB / 17.8GB
[2J[HOK,13,2,78ec6374ecde, image-processing-pillow.1.do4fm5innb08ktbp7ruh062li, 389.83%, 221MiB / 3.871GiB, 5.58%, 363kB / 360kB, 48.4MB / 17.8GB
[2J[HOK,13,2,78ec6374ecde, image-processing-pillow.1.do4fm5innb08ktbp7ruh062li, 389.83%, 221MiB / 3.871GiB, 5.58%, 363kB / 360kB, 48.4MB / 17.8GB
[2J[HOK,13,2,78ec6374ecde, image-processing-pillow.1.do4fm5innb08ktbp7ruh062li, 378.75%, 221MiB / 3.871GiB, 5.57%, 364kB / 361kB, 48.4MB / 17.8GB
[2J[HOK,13,2,78ec6374ecde, image-processing-pillow.1.do4fm5innb08ktbp7ruh062li, 378.75%, 221MiB / 3.871GiB, 5.57%, 364kB / 361kB, 48.4MB / 17.8GB
[2J[HOK,13,2,78ec6374ecde, image-processing-pillow.1.do4fm5innb08ktbp7ruh062li, 386.55%, 221.2MiB / 3.871GiB, 5.58%, 364kB / 361kB, 48.4MB / 17.9GB
[2J[HOK,13,2,78ec6374ecde, image-processing-pillow.1.do4fm5innb08ktbp7ruh062li, 386.55%, 221.2MiB / 3.871GiB, 5.58%, 364kB / 361kB, 48.4MB / 17.9GB
[2J[HOK,13,2,78ec6374ecde, image-processing-pillow.1.do4fm5innb08ktbp7ruh062li, 389.88%, 221.1MiB / 3.871GiB, 5.58%, 364kB / 361kB, 48.4MB / 17.9GB
[2J[HOK,13,2,78ec6374ecde, image-processing-pillow.1.do4fm5innb08ktbp7ruh062li, 389.88%, 221.1MiB / 3.871GiB, 5.58%, 364kB / 361kB, 48.4MB / 17.9GB
[2J[HOK,13,2,78ec6374ecde, image-processing-pillow.1.do4fm5innb08ktbp7ruh062li, 385.81%, 221.1MiB / 3.871GiB, 5.58%, 364kB / 361kB, 48.4MB / 17.9GB
[2J[HOK,13,2,78ec6374ecde, image-processing-pillow.1.do4fm5innb08ktbp7ruh062li, 385.81%, 221.1MiB / 3.871GiB, 5.58%, 364kB / 361kB, 48.4MB / 17.9GB
[2J[HOK,13,2,78ec6374ecde, image-processing-pillow.1.do4fm5innb08ktbp7ruh062li, 383.74%, 221MiB / 3.871GiB, 5.58%, 364kB / 361kB, 48.4MB / 17.9GB
[2J[HOK,13,2,78ec6374ecde, image-processing-pillow.1.do4fm5innb08ktbp7ruh062li, 383.74%, 221MiB / 3.871GiB, 5.58%, 364kB / 361kB, 48.4MB / 17.9GB
[2J[HOK,13,2,78ec6374ecde, image-processing-pillow.1.do4fm5innb08ktbp7ruh062li, 387.36%, 221.1MiB / 3.871GiB, 5.58%, 364kB / 361kB, 48.4MB / 17.9GB
[2J[HOK,13,2,78ec6374ecde, image-processing-pillow.1.do4fm5innb08ktbp7ruh062li, 387.36%, 221.1MiB / 3.871GiB, 5.58%, 364kB / 361kB, 48.4MB / 17.9GB
[2J[HOK,13,2,78ec6374ecde, image-processing-pillow.1.do4fm5innb08ktbp7ruh062li, 389.75%, 221.2MiB / 3.871GiB, 5.58%, 364kB / 361kB, 48.4MB / 17.9GB
[2J[HOK,13,2,78ec6374ecde, image-processing-pillow.1.do4fm5innb08ktbp7ruh062li, 389.75%, 221.2MiB / 3.871GiB, 5.58%, 364kB / 361kB, 48.4MB / 17.9GB
[2J[HOK,13,2,78ec6374ecde, image-processing-pillow.1.do4fm5innb08ktbp7ruh062li, 375.27%, 221MiB / 3.871GiB, 5.58%, 364kB / 361kB, 48.4MB / 17.9GB
[2J[HOK,13,2,78ec6374ecde, image-processing-pillow.1.do4fm5innb08ktbp7ruh062li, 375.27%, 221MiB / 3.871GiB, 5.58%, 364kB / 361kB, 48.4MB / 17.9GB
[2J[HOK,13,2,78ec6374ecde, image-processing-pillow.1.do4fm5innb08ktbp7ruh062li, 384.82%, 221.2MiB / 3.871GiB, 5.58%, 364kB / 361kB, 48.4MB / 17.9GB
[2J[HOK,13,2,78ec6374ecde, image-processing-pillow.1.do4fm5innb08ktbp7ruh062li, 384.82%, 221.2MiB / 3.871GiB, 5.58%, 364kB / 361kB, 48.4MB / 17.9GB
[2J[HOK,13,2,78ec6374ecde, image-processing-pillow.1.do4fm5innb08ktbp7ruh062li, 389.06%, 221MiB / 3.871GiB, 5.57%, 364kB / 361kB, 48.4MB / 17.9GB
[2J[HOK,13,2,78ec6374ecde, image-processing-pillow.1.do4fm5innb08ktbp7ruh062li, 389.06%, 221MiB / 3.871GiB, 5.57%, 364kB / 361kB, 48.4MB / 17.9GB
[2J[HOK,13,2,78ec6374ecde, image-processing-pillow.1.do4fm5innb08ktbp7ruh062li, 378.68%, 221.7MiB / 3.871GiB, 5.59%, 364kB / 361kB, 48.4MB / 17.9GB
[2J[HOK,13,2,78ec6374ecde, image-processing-pillow.1.do4fm5innb08ktbp7ruh062li, 378.68%, 221.7MiB / 3.871GiB, 5.59%, 364kB / 361kB, 48.4MB / 17.9GB
[2J[HOK,13,2,78ec6374ecde, image-processing-pillow.1.do4fm5innb08ktbp7ruh062li, 384.85%, 221.3MiB / 3.871GiB, 5.58%, 364kB / 361kB, 48.4MB / 17.9GB
[2J[HOK,13,2,78ec6374ecde, image-processing-pillow.1.do4fm5innb08ktbp7ruh062li, 384.85%, 221.3MiB / 3.871GiB, 5.58%, 364kB / 361kB, 48.4MB / 17.9GB
[2J[HOK,13,2,78ec6374ecde, image-processing-pillow.1.do4fm5innb08ktbp7ruh062li, 391.08%, 221MiB / 3.871GiB, 5.58%, 364kB / 361kB, 48.4MB / 17.9GB
[2J[HOK,13,2,78ec6374ecde, image-processing-pillow.1.do4fm5innb08ktbp7ruh062li, 391.08%, 221MiB / 3.871GiB, 5.58%, 364kB / 361kB, 48.4MB / 17.9GB
[2J[HOK,13,2,78ec6374ecde, image-processing-pillow.1.do4fm5innb08ktbp7ruh062li, 387.17%, 221.1MiB / 3.871GiB, 5.58%, 364kB / 361kB, 48.4MB / 17.9GB
[2J[HOK,13,2,78ec6374ecde, image-processing-pillow.1.do4fm5innb08ktbp7ruh062li, 387.17%, 221.1MiB / 3.871GiB, 5.58%, 364kB / 361kB, 48.4MB / 17.9GB
[2J[HOK,13,2,78ec6374ecde, image-processing-pillow.1.do4fm5innb08ktbp7ruh062li, 374.93%, 221.1MiB / 3.871GiB, 5.58%, 364kB / 361kB, 48.4MB / 17.9GB
[2J[HOK,13,2,78ec6374ecde, image-processing-pillow.1.do4fm5innb08ktbp7ruh062li, 374.93%, 221.1MiB / 3.871GiB, 5.58%, 364kB / 361kB, 48.4MB / 17.9GB
[2J[HOK,13,2,78ec6374ecde, image-processing-pillow.1.do4fm5innb08ktbp7ruh062li, 391.62%, 221.1MiB / 3.871GiB, 5.58%, 365kB / 362kB, 48.4MB / 17.9GB
[2J[HOK,13,2,78ec6374ecde, image-processing-pillow.1.do4fm5innb08ktbp7ruh062li, 391.62%, 221.1MiB / 3.871GiB, 5.58%, 365kB / 362kB, 48.4MB / 17.9GB
[2J[HOK,13,2,78ec6374ecde, image-processing-pillow.1.do4fm5innb08ktbp7ruh062li, 386.87%, 221MiB / 3.871GiB, 5.58%, 365kB / 362kB, 48.4MB / 17.9GB
[2J[HOK,13,2,78ec6374ecde, image-processing-pillow.1.do4fm5innb08ktbp7ruh062li, 386.87%, 221MiB / 3.871GiB, 5.58%, 365kB / 362kB, 48.4MB / 17.9GB
[2J[HOK,13,2,78ec6374ecde, image-processing-pillow.1.do4fm5innb08ktbp7ruh062li, 377.70%, 221MiB / 3.871GiB, 5.58%, 365kB / 362kB, 48.4MB / 17.9GB
[2J[HOK,13,2,78ec6374ecde, image-processing-pillow.1.do4fm5innb08ktbp7ruh062li, 377.70%, 221MiB / 3.871GiB, 5.58%, 365kB / 362kB, 48.4MB / 17.9GB
[2J[HOK,13,2,78ec6374ecde, image-processing-pillow.1.do4fm5innb08ktbp7ruh062li, 391.40%, 221.1MiB / 3.871GiB, 5.58%, 365kB / 362kB, 48.4MB / 17.9GB
[2J[HOK,13,2,78ec6374ecde, image-processing-pillow.1.do4fm5innb08ktbp7ruh062li, 391.40%, 221.1MiB / 3.871GiB, 5.58%, 365kB / 362kB, 48.4MB / 17.9GB
[2J[HOK,13,2,78ec6374ecde, image-processing-pillow.1.do4fm5innb08ktbp7ruh062li, 389.27%, 221.1MiB / 3.871GiB, 5.58%, 365kB / 362kB, 48.4MB / 17.9GB
[2J[HOK,13,2,78ec6374ecde, image-processing-pillow.1.do4fm5innb08ktbp7ruh062li, 389.27%, 221.1MiB / 3.871GiB, 5.58%, 365kB / 362kB, 48.4MB / 17.9GB
[2J[HOK,13,2,78ec6374ecde, image-processing-pillow.1.do4fm5innb08ktbp7ruh062li, 374.54%, 221.2MiB / 3.871GiB, 5.58%, 365kB / 362kB, 48.4MB / 18GB
[2J[HOK,13,2,78ec6374ecde, image-processing-pillow.1.do4fm5innb08ktbp7ruh062li, 374.54%, 221.2MiB / 3.871GiB, 5.58%, 365kB / 362kB, 48.4MB / 18GB
[2J[HOK,13,2,78ec6374ecde, image-processing-pillow.1.do4fm5innb08ktbp7ruh062li, 385.33%, 221.2MiB / 3.871GiB, 5.58%, 365kB / 362kB, 48.4MB / 18GB
[2J[HOK,13,2,78ec6374ecde, image-processing-pillow.1.do4fm5innb08ktbp7ruh062li, 385.33%, 221.2MiB / 3.871GiB, 5.58%, 365kB / 362kB, 48.4MB / 18GB
[2J[HOK,13,2,78ec6374ecde, image-processing-pillow.1.do4fm5innb08ktbp7ruh062li, 390.61%, 221.1MiB / 3.871GiB, 5.58%, 365kB / 362kB, 48.4MB / 18GB
[2J[HOK,13,2,78ec6374ecde, image-processing-pillow.1.do4fm5innb08ktbp7ruh062li, 390.61%, 221.1MiB / 3.871GiB, 5.58%, 365kB / 362kB, 48.4MB / 18GB
[2J[HOK,13,2,78ec6374ecde, image-processing-pillow.1.do4fm5innb08ktbp7ruh062li, 382.11%, 221.1MiB / 3.871GiB, 5.58%, 365kB / 362kB, 48.4MB / 18GB
[2J[HOK,13,2,78ec6374ecde, image-processing-pillow.1.do4fm5innb08ktbp7ruh062li, 382.11%, 221.1MiB / 3.871GiB, 5.58%, 365kB / 362kB, 48.4MB / 18GB
[2J[HOK,13,2,78ec6374ecde, image-processing-pillow.1.do4fm5innb08ktbp7ruh062li, 387.13%, 221.1MiB / 3.871GiB, 5.58%, 365kB / 362kB, 48.4MB / 18GB
[2J[HOK,13,2,78ec6374ecde, image-processing-pillow.1.do4fm5innb08ktbp7ruh062li, 387.13%, 221.1MiB / 3.871GiB, 5.58%, 365kB / 362kB, 48.4MB / 18GB
[2J[HOK,13,2,78ec6374ecde, image-processing-pillow.1.do4fm5innb08ktbp7ruh062li, 390.22%, 221.1MiB / 3.871GiB, 5.58%, 365kB / 362kB, 48.4MB / 18GB
[2J[HOK,13,2,78ec6374ecde, image-processing-pillow.1.do4fm5innb08ktbp7ruh062li, 390.22%, 221.1MiB / 3.871GiB, 5.58%, 365kB / 362kB, 48.4MB / 18GB
[2J[HOK,13,2,78ec6374ecde, image-processing-pillow.1.do4fm5innb08ktbp7ruh062li, 385.07%, 221.1MiB / 3.871GiB, 5.58%, 365kB / 362kB, 48.4MB / 18GB
[2J[HOK,13,2,78ec6374ecde, image-processing-pillow.1.do4fm5innb08ktbp7ruh062li, 385.07%, 221.1MiB / 3.871GiB, 5.58%, 365kB / 362kB, 48.4MB / 18GB
[2J[HOK,13,2,78ec6374ecde, image-processing-pillow.1.do4fm5innb08ktbp7ruh062li, 371.58%, 220.9MiB / 3.871GiB, 5.57%, 365kB / 362kB, 48.4MB / 18GB
[2J[HOK,13,2,78ec6374ecde, image-processing-pillow.1.do4fm5innb08ktbp7ruh062li, 371.58%, 220.9MiB / 3.871GiB, 5.57%, 365kB / 362kB, 48.4MB / 18GB
[2J[HOK,13,2,78ec6374ecde, image-processing-pillow.1.do4fm5innb08ktbp7ruh062li, 391.81%, 221MiB / 3.871GiB, 5.58%, 365kB / 362kB, 48.4MB / 18GB
[2J[HOK,13,2,78ec6374ecde, image-processing-pillow.1.do4fm5innb08ktbp7ruh062li, 391.81%, 221MiB / 3.871GiB, 5.58%, 365kB / 362kB, 48.4MB / 18GB
[2J[HOK,13,2,78ec6374ecde, image-processing-pillow.1.do4fm5innb08ktbp7ruh062li, 391.33%, 221MiB / 3.871GiB, 5.58%, 365kB / 362kB, 48.4MB / 18GB
[2J[HOK,13,2,78ec6374ecde, image-processing-pillow.1.do4fm5innb08ktbp7ruh062li, 391.33%, 221MiB / 3.871GiB, 5.58%, 365kB / 362kB, 48.4MB / 18GB
[2J[HOK,13,2,78ec6374ecde, image-processing-pillow.1.do4fm5innb08ktbp7ruh062li, 391.33%, 221MiB / 3.871GiB, 5.58%, 365kB / 362kB, 48.4MB / 18GB
[2J[HOK,13,2,78ec6374ecde, image-processing-pillow.1.do4fm5innb08ktbp7ruh062li, 374.94%, 221.2MiB / 3.871GiB, 5.58%, 366kB / 363kB, 48.4MB / 18GB
[2J[HOK,13,2,78ec6374ecde, image-processing-pillow.1.do4fm5innb08ktbp7ruh062li, 374.94%, 221.2MiB / 3.871GiB, 5.58%, 366kB / 363kB, 48.4MB / 18GB
[2J[HOK,13,2,78ec6374ecde, image-processing-pillow.1.do4fm5innb08ktbp7ruh062li, 386.33%, 221.1MiB / 3.871GiB, 5.58%, 366kB / 363kB, 48.4MB / 18GB
[2J[HOK,13,2,78ec6374ecde, image-processing-pillow.1.do4fm5innb08ktbp7ruh062li, 386.33%, 221.1MiB / 3.871GiB, 5.58%, 366kB / 363kB, 48.4MB / 18GB
[2J[HOK,13,2,78ec6374ecde, image-processing-pillow.1.do4fm5innb08ktbp7ruh062li, 391.90%, 221MiB / 3.871GiB, 5.58%, 366kB / 363kB, 48.4MB / 18GB
[2J[HOK,13,2,78ec6374ecde, image-processing-pillow.1.do4fm5innb08ktbp7ruh062li, 391.90%, 221MiB / 3.871GiB, 5.58%, 366kB / 363kB, 48.4MB / 18GB
[2J[HOK,13,2,78ec6374ecde, image-processing-pillow.1.do4fm5innb08ktbp7ruh062li, 375.98%, 221MiB / 3.871GiB, 5.58%, 366kB / 363kB, 48.4MB / 18GB
[2J[HOK,13,2,78ec6374ecde, image-processing-pillow.1.do4fm5innb08ktbp7ruh062li, 375.98%, 221MiB / 3.871GiB, 5.58%, 366kB / 363kB, 48.4MB / 18GB
[2J[HOK,13,2,78ec6374ecde, image-processing-pillow.1.do4fm5innb08ktbp7ruh062li, 387.33%, 221MiB / 3.871GiB, 5.58%, 366kB / 363kB, 48.4MB / 18GB
[2J[HOK,13,2,78ec6374ecde, image-processing-pillow.1.do4fm5innb08ktbp7ruh062li, 387.33%, 221MiB / 3.871GiB, 5.58%, 366kB / 363kB, 48.4MB / 18GB
[2J[HOK,13,2,78ec6374ecde, image-processing-pillow.1.do4fm5innb08ktbp7ruh062li, 389.90%, 221.1MiB / 3.871GiB, 5.58%, 366kB / 363kB, 48.4MB / 18GB
[2J[HOK,13,2,78ec6374ecde, image-processing-pillow.1.do4fm5innb08ktbp7ruh062li, 389.90%, 221.1MiB / 3.871GiB, 5.58%, 366kB / 363kB, 48.4MB / 18GB
[2J[HOK,13,2,78ec6374ecde, image-processing-pillow.1.do4fm5innb08ktbp7ruh062li, 384.19%, 221.1MiB / 3.871GiB, 5.58%, 366kB / 363kB, 48.4MB / 18GB
[2J[HOK,13,2,78ec6374ecde, image-processing-pillow.1.do4fm5innb08ktbp7ruh062li, 384.19%, 221.1MiB / 3.871GiB, 5.58%, 366kB / 363kB, 48.4MB / 18GB
[2J[HOK,13,2,78ec6374ecde, image-processing-pillow.1.do4fm5innb08ktbp7ruh062li, 379.01%, 220.9MiB / 3.871GiB, 5.57%, 366kB / 363kB, 48.4MB / 18.1GB
[2J[HOK,13,2,78ec6374ecde, image-processing-pillow.1.do4fm5innb08ktbp7ruh062li, 379.01%, 220.9MiB / 3.871GiB, 5.57%, 366kB / 363kB, 48.4MB / 18.1GB
[2J[HOK,13,2,78ec6374ecde, image-processing-pillow.1.do4fm5innb08ktbp7ruh062li, 390.65%, 221.1MiB / 3.871GiB, 5.58%, 366kB / 363kB, 48.4MB / 18.1GB
[2J[HOK,13,2,78ec6374ecde, image-processing-pillow.1.do4fm5innb08ktbp7ruh062li, 390.65%, 221.1MiB / 3.871GiB, 5.58%, 366kB / 363kB, 48.4MB / 18.1GB
[2J[HOK,13,2,78ec6374ecde, image-processing-pillow.1.do4fm5innb08ktbp7ruh062li, 388.30%, 221MiB / 3.871GiB, 5.58%, 366kB / 363kB, 48.4MB / 18.1GB
[2J[HOK,13,2,78ec6374ecde, image-processing-pillow.1.do4fm5innb08ktbp7ruh062li, 388.30%, 221MiB / 3.871GiB, 5.58%, 366kB / 363kB, 48.4MB / 18.1GB
[2J[HOK,13,2,78ec6374ecde, image-processing-pillow.1.do4fm5innb08ktbp7ruh062li, 377.94%, 221.1MiB / 3.871GiB, 5.58%, 366kB / 363kB, 48.4MB / 18.1GB
[2J[HOK,13,2,78ec6374ecde, image-processing-pillow.1.do4fm5innb08ktbp7ruh062li, 377.94%, 221.1MiB / 3.871GiB, 5.58%, 366kB / 363kB, 48.4MB / 18.1GB
[2J[HOK,13,2,78ec6374ecde, image-processing-pillow.1.do4fm5innb08ktbp7ruh062li, 386.29%, 221.1MiB / 3.871GiB, 5.58%, 366kB / 363kB, 48.4MB / 18.1GB
[2J[HOK,13,2,78ec6374ecde, image-processing-pillow.1.do4fm5innb08ktbp7ruh062li, 386.29%, 221.1MiB / 3.871GiB, 5.58%, 366kB / 363kB, 48.4MB / 18.1GB
[2J[HOK,13,2,78ec6374ecde, image-processing-pillow.1.do4fm5innb08ktbp7ruh062li, 390.76%, 221MiB / 3.871GiB, 5.57%, 366kB / 363kB, 48.4MB / 18.1GB
[2J[HOK,13,2,78ec6374ecde, image-processing-pillow.1.do4fm5innb08ktbp7ruh062li, 390.76%, 221MiB / 3.871GiB, 5.57%, 366kB / 363kB, 48.4MB / 18.1GB
[2J[HOK,13,2,78ec6374ecde, image-processing-pillow.1.do4fm5innb08ktbp7ruh062li, 376.42%, 221MiB / 3.871GiB, 5.58%, 366kB / 363kB, 48.4MB / 18.1GB
[2J[HOK,13,2,78ec6374ecde, image-processing-pillow.1.do4fm5innb08ktbp7ruh062li, 376.42%, 221MiB / 3.871GiB, 5.58%, 366kB / 363kB, 48.4MB / 18.1GB
[2J[HOK,13,2,78ec6374ecde, image-processing-pillow.1.do4fm5innb08ktbp7ruh062li, 388.86%, 220.9MiB / 3.871GiB, 5.57%, 366kB / 363kB, 48.4MB / 18.1GB
[2J[HOK,13,2,78ec6374ecde, image-processing-pillow.1.do4fm5innb08ktbp7ruh062li, 388.86%, 220.9MiB / 3.871GiB, 5.57%, 366kB / 363kB, 48.4MB / 18.1GB
[2J[HOK,13,2,78ec6374ecde, image-processing-pillow.1.do4fm5innb08ktbp7ruh062li, 381.07%, 203.7MiB / 3.871GiB, 5.14%, 367kB / 364kB, 48.4MB / 18.1GB
[2J[HOK,13,2,78ec6374ecde, image-processing-pillow.1.do4fm5innb08ktbp7ruh062li, 381.07%, 203.7MiB / 3.871GiB, 5.14%, 367kB / 364kB, 48.4MB / 18.1GB
[2J[HOK,13,2,78ec6374ecde, image-processing-pillow.1.do4fm5innb08ktbp7ruh062li, 373.46%, 189.5MiB / 3.871GiB, 4.78%, 368kB / 365kB, 48.4MB / 18.1GB
[2J[HOK,13,2,78ec6374ecde, image-processing-pillow.1.do4fm5innb08ktbp7ruh062li, 373.46%, 189.5MiB / 3.871GiB, 4.78%, 368kB / 365kB, 48.4MB / 18.1GB
[2J[HOK,13,2,78ec6374ecde, image-processing-pillow.1.do4fm5innb08ktbp7ruh062li, 381.27%, 166.7MiB / 3.871GiB, 4.20%, 369kB / 366kB, 48.4MB / 18.1GB
[2J[HOK,13,2,78ec6374ecde, image-processing-pillow.1.do4fm5innb08ktbp7ruh062li, 381.27%, 166.7MiB / 3.871GiB, 4.20%, 369kB / 366kB, 48.4MB / 18.1GB
[2J[HOK,13,2,78ec6374ecde, image-processing-pillow.1.do4fm5innb08ktbp7ruh062li, 388.55%, 137MiB / 3.871GiB, 3.46%, 369kB / 367kB, 48.4MB / 18.1GB
[2J[HOK,13,2,78ec6374ecde, image-processing-pillow.1.do4fm5innb08ktbp7ruh062li, 388.55%, 137MiB / 3.871GiB, 3.46%, 369kB / 367kB, 48.4MB / 18.1GB
[2J[HOK,13,2,78ec6374ecde, image-processing-pillow.1.do4fm5innb08ktbp7ruh062li, 385.71%, 140.1MiB / 3.871GiB, 3.53%, 369kB / 367kB, 48.4MB / 18.1GB
[2J[HOK,13,2,78ec6374ecde, image-processing-pillow.1.do4fm5innb08ktbp7ruh062li, 385.71%, 140.1MiB / 3.871GiB, 3.53%, 369kB / 367kB, 48.4MB / 18.1GB
[2J[HOK,13,2,78ec6374ecde, image-processing-pillow.1.do4fm5innb08ktbp7ruh062li, 380.86%, 140.3MiB / 3.871GiB, 3.54%, 369kB / 367kB, 48.4MB / 18.1GB
[2J[HOK,13,2,78ec6374ecde, image-processing-pillow.1.do4fm5innb08ktbp7ruh062li, 380.86%, 140.3MiB / 3.871GiB, 3.54%, 369kB / 367kB, 48.4MB / 18.1GB
[2J[HOK,13,2,78ec6374ecde, image-processing-pillow.1.do4fm5innb08ktbp7ruh062li, 386.70%, 140.1MiB / 3.871GiB, 3.54%, 369kB / 367kB, 48.4MB / 18.1GB
[2J[HOK,13,2,78ec6374ecde, image-processing-pillow.1.do4fm5innb08ktbp7ruh062li, 386.70%, 140.1MiB / 3.871GiB, 3.54%, 369kB / 367kB, 48.4MB / 18.1GB
[2J[HOK,13,2,78ec6374ecde, image-processing-pillow.1.do4fm5innb08ktbp7ruh062li, 391.58%, 140.2MiB / 3.871GiB, 3.54%, 369kB / 367kB, 48.4MB / 18.1GB
[2J[HOK,13,2,78ec6374ecde, image-processing-pillow.1.do4fm5innb08ktbp7ruh062li, 391.58%, 140.2MiB / 3.871GiB, 3.54%, 369kB / 367kB, 48.4MB / 18.1GB
[2J[HOK,13,2,78ec6374ecde, image-processing-pillow.1.do4fm5innb08ktbp7ruh062li, 377.39%, 140.2MiB / 3.871GiB, 3.54%, 369kB / 367kB, 48.4MB / 18.1GB
[2J[HOK,13,2,78ec6374ecde, image-processing-pillow.1.do4fm5innb08ktbp7ruh062li, 377.39%, 140.2MiB / 3.871GiB, 3.54%, 369kB / 367kB, 48.4MB / 18.1GB
[2J[HOK,13,2,78ec6374ecde, image-processing-pillow.1.do4fm5innb08ktbp7ruh062li, 388.45%, 140.1MiB / 3.871GiB, 3.54%, 369kB / 367kB, 48.4MB / 18.1GB
[2J[HOK,13,2,78ec6374ecde, image-processing-pillow.1.do4fm5innb08ktbp7ruh062li, 388.45%, 140.1MiB / 3.871GiB, 3.54%, 369kB / 367kB, 48.4MB / 18.1GB
[2J[HOK,13,2,78ec6374ecde, image-processing-pillow.1.do4fm5innb08ktbp7ruh062li, 391.01%, 140.1MiB / 3.871GiB, 3.54%, 369kB / 367kB, 48.4MB / 18.2GB
[2J[HOK,13,2,78ec6374ecde, image-processing-pillow.1.do4fm5innb08ktbp7ruh062li, 391.01%, 140.1MiB / 3.871GiB, 3.54%, 369kB / 367kB, 48.4MB / 18.2GB
[2J[HOK,13,2,78ec6374ecde, image-processing-pillow.1.do4fm5innb08ktbp7ruh062li, 370.38%, 140.2MiB / 3.871GiB, 3.54%, 369kB / 367kB, 48.4MB / 18.2GB
[2J[HOK,13,2,78ec6374ecde, image-processing-pillow.1.do4fm5innb08ktbp7ruh062li, 370.38%, 140.2MiB / 3.871GiB, 3.54%, 369kB / 367kB, 48.4MB / 18.2GB
[2J[HOK,13,2,78ec6374ecde, image-processing-pillow.1.do4fm5innb08ktbp7ruh062li, 390.55%, 140.2MiB / 3.871GiB, 3.54%, 369kB / 367kB, 48.4MB / 18.2GB
[2J[HOK,13,2,78ec6374ecde, image-processing-pillow.1.do4fm5innb08ktbp7ruh062li, 390.55%, 140.2MiB / 3.871GiB, 3.54%, 369kB / 367kB, 48.4MB / 18.2GB
[2J[HOK,13,2,78ec6374ecde, image-processing-pillow.1.do4fm5innb08ktbp7ruh062li, 391.56%, 140.2MiB / 3.871GiB, 3.54%, 369kB / 367kB, 48.4MB / 18.2GB
[2J[HOK,13,2,78ec6374ecde, image-processing-pillow.1.do4fm5innb08ktbp7ruh062li, 391.56%, 140.2MiB / 3.871GiB, 3.54%, 369kB / 367kB, 48.4MB / 18.2GB
[2J[HOK,13,2,78ec6374ecde, image-processing-pillow.1.do4fm5innb08ktbp7ruh062li, 354.89%, 140.2MiB / 3.871GiB, 3.54%, 369kB / 367kB, 48.4MB / 18.2GB
[2J[HOK,13,2,78ec6374ecde, image-processing-pillow.1.do4fm5innb08ktbp7ruh062li, 354.89%, 140.2MiB / 3.871GiB, 3.54%, 369kB / 367kB, 48.4MB / 18.2GB
[2J[HOK,13,2,78ec6374ecde, image-processing-pillow.1.do4fm5innb08ktbp7ruh062li, 390.42%, 140.2MiB / 3.871GiB, 3.54%, 369kB / 367kB, 48.4MB / 18.2GB
[2J[HOK,13,2,78ec6374ecde, image-processing-pillow.1.do4fm5innb08ktbp7ruh062li, 390.42%, 140.2MiB / 3.871GiB, 3.54%, 369kB / 367kB, 48.4MB / 18.2GB
[2J[HOK,13,2,78ec6374ecde, image-processing-pillow.1.do4fm5innb08ktbp7ruh062li, 385.90%, 140.2MiB / 3.871GiB, 3.54%, 369kB / 368kB, 48.4MB / 18.2GB
[2J[HOK,13,2,78ec6374ecde, image-processing-pillow.1.do4fm5innb08ktbp7ruh062li, 385.90%, 140.2MiB / 3.871GiB, 3.54%, 369kB / 368kB, 48.4MB / 18.2GB
[2J[HOK,13,2,78ec6374ecde, image-processing-pillow.1.do4fm5innb08ktbp7ruh062li, 388.71%, 140MiB / 3.871GiB, 3.53%, 369kB / 368kB, 48.4MB / 18.2GB
[2J[HOK,13,2,78ec6374ecde, image-processing-pillow.1.do4fm5innb08ktbp7ruh062li, 388.71%, 140MiB / 3.871GiB, 3.53%, 369kB / 368kB, 48.4MB / 18.2GB
[2J[HOK,13,2,78ec6374ecde, image-processing-pillow.1.do4fm5innb08ktbp7ruh062li, 381.63%, 140.3MiB / 3.871GiB, 3.54%, 370kB / 368kB, 48.4MB / 18.2GB
[2J[HOK,13,2,78ec6374ecde, image-processing-pillow.1.do4fm5innb08ktbp7ruh062li, 381.63%, 140.3MiB / 3.871GiB, 3.54%, 370kB / 368kB, 48.4MB / 18.2GB
[2J[HOK,13,2,78ec6374ecde, image-processing-pillow.1.do4fm5innb08ktbp7ruh062li, 386.18%, 140.1MiB / 3.871GiB, 3.54%, 370kB / 368kB, 48.4MB / 18.2GB
[2J[HOK,13,2,78ec6374ecde, image-processing-pillow.1.do4fm5innb08ktbp7ruh062li, 386.18%, 140.1MiB / 3.871GiB, 3.54%, 370kB / 368kB, 48.4MB / 18.2GB
[2J[HOK,13,2,78ec6374ecde, image-processing-pillow.1.do4fm5innb08ktbp7ruh062li, 389.36%, 140.2MiB / 3.871GiB, 3.54%, 370kB / 368kB, 48.4MB / 18.2GB
[2J[HOK,13,2,78ec6374ecde, image-processing-pillow.1.do4fm5innb08ktbp7ruh062li, 389.36%, 140.2MiB / 3.871GiB, 3.54%, 370kB / 368kB, 48.4MB / 18.2GB
[2J[HOK,13,2,78ec6374ecde, image-processing-pillow.1.do4fm5innb08ktbp7ruh062li, 376.34%, 140.2MiB / 3.871GiB, 3.54%, 370kB / 368kB, 48.4MB / 18.2GB
[2J[HOK,13,2,78ec6374ecde, image-processing-pillow.1.do4fm5innb08ktbp7ruh062li, 376.34%, 140.2MiB / 3.871GiB, 3.54%, 370kB / 368kB, 48.4MB / 18.2GB
[2J[HOK,13,2,78ec6374ecde, image-processing-pillow.1.do4fm5innb08ktbp7ruh062li, 382.85%, 140.2MiB / 3.871GiB, 3.54%, 370kB / 368kB, 48.4MB / 18.2GB
[2J[HOK,13,2,78ec6374ecde, image-processing-pillow.1.do4fm5innb08ktbp7ruh062li, 382.85%, 140.2MiB / 3.871GiB, 3.54%, 370kB / 368kB, 48.4MB / 18.2GB
[2J[HOK,13,2,78ec6374ecde, image-processing-pillow.1.do4fm5innb08ktbp7ruh062li, 390.03%, 140.1MiB / 3.871GiB, 3.53%, 370kB / 368kB, 48.4MB / 18.2GB
[2J[HOK,13,2,78ec6374ecde, image-processing-pillow.1.do4fm5innb08ktbp7ruh062li, 390.03%, 140.1MiB / 3.871GiB, 3.53%, 370kB / 368kB, 48.4MB / 18.2GB
[2J[HOK,13,2,78ec6374ecde, image-processing-pillow.1.do4fm5innb08ktbp7ruh062li, 375.18%, 140.2MiB / 3.871GiB, 3.54%, 370kB / 368kB, 48.4MB / 18.2GB
[2J[HOK,13,2,78ec6374ecde, image-processing-pillow.1.do4fm5innb08ktbp7ruh062li, 375.18%, 140.2MiB / 3.871GiB, 3.54%, 370kB / 368kB, 48.4MB / 18.2GB
[2J[HOK,13,2,78ec6374ecde, image-processing-pillow.1.do4fm5innb08ktbp7ruh062li, 392.66%, 140.2MiB / 3.871GiB, 3.54%, 370kB / 368kB, 48.4MB / 18.3GB
[2J[HOK,13,2,78ec6374ecde, image-processing-pillow.1.do4fm5innb08ktbp7ruh062li, 392.66%, 140.2MiB / 3.871GiB, 3.54%, 370kB / 368kB, 48.4MB / 18.3GB
[2J[HOK,13,2,78ec6374ecde, image-processing-pillow.1.do4fm5innb08ktbp7ruh062li, 387.26%, 140.3MiB / 3.871GiB, 3.54%, 370kB / 368kB, 48.4MB / 18.3GB
[2J[HOK,13,2,78ec6374ecde, image-processing-pillow.1.do4fm5innb08ktbp7ruh062li, 387.26%, 140.3MiB / 3.871GiB, 3.54%, 370kB / 368kB, 48.4MB / 18.3GB
[2J[HOK,13,2,78ec6374ecde, image-processing-pillow.1.do4fm5innb08ktbp7ruh062li, 374.66%, 140.3MiB / 3.871GiB, 3.54%, 370kB / 368kB, 48.4MB / 18.3GB
[2J[HOK,13,2,78ec6374ecde, image-processing-pillow.1.do4fm5innb08ktbp7ruh062li, 374.66%, 140.3MiB / 3.871GiB, 3.54%, 370kB / 368kB, 48.4MB / 18.3GB
[2J[HOK,13,2,78ec6374ecde, image-processing-pillow.1.do4fm5innb08ktbp7ruh062li, 389.34%, 140.2MiB / 3.871GiB, 3.54%, 370kB / 368kB, 48.4MB / 18.3GB
[2J[HOK,13,2,78ec6374ecde, image-processing-pillow.1.do4fm5innb08ktbp7ruh062li, 389.34%, 140.2MiB / 3.871GiB, 3.54%, 370kB / 368kB, 48.4MB / 18.3GB
[2J[HOK,13,2,78ec6374ecde, image-processing-pillow.1.do4fm5innb08ktbp7ruh062li, 390.21%, 117MiB / 3.871GiB, 2.95%, 370kB / 369kB, 48.4MB / 18.3GB
[2J[HOK,13,2,78ec6374ecde, image-processing-pillow.1.do4fm5innb08ktbp7ruh062li, 390.21%, 117MiB / 3.871GiB, 2.95%, 370kB / 369kB, 48.4MB / 18.3GB
[2J[HOK,13,2,78ec6374ecde, image-processing-pillow.1.do4fm5innb08ktbp7ruh062li, 347.74%, 85.41MiB / 3.871GiB, 2.15%, 370kB / 369kB, 48.4MB / 18.3GB
