[2J[Hok, e2c591023616, image-processing-pillow.1.vbofsbhujw99v6qhbb04viiyh, 0.00%, 2.957MiB / 3.871GiB, 0.07%, 90B / 0B, 0B / 0B, 8
[2J[Hok, e2c591023616, image-processing-pillow.1.vbofsbhujw99v6qhbb04viiyh, 0.00%, 2.957MiB / 3.871GiB, 0.07%, 90B / 0B, 0B / 0B, 8
[2J[Hok, e2c591023616, image-processing-pillow.1.vbofsbhujw99v6qhbb04viiyh, 0.00%, 2.957MiB / 3.871GiB, 0.07%, 258B / 0B, 0B / 0B, 8
[2J[Hok, e2c591023616, image-processing-pillow.1.vbofsbhujw99v6qhbb04viiyh, 0.00%, 2.957MiB / 3.871GiB, 0.07%, 258B / 0B, 0B / 0B, 8
[2J[Hok, e2c591023616, image-processing-pillow.1.vbofsbhujw99v6qhbb04viiyh, 0.00%, 2.957MiB / 3.871GiB, 0.07%, 1.54kB / 0B, 0B / 0B, 8
[2J[Hok, e2c591023616, image-processing-pillow.1.vbofsbhujw99v6qhbb04viiyh, 0.00%, 2.957MiB / 3.871GiB, 0.07%, 1.54kB / 0B, 0B / 0B, 8
[2J[Hok, e2c591023616, image-processing-pillow.1.vbofsbhujw99v6qhbb04viiyh, 4.20%, 2.996MiB / 3.871GiB, 0.08%, 1.73kB / 0B, 0B / 0B, 8
[2J[Hok, e2c591023616, image-processing-pillow.1.vbofsbhujw99v6qhbb04viiyh, 4.20%, 2.996MiB / 3.871GiB, 0.08%, 1.73kB / 0B, 0B / 0B, 8
[2J[Hok, e2c591023616, image-processing-pillow.1.vbofsbhujw99v6qhbb04viiyh, 71.58%, 11.59MiB / 3.871GiB, 0.29%, 2.17kB / 182B, 0B / 0B, 10
[2J[Hok, e2c591023616, image-processing-pillow.1.vbofsbhujw99v6qhbb04viiyh, 71.58%, 11.59MiB / 3.871GiB, 0.29%, 2.17kB / 182B, 0B / 0B, 10
[2J[Hok, e2c591023616, image-processing-pillow.1.vbofsbhujw99v6qhbb04viiyh, 99.00%, 14.72MiB / 3.871GiB, 0.37%, 2.17kB / 182B, 0B / 0B, 10
[2J[Hok, e2c591023616, image-processing-pillow.1.vbofsbhujw99v6qhbb04viiyh, 99.00%, 14.72MiB / 3.871GiB, 0.37%, 2.17kB / 182B, 0B / 0B, 10
[2J[Hok, e2c591023616, image-processing-pillow.1.vbofsbhujw99v6qhbb04viiyh, 103.15%, 15.06MiB / 3.871GiB, 0.38%, 2.44kB / 182B, 0B / 0B, 17
[2J[Hok, e2c591023616, image-processing-pillow.1.vbofsbhujw99v6qhbb04viiyh, 103.15%, 15.06MiB / 3.871GiB, 0.38%, 2.44kB / 182B, 0B / 0B, 17
[2J[Hok, e2c591023616, image-processing-pillow.1.vbofsbhujw99v6qhbb04viiyh, 98.53%, 15.17MiB / 3.871GiB, 0.38%, 2.44kB / 182B, 0B / 0B, 10
[2J[Hok, e2c591023616, image-processing-pillow.1.vbofsbhujw99v6qhbb04viiyh, 98.53%, 15.17MiB / 3.871GiB, 0.38%, 2.44kB / 182B, 0B / 0B, 10
[2J[Hok, e2c591023616, image-processing-pillow.1.vbofsbhujw99v6qhbb04viiyh, 97.88%, 15.31MiB / 3.871GiB, 0.39%, 2.44kB / 182B, 0B / 0B, 10
[2J[Hok, e2c591023616, image-processing-pillow.1.vbofsbhujw99v6qhbb04viiyh, 97.88%, 15.31MiB / 3.871GiB, 0.39%, 2.44kB / 182B, 0B / 0B, 10
[2J[Hok, e2c591023616, image-processing-pillow.1.vbofsbhujw99v6qhbb04viiyh, 99.63%, 15.44MiB / 3.871GiB, 0.39%, 2.48kB / 224B, 0B / 0B, 10
[2J[Hok, e2c591023616, image-processing-pillow.1.vbofsbhujw99v6qhbb04viiyh, 99.63%, 15.44MiB / 3.871GiB, 0.39%, 2.48kB / 224B, 0B / 0B, 10
[2J[Hok, e2c591023616, image-processing-pillow.1.vbofsbhujw99v6qhbb04viiyh, 104.00%, 15.63MiB / 3.871GiB, 0.39%, 2.48kB / 224B, 0B / 0B, 10
[2J[Hok, e2c591023616, image-processing-pillow.1.vbofsbhujw99v6qhbb04viiyh, 104.00%, 15.63MiB / 3.871GiB, 0.39%, 2.48kB / 224B, 0B / 0B, 10
[2J[Hok, e2c591023616, image-processing-pillow.1.vbofsbhujw99v6qhbb04viiyh, 98.43%, 15.8MiB / 3.871GiB, 0.40%, 2.48kB / 224B, 0B / 0B, 10
[2J[Hok, e2c591023616, image-processing-pillow.1.vbofsbhujw99v6qhbb04viiyh, 98.43%, 15.8MiB / 3.871GiB, 0.40%, 2.48kB / 224B, 0B / 0B, 10
[2J[Hok, e2c591023616, image-processing-pillow.1.vbofsbhujw99v6qhbb04viiyh, 99.00%, 16MiB / 3.871GiB, 0.40%, 2.48kB / 224B, 0B / 0B, 10
[2J[Hok, e2c591023616, image-processing-pillow.1.vbofsbhujw99v6qhbb04viiyh, 99.00%, 16MiB / 3.871GiB, 0.40%, 2.48kB / 224B, 0B / 0B, 10
[2J[Hok, e2c591023616, image-processing-pillow.1.vbofsbhujw99v6qhbb04viiyh, 102.76%, 16.02MiB / 3.871GiB, 0.40%, 2.48kB / 224B, 0B / 0B, 10
[2J[Hok, e2c591023616, image-processing-pillow.1.vbofsbhujw99v6qhbb04viiyh, 102.76%, 16.02MiB / 3.871GiB, 0.40%, 2.48kB / 224B, 0B / 0B, 10
[2J[Hok, e2c591023616, image-processing-pillow.1.vbofsbhujw99v6qhbb04viiyh, 98.47%, 16.24MiB / 3.871GiB, 0.41%, 2.55kB / 224B, 0B / 0B, 10
[2J[Hok, e2c591023616, image-processing-pillow.1.vbofsbhujw99v6qhbb04viiyh, 98.47%, 16.24MiB / 3.871GiB, 0.41%, 2.55kB / 224B, 0B / 0B, 10
[2J[Hok, e2c591023616, image-processing-pillow.1.vbofsbhujw99v6qhbb04viiyh, 98.60%, 16.36MiB / 3.871GiB, 0.41%, 2.55kB / 224B, 0B / 0B, 10
[2J[Hok, e2c591023616, image-processing-pillow.1.vbofsbhujw99v6qhbb04viiyh, 98.60%, 16.36MiB / 3.871GiB, 0.41%, 2.55kB / 224B, 0B / 0B, 10
[2J[Hok, e2c591023616, image-processing-pillow.1.vbofsbhujw99v6qhbb04viiyh, 102.24%, 16.57MiB / 3.871GiB, 0.42%, 2.55kB / 224B, 0B / 0B, 10
[2J[Hok, e2c591023616, image-processing-pillow.1.vbofsbhujw99v6qhbb04viiyh, 102.24%, 16.57MiB / 3.871GiB, 0.42%, 2.55kB / 224B, 0B / 0B, 10
[2J[Hok, e2c591023616, image-processing-pillow.1.vbofsbhujw99v6qhbb04viiyh, 100.81%, 16.61MiB / 3.871GiB, 0.42%, 2.55kB / 224B, 0B / 0B, 10
[2J[Hok, e2c591023616, image-processing-pillow.1.vbofsbhujw99v6qhbb04viiyh, 100.81%, 16.61MiB / 3.871GiB, 0.42%, 2.55kB / 224B, 0B / 0B, 10
[2J[Hok, e2c591023616, image-processing-pillow.1.vbofsbhujw99v6qhbb04viiyh, 97.76%, 16.88MiB / 3.871GiB, 0.43%, 2.55kB / 224B, 0B / 0B, 10
[2J[Hok, e2c591023616, image-processing-pillow.1.vbofsbhujw99v6qhbb04viiyh, 97.76%, 16.88MiB / 3.871GiB, 0.43%, 2.55kB / 224B, 0B / 0B, 10
[2J[Hok, e2c591023616, image-processing-pillow.1.vbofsbhujw99v6qhbb04viiyh, 104.10%, 16.91MiB / 3.871GiB, 0.43%, 2.62kB / 290B, 0B / 0B, 10
[2J[Hok, e2c591023616, image-processing-pillow.1.vbofsbhujw99v6qhbb04viiyh, 104.10%, 16.91MiB / 3.871GiB, 0.43%, 2.62kB / 290B, 0B / 0B, 10
[2J[Hok, e2c591023616, image-processing-pillow.1.vbofsbhujw99v6qhbb04viiyh, 98.29%, 17.03MiB / 3.871GiB, 0.43%, 2.62kB / 290B, 0B / 0B, 10
[2J[Hok, e2c591023616, image-processing-pillow.1.vbofsbhujw99v6qhbb04viiyh, 98.29%, 17.03MiB / 3.871GiB, 0.43%, 2.62kB / 290B, 0B / 0B, 10
[2J[Hok, e2c591023616, image-processing-pillow.1.vbofsbhujw99v6qhbb04viiyh, 100.30%, 17.25MiB / 3.871GiB, 0.44%, 2.62kB / 290B, 0B / 0B, 10
[2J[Hok, e2c591023616, image-processing-pillow.1.vbofsbhujw99v6qhbb04viiyh, 100.30%, 17.25MiB / 3.871GiB, 0.44%, 2.62kB / 290B, 0B / 0B, 10
[2J[Hok, e2c591023616, image-processing-pillow.1.vbofsbhujw99v6qhbb04viiyh, 99.50%, 10.89MiB / 3.871GiB, 0.27%, 2.94kB / 606B, 0B / 0B, 10
[2J[Hok, e2c591023616, image-processing-pillow.1.vbofsbhujw99v6qhbb04viiyh, 99.50%, 10.89MiB / 3.871GiB, 0.27%, 2.94kB / 606B, 0B / 0B, 10
[2J[Hok, e2c591023616, image-processing-pillow.1.vbofsbhujw99v6qhbb04viiyh, 101.71%, 17.79MiB / 3.871GiB, 0.45%, 2.94kB / 606B, 0B / 512kB, 10
[2J[Hok, e2c591023616, image-processing-pillow.1.vbofsbhujw99v6qhbb04viiyh, 101.71%, 17.79MiB / 3.871GiB, 0.45%, 2.94kB / 606B, 0B / 512kB, 10
[2J[Hok, e2c591023616, image-processing-pillow.1.vbofsbhujw99v6qhbb04viiyh, 95.29%, 17.84MiB / 3.871GiB, 0.45%, 2.94kB / 606B, 0B / 2.12MB, 10
[2J[Hok, e2c591023616, image-processing-pillow.1.vbofsbhujw99v6qhbb04viiyh, 95.29%, 17.84MiB / 3.871GiB, 0.45%, 2.94kB / 606B, 0B / 2.12MB, 10
[2J[Hok, e2c591023616, image-processing-pillow.1.vbofsbhujw99v6qhbb04viiyh, 102.51%, 17.79MiB / 3.871GiB, 0.45%, 2.94kB / 606B, 0B / 3.9MB, 10
[2J[Hok, e2c591023616, image-processing-pillow.1.vbofsbhujw99v6qhbb04viiyh, 102.51%, 17.79MiB / 3.871GiB, 0.45%, 2.94kB / 606B, 0B / 3.9MB, 10
[2J[Hok, e2c591023616, image-processing-pillow.1.vbofsbhujw99v6qhbb04viiyh, 97.45%, 17.84MiB / 3.871GiB, 0.45%, 2.94kB / 606B, 0B / 5.57MB, 10
[2J[Hok, e2c591023616, image-processing-pillow.1.vbofsbhujw99v6qhbb04viiyh, 97.45%, 17.84MiB / 3.871GiB, 0.45%, 2.94kB / 606B, 0B / 5.57MB, 10
[2J[Hok, e2c591023616, image-processing-pillow.1.vbofsbhujw99v6qhbb04viiyh, 99.78%, 17.84MiB / 3.871GiB, 0.45%, 2.94kB / 606B, 0B / 7.31MB, 10
[2J[Hok, e2c591023616, image-processing-pillow.1.vbofsbhujw99v6qhbb04viiyh, 99.78%, 17.84MiB / 3.871GiB, 0.45%, 2.94kB / 606B, 0B / 7.31MB, 10
[2J[Hok, e2c591023616, image-processing-pillow.1.vbofsbhujw99v6qhbb04viiyh, 99.13%, 17.9MiB / 3.871GiB, 0.45%, 2.94kB / 606B, 0B / 9.08MB, 10
[2J[Hok, e2c591023616, image-processing-pillow.1.vbofsbhujw99v6qhbb04viiyh, 99.13%, 17.9MiB / 3.871GiB, 0.45%, 2.94kB / 606B, 0B / 9.08MB, 10
[2J[Hok, e2c591023616, image-processing-pillow.1.vbofsbhujw99v6qhbb04viiyh, 104.45%, 17.83MiB / 3.871GiB, 0.45%, 2.94kB / 606B, 0B / 10.8MB, 10
[2J[Hok, e2c591023616, image-processing-pillow.1.vbofsbhujw99v6qhbb04viiyh, 104.45%, 17.83MiB / 3.871GiB, 0.45%, 2.94kB / 606B, 0B / 10.8MB, 10
[2J[Hok, e2c591023616, image-processing-pillow.1.vbofsbhujw99v6qhbb04viiyh, 99.17%, 17.87MiB / 3.871GiB, 0.45%, 2.94kB / 606B, 0B / 12.6MB, 10
[2J[Hok, e2c591023616, image-processing-pillow.1.vbofsbhujw99v6qhbb04viiyh, 99.17%, 17.87MiB / 3.871GiB, 0.45%, 2.94kB / 606B, 0B / 12.6MB, 10
[2J[Hok, e2c591023616, image-processing-pillow.1.vbofsbhujw99v6qhbb04viiyh, 102.11%, 17.8MiB / 3.871GiB, 0.45%, 2.94kB / 606B, 0B / 14.4MB, 10
[2J[Hok, e2c591023616, image-processing-pillow.1.vbofsbhujw99v6qhbb04viiyh, 102.11%, 17.8MiB / 3.871GiB, 0.45%, 2.94kB / 606B, 0B / 14.4MB, 10
[2J[Hok, e2c591023616, image-processing-pillow.1.vbofsbhujw99v6qhbb04viiyh, 105.61%, 17.87MiB / 3.871GiB, 0.45%, 3.01kB / 606B, 0B / 16.1MB, 10
[2J[Hok, e2c591023616, image-processing-pillow.1.vbofsbhujw99v6qhbb04viiyh, 105.61%, 17.87MiB / 3.871GiB, 0.45%, 3.01kB / 606B, 0B / 16.1MB, 10
[2J[Hok, e2c591023616, image-processing-pillow.1.vbofsbhujw99v6qhbb04viiyh, 99.15%, 17.86MiB / 3.871GiB, 0.45%, 3.01kB / 606B, 0B / 18MB, 10
[2J[Hok, e2c591023616, image-processing-pillow.1.vbofsbhujw99v6qhbb04viiyh, 99.15%, 17.86MiB / 3.871GiB, 0.45%, 3.01kB / 606B, 0B / 18MB, 10
[2J[Hok, e2c591023616, image-processing-pillow.1.vbofsbhujw99v6qhbb04viiyh, 101.37%, 17.83MiB / 3.871GiB, 0.45%, 3.01kB / 606B, 0B / 19.6MB, 10
[2J[Hok, e2c591023616, image-processing-pillow.1.vbofsbhujw99v6qhbb04viiyh, 101.37%, 17.83MiB / 3.871GiB, 0.45%, 3.01kB / 606B, 0B / 19.6MB, 10
[2J[Hok, e2c591023616, image-processing-pillow.1.vbofsbhujw99v6qhbb04viiyh, 104.16%, 17.84MiB / 3.871GiB, 0.45%, 3.01kB / 606B, 0B / 21.4MB, 10
[2J[Hok, e2c591023616, image-processing-pillow.1.vbofsbhujw99v6qhbb04viiyh, 104.16%, 17.84MiB / 3.871GiB, 0.45%, 3.01kB / 606B, 0B / 21.4MB, 10
[2J[Hok, e2c591023616, image-processing-pillow.1.vbofsbhujw99v6qhbb04viiyh, 99.27%, 17.81MiB / 3.871GiB, 0.45%, 3.01kB / 606B, 0B / 23.1MB, 10
[2J[Hok, e2c591023616, image-processing-pillow.1.vbofsbhujw99v6qhbb04viiyh, 99.27%, 17.81MiB / 3.871GiB, 0.45%, 3.01kB / 606B, 0B / 23.1MB, 10
[2J[Hok, e2c591023616, image-processing-pillow.1.vbofsbhujw99v6qhbb04viiyh, 98.96%, 17.87MiB / 3.871GiB, 0.45%, 3.07kB / 672B, 0B / 24.9MB, 10
[2J[Hok, e2c591023616, image-processing-pillow.1.vbofsbhujw99v6qhbb04viiyh, 98.96%, 17.87MiB / 3.871GiB, 0.45%, 3.07kB / 672B, 0B / 24.9MB, 10
[2J[Hok, e2c591023616, image-processing-pillow.1.vbofsbhujw99v6qhbb04viiyh, 104.35%, 17.89MiB / 3.871GiB, 0.45%, 3.07kB / 672B, 0B / 26.6MB, 10
[2J[Hok, e2c591023616, image-processing-pillow.1.vbofsbhujw99v6qhbb04viiyh, 104.35%, 17.89MiB / 3.871GiB, 0.45%, 3.07kB / 672B, 0B / 26.6MB, 10
[2J[Hok, e2c591023616, image-processing-pillow.1.vbofsbhujw99v6qhbb04viiyh, 100.78%, 17.91MiB / 3.871GiB, 0.45%, 3.07kB / 672B, 0B / 28.3MB, 10
[2J[Hok, e2c591023616, image-processing-pillow.1.vbofsbhujw99v6qhbb04viiyh, 100.78%, 17.91MiB / 3.871GiB, 0.45%, 3.07kB / 672B, 0B / 28.3MB, 10
[2J[Hok, e2c591023616, image-processing-pillow.1.vbofsbhujw99v6qhbb04viiyh, 99.65%, 17.89MiB / 3.871GiB, 0.45%, 3.07kB / 672B, 0B / 30MB, 10
[2J[Hok, e2c591023616, image-processing-pillow.1.vbofsbhujw99v6qhbb04viiyh, 99.65%, 17.89MiB / 3.871GiB, 0.45%, 3.07kB / 672B, 0B / 30MB, 10
[2J[Hok, e2c591023616, image-processing-pillow.1.vbofsbhujw99v6qhbb04viiyh, 102.79%, 14.19MiB / 3.871GiB, 0.36%, 3.33kB / 988B, 0B / 30.8MB, 12
[2J[Hok, e2c591023616, image-processing-pillow.1.vbofsbhujw99v6qhbb04viiyh, 102.79%, 14.19MiB / 3.871GiB, 0.36%, 3.33kB / 988B, 0B / 30.8MB, 12
[2J[Hok, e2c591023616, image-processing-pillow.1.vbofsbhujw99v6qhbb04viiyh, 98.19%, 18.08MiB / 3.871GiB, 0.46%, 3.33kB / 988B, 0B / 31.8MB, 12
[2J[Hok, e2c591023616, image-processing-pillow.1.vbofsbhujw99v6qhbb04viiyh, 98.19%, 18.08MiB / 3.871GiB, 0.46%, 3.33kB / 988B, 0B / 31.8MB, 12
[2J[Hok, e2c591023616, image-processing-pillow.1.vbofsbhujw99v6qhbb04viiyh, 99.93%, 18.08MiB / 3.871GiB, 0.46%, 3.33kB / 988B, 0B / 33.5MB, 12
[2J[Hok, e2c591023616, image-processing-pillow.1.vbofsbhujw99v6qhbb04viiyh, 99.93%, 18.08MiB / 3.871GiB, 0.46%, 3.33kB / 988B, 0B / 33.5MB, 12
[2J[Hok, e2c591023616, image-processing-pillow.1.vbofsbhujw99v6qhbb04viiyh, 103.68%, 18.07MiB / 3.871GiB, 0.46%, 3.33kB / 988B, 0B / 35.3MB, 12
[2J[Hok, e2c591023616, image-processing-pillow.1.vbofsbhujw99v6qhbb04viiyh, 103.68%, 18.07MiB / 3.871GiB, 0.46%, 3.33kB / 988B, 0B / 35.3MB, 12
[2J[Hok, e2c591023616, image-processing-pillow.1.vbofsbhujw99v6qhbb04viiyh, 98.05%, 18.05MiB / 3.871GiB, 0.46%, 3.33kB / 988B, 0B / 37MB, 12
[2J[Hok, e2c591023616, image-processing-pillow.1.vbofsbhujw99v6qhbb04viiyh, 98.05%, 18.05MiB / 3.871GiB, 0.46%, 3.33kB / 988B, 0B / 37MB, 12
[2J[Hok, e2c591023616, image-processing-pillow.1.vbofsbhujw99v6qhbb04viiyh, 99.71%, 18.1MiB / 3.871GiB, 0.46%, 3.33kB / 988B, 0B / 38.7MB, 12
[2J[Hok, e2c591023616, image-processing-pillow.1.vbofsbhujw99v6qhbb04viiyh, 99.71%, 18.1MiB / 3.871GiB, 0.46%, 3.33kB / 988B, 0B / 38.7MB, 12
[2J[Hok, e2c591023616, image-processing-pillow.1.vbofsbhujw99v6qhbb04viiyh, 98.32%, 18MiB / 3.871GiB, 0.45%, 3.33kB / 988B, 0B / 40.5MB, 12
[2J[Hok, e2c591023616, image-processing-pillow.1.vbofsbhujw99v6qhbb04viiyh, 98.32%, 18MiB / 3.871GiB, 0.45%, 3.33kB / 988B, 0B / 40.5MB, 12
[2J[Hok, e2c591023616, image-processing-pillow.1.vbofsbhujw99v6qhbb04viiyh, 104.26%, 18.02MiB / 3.871GiB, 0.45%, 3.33kB / 988B, 0B / 42.1MB, 12
[2J[Hok, e2c591023616, image-processing-pillow.1.vbofsbhujw99v6qhbb04viiyh, 104.26%, 18.02MiB / 3.871GiB, 0.45%, 3.33kB / 988B, 0B / 42.1MB, 12
[2J[Hok, e2c591023616, image-processing-pillow.1.vbofsbhujw99v6qhbb04viiyh, 98.84%, 18.02MiB / 3.871GiB, 0.45%, 3.33kB / 988B, 0B / 43.9MB, 12
[2J[Hok, e2c591023616, image-processing-pillow.1.vbofsbhujw99v6qhbb04viiyh, 98.84%, 18.02MiB / 3.871GiB, 0.45%, 3.33kB / 988B, 0B / 43.9MB, 12
[2J[Hok, e2c591023616, image-processing-pillow.1.vbofsbhujw99v6qhbb04viiyh, 99.77%, 18.05MiB / 3.871GiB, 0.46%, 3.33kB / 988B, 0B / 45.7MB, 12
[2J[Hok, e2c591023616, image-processing-pillow.1.vbofsbhujw99v6qhbb04viiyh, 99.77%, 18.05MiB / 3.871GiB, 0.46%, 3.33kB / 988B, 0B / 45.7MB, 12
[2J[Hok, e2c591023616, image-processing-pillow.1.vbofsbhujw99v6qhbb04viiyh, 99.77%, 18.05MiB / 3.871GiB, 0.46%, 3.33kB / 988B, 0B / 45.7MB, 12
[2J[Hok, e2c591023616, image-processing-pillow.1.vbofsbhujw99v6qhbb04viiyh, 102.94%, 18.03MiB / 3.871GiB, 0.45%, 3.33kB / 988B, 0B / 47.3MB, 12
[2J[Hok, e2c591023616, image-processing-pillow.1.vbofsbhujw99v6qhbb04viiyh, 102.94%, 18.03MiB / 3.871GiB, 0.45%, 3.33kB / 988B, 0B / 47.3MB, 12
[2J[Hok, e2c591023616, image-processing-pillow.1.vbofsbhujw99v6qhbb04viiyh, 101.51%, 18.03MiB / 3.871GiB, 0.45%, 3.33kB / 988B, 0B / 49.2MB, 12
[2J[Hok, e2c591023616, image-processing-pillow.1.vbofsbhujw99v6qhbb04viiyh, 101.51%, 18.03MiB / 3.871GiB, 0.45%, 3.33kB / 988B, 0B / 49.2MB, 12
[2J[Hok, e2c591023616, image-processing-pillow.1.vbofsbhujw99v6qhbb04viiyh, 100.49%, 18MiB / 3.871GiB, 0.45%, 3.33kB / 988B, 0B / 50.9MB, 12
[2J[Hok, e2c591023616, image-processing-pillow.1.vbofsbhujw99v6qhbb04viiyh, 100.49%, 18MiB / 3.871GiB, 0.45%, 3.33kB / 988B, 0B / 50.9MB, 12
[2J[Hok, e2c591023616, image-processing-pillow.1.vbofsbhujw99v6qhbb04viiyh, 104.28%, 18.09MiB / 3.871GiB, 0.46%, 3.33kB / 988B, 0B / 52.7MB, 12
[2J[Hok, e2c591023616, image-processing-pillow.1.vbofsbhujw99v6qhbb04viiyh, 104.28%, 18.09MiB / 3.871GiB, 0.46%, 3.33kB / 988B, 0B / 52.7MB, 12
[2J[Hok, e2c591023616, image-processing-pillow.1.vbofsbhujw99v6qhbb04viiyh, 100.00%, 18.07MiB / 3.871GiB, 0.46%, 3.33kB / 988B, 0B / 54.4MB, 12
[2J[Hok, e2c591023616, image-processing-pillow.1.vbofsbhujw99v6qhbb04viiyh, 100.00%, 18.07MiB / 3.871GiB, 0.46%, 3.33kB / 988B, 0B / 54.4MB, 12
[2J[Hok, e2c591023616, image-processing-pillow.1.vbofsbhujw99v6qhbb04viiyh, 99.70%, 18.01MiB / 3.871GiB, 0.45%, 3.39kB / 1.05kB, 0B / 56.1MB, 12
[2J[Hok, e2c591023616, image-processing-pillow.1.vbofsbhujw99v6qhbb04viiyh, 99.70%, 18.01MiB / 3.871GiB, 0.45%, 3.39kB / 1.05kB, 0B / 56.1MB, 12
[2J[Hok, e2c591023616, image-processing-pillow.1.vbofsbhujw99v6qhbb04viiyh, 103.18%, 18.09MiB / 3.871GiB, 0.46%, 3.39kB / 1.05kB, 0B / 57.7MB, 12
[2J[Hok, e2c591023616, image-processing-pillow.1.vbofsbhujw99v6qhbb04viiyh, 103.18%, 18.09MiB / 3.871GiB, 0.46%, 3.39kB / 1.05kB, 0B / 57.7MB, 12
[2J[Hok, e2c591023616, image-processing-pillow.1.vbofsbhujw99v6qhbb04viiyh, 99.95%, 17.99MiB / 3.871GiB, 0.45%, 3.39kB / 1.05kB, 0B / 59.4MB, 12
[2J[Hok, e2c591023616, image-processing-pillow.1.vbofsbhujw99v6qhbb04viiyh, 99.95%, 17.99MiB / 3.871GiB, 0.45%, 3.39kB / 1.05kB, 0B / 59.4MB, 12
[2J[Hok, e2c591023616, image-processing-pillow.1.vbofsbhujw99v6qhbb04viiyh, 99.45%, 18.05MiB / 3.871GiB, 0.46%, 3.39kB / 1.05kB, 0B / 61.2MB, 12
[2J[Hok, e2c591023616, image-processing-pillow.1.vbofsbhujw99v6qhbb04viiyh, 99.45%, 18.05MiB / 3.871GiB, 0.46%, 3.39kB / 1.05kB, 0B / 61.2MB, 12
[2J[Hok, e2c591023616, image-processing-pillow.1.vbofsbhujw99v6qhbb04viiyh, 100.22%, 15.5MiB / 3.871GiB, 0.39%, 3.65kB / 1.37kB, 0B / 61.5MB, 12
[2J[Hok, e2c591023616, image-processing-pillow.1.vbofsbhujw99v6qhbb04viiyh, 100.22%, 15.5MiB / 3.871GiB, 0.39%, 3.65kB / 1.37kB, 0B / 61.5MB, 12
[2J[Hok, e2c591023616, image-processing-pillow.1.vbofsbhujw99v6qhbb04viiyh, 100.95%, 18.2MiB / 3.871GiB, 0.46%, 3.69kB / 1.41kB, 0B / 63MB, 12
[2J[Hok, e2c591023616, image-processing-pillow.1.vbofsbhujw99v6qhbb04viiyh, 100.95%, 18.2MiB / 3.871GiB, 0.46%, 3.69kB / 1.41kB, 0B / 63MB, 12
[2J[Hok, e2c591023616, image-processing-pillow.1.vbofsbhujw99v6qhbb04viiyh, 99.49%, 18.18MiB / 3.871GiB, 0.46%, 3.69kB / 1.41kB, 0B / 64.8MB, 12
[2J[Hok, e2c591023616, image-processing-pillow.1.vbofsbhujw99v6qhbb04viiyh, 99.49%, 18.18MiB / 3.871GiB, 0.46%, 3.69kB / 1.41kB, 0B / 64.8MB, 12
[2J[Hok, e2c591023616, image-processing-pillow.1.vbofsbhujw99v6qhbb04viiyh, 104.03%, 18.18MiB / 3.871GiB, 0.46%, 3.69kB / 1.41kB, 0B / 66.5MB, 12
[2J[Hok, e2c591023616, image-processing-pillow.1.vbofsbhujw99v6qhbb04viiyh, 104.03%, 18.18MiB / 3.871GiB, 0.46%, 3.69kB / 1.41kB, 0B / 66.5MB, 12
[2J[Hok, e2c591023616, image-processing-pillow.1.vbofsbhujw99v6qhbb04viiyh, 101.97%, 18.11MiB / 3.871GiB, 0.46%, 3.69kB / 1.41kB, 0B / 68.3MB, 12
[2J[Hok, e2c591023616, image-processing-pillow.1.vbofsbhujw99v6qhbb04viiyh, 101.97%, 18.11MiB / 3.871GiB, 0.46%, 3.69kB / 1.41kB, 0B / 68.3MB, 12
[2J[Hok, e2c591023616, image-processing-pillow.1.vbofsbhujw99v6qhbb04viiyh, 99.21%, 18.15MiB / 3.871GiB, 0.46%, 3.69kB / 1.41kB, 0B / 70.1MB, 12
[2J[Hok, e2c591023616, image-processing-pillow.1.vbofsbhujw99v6qhbb04viiyh, 99.21%, 18.15MiB / 3.871GiB, 0.46%, 3.69kB / 1.41kB, 0B / 70.1MB, 12
[2J[Hok, e2c591023616, image-processing-pillow.1.vbofsbhujw99v6qhbb04viiyh, 101.61%, 18.2MiB / 3.871GiB, 0.46%, 3.69kB / 1.41kB, 0B / 71.8MB, 12
[2J[Hok, e2c591023616, image-processing-pillow.1.vbofsbhujw99v6qhbb04viiyh, 101.61%, 18.2MiB / 3.871GiB, 0.46%, 3.69kB / 1.41kB, 0B / 71.8MB, 12
[2J[Hok, e2c591023616, image-processing-pillow.1.vbofsbhujw99v6qhbb04viiyh, 97.44%, 18.13MiB / 3.871GiB, 0.46%, 3.69kB / 1.41kB, 0B / 73.5MB, 12
[2J[Hok, e2c591023616, image-processing-pillow.1.vbofsbhujw99v6qhbb04viiyh, 97.44%, 18.13MiB / 3.871GiB, 0.46%, 3.69kB / 1.41kB, 0B / 73.5MB, 12
[2J[Hok, e2c591023616, image-processing-pillow.1.vbofsbhujw99v6qhbb04viiyh, 98.51%, 18.16MiB / 3.871GiB, 0.46%, 3.69kB / 1.41kB, 0B / 75.3MB, 12
[2J[Hok, e2c591023616, image-processing-pillow.1.vbofsbhujw99v6qhbb04viiyh, 98.51%, 18.16MiB / 3.871GiB, 0.46%, 3.69kB / 1.41kB, 0B / 75.3MB, 12
[2J[Hok, e2c591023616, image-processing-pillow.1.vbofsbhujw99v6qhbb04viiyh, 103.96%, 25.07MiB / 3.871GiB, 0.63%, 3.76kB / 1.41kB, 0B / 77.1MB, 18
[2J[Hok, e2c591023616, image-processing-pillow.1.vbofsbhujw99v6qhbb04viiyh, 103.96%, 25.07MiB / 3.871GiB, 0.63%, 3.76kB / 1.41kB, 0B / 77.1MB, 18
[2J[Hok, e2c591023616, image-processing-pillow.1.vbofsbhujw99v6qhbb04viiyh, 98.81%, 18.23MiB / 3.871GiB, 0.46%, 3.76kB / 1.41kB, 0B / 78.9MB, 12
[2J[Hok, e2c591023616, image-processing-pillow.1.vbofsbhujw99v6qhbb04viiyh, 98.81%, 18.23MiB / 3.871GiB, 0.46%, 3.76kB / 1.41kB, 0B / 78.9MB, 12
[2J[Hok, e2c591023616, image-processing-pillow.1.vbofsbhujw99v6qhbb04viiyh, 98.93%, 18.15MiB / 3.871GiB, 0.46%, 3.76kB / 1.41kB, 0B / 80.7MB, 12
[2J[Hok, e2c591023616, image-processing-pillow.1.vbofsbhujw99v6qhbb04viiyh, 98.93%, 18.15MiB / 3.871GiB, 0.46%, 3.76kB / 1.41kB, 0B / 80.7MB, 12
[2J[Hok, e2c591023616, image-processing-pillow.1.vbofsbhujw99v6qhbb04viiyh, 97.05%, 18.14MiB / 3.871GiB, 0.46%, 3.76kB / 1.41kB, 0B / 82.4MB, 12
[2J[Hok, e2c591023616, image-processing-pillow.1.vbofsbhujw99v6qhbb04viiyh, 97.05%, 18.14MiB / 3.871GiB, 0.46%, 3.76kB / 1.41kB, 0B / 82.4MB, 12
[2J[Hok, e2c591023616, image-processing-pillow.1.vbofsbhujw99v6qhbb04viiyh, 103.43%, 18.23MiB / 3.871GiB, 0.46%, 3.76kB / 1.41kB, 0B / 84.1MB, 12
[2J[Hok, e2c591023616, image-processing-pillow.1.vbofsbhujw99v6qhbb04viiyh, 103.43%, 18.23MiB / 3.871GiB, 0.46%, 3.76kB / 1.41kB, 0B / 84.1MB, 12
[2J[Hok, e2c591023616, image-processing-pillow.1.vbofsbhujw99v6qhbb04viiyh, 99.59%, 18.15MiB / 3.871GiB, 0.46%, 3.76kB / 1.41kB, 0B / 85.9MB, 12
[2J[Hok, e2c591023616, image-processing-pillow.1.vbofsbhujw99v6qhbb04viiyh, 99.59%, 18.15MiB / 3.871GiB, 0.46%, 3.76kB / 1.41kB, 0B / 85.9MB, 12
[2J[Hok, e2c591023616, image-processing-pillow.1.vbofsbhujw99v6qhbb04viiyh, 100.61%, 18.14MiB / 3.871GiB, 0.46%, 3.82kB / 1.48kB, 0B / 87.7MB, 12
[2J[Hok, e2c591023616, image-processing-pillow.1.vbofsbhujw99v6qhbb04viiyh, 100.61%, 18.14MiB / 3.871GiB, 0.46%, 3.82kB / 1.48kB, 0B / 87.7MB, 12
[2J[Hok, e2c591023616, image-processing-pillow.1.vbofsbhujw99v6qhbb04viiyh, 103.38%, 18.19MiB / 3.871GiB, 0.46%, 3.82kB / 1.48kB, 0B / 89.3MB, 12
[2J[Hok, e2c591023616, image-processing-pillow.1.vbofsbhujw99v6qhbb04viiyh, 103.38%, 18.19MiB / 3.871GiB, 0.46%, 3.82kB / 1.48kB, 0B / 89.3MB, 12
[2J[Hok, e2c591023616, image-processing-pillow.1.vbofsbhujw99v6qhbb04viiyh, 101.32%, 18.25MiB / 3.871GiB, 0.46%, 3.82kB / 1.48kB, 0B / 91.1MB, 12
[2J[Hok, e2c591023616, image-processing-pillow.1.vbofsbhujw99v6qhbb04viiyh, 101.32%, 18.25MiB / 3.871GiB, 0.46%, 3.82kB / 1.48kB, 0B / 91.1MB, 12
[2J[Hok, e2c591023616, image-processing-pillow.1.vbofsbhujw99v6qhbb04viiyh, 97.65%, 13.02MiB / 3.871GiB, 0.33%, 4.08kB / 1.79kB, 0B / 92.3MB, 12
[2J[Hok, e2c591023616, image-processing-pillow.1.vbofsbhujw99v6qhbb04viiyh, 97.65%, 13.02MiB / 3.871GiB, 0.33%, 4.08kB / 1.79kB, 0B / 92.3MB, 12
[2J[Hok, e2c591023616, image-processing-pillow.1.vbofsbhujw99v6qhbb04viiyh, 101.32%, 18.26MiB / 3.871GiB, 0.46%, 4.08kB / 1.79kB, 0B / 92.9MB, 12
[2J[Hok, e2c591023616, image-processing-pillow.1.vbofsbhujw99v6qhbb04viiyh, 101.32%, 18.26MiB / 3.871GiB, 0.46%, 4.08kB / 1.79kB, 0B / 92.9MB, 12
[2J[Hok, e2c591023616, image-processing-pillow.1.vbofsbhujw99v6qhbb04viiyh, 97.14%, 18.26MiB / 3.871GiB, 0.46%, 4.08kB / 1.79kB, 0B / 94.7MB, 12
[2J[Hok, e2c591023616, image-processing-pillow.1.vbofsbhujw99v6qhbb04viiyh, 97.14%, 18.26MiB / 3.871GiB, 0.46%, 4.08kB / 1.79kB, 0B / 94.7MB, 12
[2J[Hok, e2c591023616, image-processing-pillow.1.vbofsbhujw99v6qhbb04viiyh, 103.23%, 18.23MiB / 3.871GiB, 0.46%, 4.08kB / 1.79kB, 0B / 96.5MB, 12
[2J[Hok, e2c591023616, image-processing-pillow.1.vbofsbhujw99v6qhbb04viiyh, 103.23%, 18.23MiB / 3.871GiB, 0.46%, 4.08kB / 1.79kB, 0B / 96.5MB, 12
[2J[Hok, e2c591023616, image-processing-pillow.1.vbofsbhujw99v6qhbb04viiyh, 103.85%, 18.32MiB / 3.871GiB, 0.46%, 4.08kB / 1.79kB, 0B / 98.2MB, 12
[2J[Hok, e2c591023616, image-processing-pillow.1.vbofsbhujw99v6qhbb04viiyh, 103.85%, 18.32MiB / 3.871GiB, 0.46%, 4.08kB / 1.79kB, 0B / 98.2MB, 12
[2J[Hok, e2c591023616, image-processing-pillow.1.vbofsbhujw99v6qhbb04viiyh, 99.59%, 18.3MiB / 3.871GiB, 0.46%, 4.08kB / 1.79kB, 0B / 100MB, 12
[2J[Hok, e2c591023616, image-processing-pillow.1.vbofsbhujw99v6qhbb04viiyh, 99.59%, 18.3MiB / 3.871GiB, 0.46%, 4.08kB / 1.79kB, 0B / 100MB, 12
[2J[Hok, e2c591023616, image-processing-pillow.1.vbofsbhujw99v6qhbb04viiyh, 100.79%, 18.24MiB / 3.871GiB, 0.46%, 4.08kB / 1.79kB, 0B / 102MB, 12
[2J[Hok, e2c591023616, image-processing-pillow.1.vbofsbhujw99v6qhbb04viiyh, 100.79%, 18.24MiB / 3.871GiB, 0.46%, 4.08kB / 1.79kB, 0B / 102MB, 12
[2J[Hok, e2c591023616, image-processing-pillow.1.vbofsbhujw99v6qhbb04viiyh, 104.12%, 18.25MiB / 3.871GiB, 0.46%, 4.08kB / 1.79kB, 0B / 104MB, 12
[2J[Hok, e2c591023616, image-processing-pillow.1.vbofsbhujw99v6qhbb04viiyh, 104.12%, 18.25MiB / 3.871GiB, 0.46%, 4.08kB / 1.79kB, 0B / 104MB, 12
[2J[Hok, e2c591023616, image-processing-pillow.1.vbofsbhujw99v6qhbb04viiyh, 100.92%, 18.32MiB / 3.871GiB, 0.46%, 4.08kB / 1.79kB, 0B / 105MB, 12
[2J[Hok, e2c591023616, image-processing-pillow.1.vbofsbhujw99v6qhbb04viiyh, 100.92%, 18.32MiB / 3.871GiB, 0.46%, 4.08kB / 1.79kB, 0B / 105MB, 12
[2J[Hok, e2c591023616, image-processing-pillow.1.vbofsbhujw99v6qhbb04viiyh, 99.16%, 18.27MiB / 3.871GiB, 0.46%, 4.08kB / 1.79kB, 0B / 107MB, 12
[2J[Hok, e2c591023616, image-processing-pillow.1.vbofsbhujw99v6qhbb04viiyh, 99.16%, 18.27MiB / 3.871GiB, 0.46%, 4.08kB / 1.79kB, 0B / 107MB, 12
[2J[Hok, e2c591023616, image-processing-pillow.1.vbofsbhujw99v6qhbb04viiyh, 104.73%, 18.23MiB / 3.871GiB, 0.46%, 4.08kB / 1.79kB, 0B / 109MB, 12
[2J[Hok, e2c591023616, image-processing-pillow.1.vbofsbhujw99v6qhbb04viiyh, 104.73%, 18.23MiB / 3.871GiB, 0.46%, 4.08kB / 1.79kB, 0B / 109MB, 12
[2J[Hok, e2c591023616, image-processing-pillow.1.vbofsbhujw99v6qhbb04viiyh, 95.39%, 18.42MiB / 3.871GiB, 0.46%, 4.08kB / 1.79kB, 0B / 111MB, 12
[2J[Hok, e2c591023616, image-processing-pillow.1.vbofsbhujw99v6qhbb04viiyh, 95.39%, 18.42MiB / 3.871GiB, 0.46%, 4.08kB / 1.79kB, 0B / 111MB, 12
[2J[Hok, e2c591023616, image-processing-pillow.1.vbofsbhujw99v6qhbb04viiyh, 99.40%, 18.3MiB / 3.871GiB, 0.46%, 4.08kB / 1.79kB, 0B / 112MB, 12
[2J[Hok, e2c591023616, image-processing-pillow.1.vbofsbhujw99v6qhbb04viiyh, 99.40%, 18.3MiB / 3.871GiB, 0.46%, 4.08kB / 1.79kB, 0B / 112MB, 12
[2J[Hok, e2c591023616, image-processing-pillow.1.vbofsbhujw99v6qhbb04viiyh, 104.65%, 18.31MiB / 3.871GiB, 0.46%, 4.08kB / 1.79kB, 0B / 114MB, 12
[2J[Hok, e2c591023616, image-processing-pillow.1.vbofsbhujw99v6qhbb04viiyh, 104.65%, 18.31MiB / 3.871GiB, 0.46%, 4.08kB / 1.79kB, 0B / 114MB, 12
[2J[Hok, e2c591023616, image-processing-pillow.1.vbofsbhujw99v6qhbb04viiyh, 98.76%, 18.24MiB / 3.871GiB, 0.46%, 4.08kB / 1.79kB, 0B / 116MB, 12
[2J[Hok, e2c591023616, image-processing-pillow.1.vbofsbhujw99v6qhbb04viiyh, 98.76%, 18.24MiB / 3.871GiB, 0.46%, 4.08kB / 1.79kB, 0B / 116MB, 12
[2J[Hok, e2c591023616, image-processing-pillow.1.vbofsbhujw99v6qhbb04viiyh, 99.75%, 18.29MiB / 3.871GiB, 0.46%, 4.14kB / 1.86kB, 0B / 118MB, 12
[2J[Hok, e2c591023616, image-processing-pillow.1.vbofsbhujw99v6qhbb04viiyh, 99.75%, 18.29MiB / 3.871GiB, 0.46%, 4.14kB / 1.86kB, 0B / 118MB, 12
[2J[Hok, e2c591023616, image-processing-pillow.1.vbofsbhujw99v6qhbb04viiyh, 98.70%, 18.27MiB / 3.871GiB, 0.46%, 4.14kB / 1.86kB, 0B / 119MB, 12
[2J[Hok, e2c591023616, image-processing-pillow.1.vbofsbhujw99v6qhbb04viiyh, 98.70%, 18.27MiB / 3.871GiB, 0.46%, 4.14kB / 1.86kB, 0B / 119MB, 12
[2J[Hok, e2c591023616, image-processing-pillow.1.vbofsbhujw99v6qhbb04viiyh, 103.26%, 18.3MiB / 3.871GiB, 0.46%, 4.14kB / 1.86kB, 0B / 121MB, 12
[2J[Hok, e2c591023616, image-processing-pillow.1.vbofsbhujw99v6qhbb04viiyh, 103.26%, 18.3MiB / 3.871GiB, 0.46%, 4.14kB / 1.86kB, 0B / 121MB, 12
[2J[Hok, e2c591023616, image-processing-pillow.1.vbofsbhujw99v6qhbb04viiyh, 99.51%, 18.34MiB / 3.871GiB, 0.46%, 4.14kB / 1.86kB, 0B / 123MB, 12
[2J[Hok, e2c591023616, image-processing-pillow.1.vbofsbhujw99v6qhbb04viiyh, 99.51%, 18.34MiB / 3.871GiB, 0.46%, 4.14kB / 1.86kB, 0B / 123MB, 12
[2J[Hok, e2c591023616, image-processing-pillow.1.vbofsbhujw99v6qhbb04viiyh, 15.95%, 6.656MiB / 3.871GiB, 0.17%, 4.21kB / 2.11kB, 0B / 123MB, 11
[2J[Hok, 959613ccb099, image-processing-pillow.1.cvtv3rc0okmzwcyom3e791fdn, 0.00%, 1.707MiB / 3.871GiB, 0.04%, 258B / 0B, 11.9MB / 0B, 8
[2J[Hok, 959613ccb099, image-processing-pillow.1.cvtv3rc0okmzwcyom3e791fdn, 0.00%, 1.707MiB / 3.871GiB, 0.04%, 258B / 0B, 11.9MB / 0B, 8
[2J[Hok, 959613ccb099, image-processing-pillow.1.cvtv3rc0okmzwcyom3e791fdn, 0.00%, 1.707MiB / 3.871GiB, 0.04%, 508B / 0B, 11.9MB / 0B, 8
[2J[Hok, 959613ccb099, image-processing-pillow.1.cvtv3rc0okmzwcyom3e791fdn, 0.00%, 1.707MiB / 3.871GiB, 0.04%, 508B / 0B, 11.9MB / 0B, 8
[2J[Hok, 959613ccb099, image-processing-pillow.1.cvtv3rc0okmzwcyom3e791fdn, 0.00%, 1.707MiB / 3.871GiB, 0.04%, 1.54kB / 0B, 11.9MB / 0B, 8
[2J[Hok, 959613ccb099, image-processing-pillow.1.cvtv3rc0okmzwcyom3e791fdn, 0.00%, 1.707MiB / 3.871GiB, 0.04%, 1.54kB / 0B, 11.9MB / 0B, 8
[2J[Hok, 959613ccb099, image-processing-pillow.1.cvtv3rc0okmzwcyom3e791fdn, 4.63%, 1.82MiB / 3.871GiB, 0.05%, 1.54kB / 0B, 11.9MB / 0B, 8
[2J[Hok, 959613ccb099, image-processing-pillow.1.cvtv3rc0okmzwcyom3e791fdn, 4.63%, 1.82MiB / 3.871GiB, 0.05%, 1.54kB / 0B, 11.9MB / 0B, 8
[2J[Hok, 959613ccb099, image-processing-pillow.1.cvtv3rc0okmzwcyom3e791fdn, 70.63%, 10.45MiB / 3.871GiB, 0.26%, 2.17kB / 182B, 11.9MB / 0B, 10
[2J[Hok, 959613ccb099, image-processing-pillow.1.cvtv3rc0okmzwcyom3e791fdn, 70.63%, 10.45MiB / 3.871GiB, 0.26%, 2.17kB / 182B, 11.9MB / 0B, 10
[2J[Hok, 959613ccb099, image-processing-pillow.1.cvtv3rc0okmzwcyom3e791fdn, 98.48%, 13.6MiB / 3.871GiB, 0.34%, 2.17kB / 182B, 11.9MB / 0B, 10
[2J[Hok, 959613ccb099, image-processing-pillow.1.cvtv3rc0okmzwcyom3e791fdn, 98.48%, 13.6MiB / 3.871GiB, 0.34%, 2.17kB / 182B, 11.9MB / 0B, 10
[2J[Hok, 959613ccb099, image-processing-pillow.1.cvtv3rc0okmzwcyom3e791fdn, 103.38%, 13.83MiB / 3.871GiB, 0.35%, 2.44kB / 182B, 11.9MB / 0B, 10
[2J[Hok, 959613ccb099, image-processing-pillow.1.cvtv3rc0okmzwcyom3e791fdn, 103.38%, 13.83MiB / 3.871GiB, 0.35%, 2.44kB / 182B, 11.9MB / 0B, 10
[2J[Hok, 959613ccb099, image-processing-pillow.1.cvtv3rc0okmzwcyom3e791fdn, 100.16%, 13.99MiB / 3.871GiB, 0.35%, 2.44kB / 182B, 11.9MB / 0B, 10
[2J[Hok, 959613ccb099, image-processing-pillow.1.cvtv3rc0okmzwcyom3e791fdn, 100.16%, 13.99MiB / 3.871GiB, 0.35%, 2.44kB / 182B, 11.9MB / 0B, 10
[2J[Hok, 959613ccb099, image-processing-pillow.1.cvtv3rc0okmzwcyom3e791fdn, 98.19%, 14.15MiB / 3.871GiB, 0.36%, 2.44kB / 182B, 11.9MB / 0B, 10
[2J[Hok, 959613ccb099, image-processing-pillow.1.cvtv3rc0okmzwcyom3e791fdn, 98.19%, 14.15MiB / 3.871GiB, 0.36%, 2.44kB / 182B, 11.9MB / 0B, 10
[2J[Hok, 959613ccb099, image-processing-pillow.1.cvtv3rc0okmzwcyom3e791fdn, 100.21%, 14.33MiB / 3.871GiB, 0.36%, 2.48kB / 224B, 11.9MB / 0B, 10
[2J[Hok, 959613ccb099, image-processing-pillow.1.cvtv3rc0okmzwcyom3e791fdn, 100.21%, 14.33MiB / 3.871GiB, 0.36%, 2.48kB / 224B, 11.9MB / 0B, 10
[2J[Hok, 959613ccb099, image-processing-pillow.1.cvtv3rc0okmzwcyom3e791fdn, 103.52%, 14.52MiB / 3.871GiB, 0.37%, 2.48kB / 224B, 11.9MB / 0B, 10
[2J[Hok, 959613ccb099, image-processing-pillow.1.cvtv3rc0okmzwcyom3e791fdn, 103.52%, 14.52MiB / 3.871GiB, 0.37%, 2.48kB / 224B, 11.9MB / 0B, 10
[2J[Hok, 959613ccb099, image-processing-pillow.1.cvtv3rc0okmzwcyom3e791fdn, 98.82%, 14.77MiB / 3.871GiB, 0.37%, 2.48kB / 224B, 11.9MB / 0B, 10
[2J[Hok, 959613ccb099, image-processing-pillow.1.cvtv3rc0okmzwcyom3e791fdn, 98.82%, 14.77MiB / 3.871GiB, 0.37%, 2.48kB / 224B, 11.9MB / 0B, 10
[2J[Hok, 959613ccb099, image-processing-pillow.1.cvtv3rc0okmzwcyom3e791fdn, 97.80%, 14.86MiB / 3.871GiB, 0.37%, 2.48kB / 224B, 11.9MB / 0B, 10
[2J[Hok, 959613ccb099, image-processing-pillow.1.cvtv3rc0okmzwcyom3e791fdn, 97.80%, 14.86MiB / 3.871GiB, 0.37%, 2.48kB / 224B, 11.9MB / 0B, 10
[2J[Hok, 959613ccb099, image-processing-pillow.1.cvtv3rc0okmzwcyom3e791fdn, 98.19%, 15.07MiB / 3.871GiB, 0.38%, 2.48kB / 224B, 11.9MB / 0B, 10
[2J[Hok, 959613ccb099, image-processing-pillow.1.cvtv3rc0okmzwcyom3e791fdn, 98.19%, 15.07MiB / 3.871GiB, 0.38%, 2.48kB / 224B, 11.9MB / 0B, 10
[2J[Hok, 959613ccb099, image-processing-pillow.1.cvtv3rc0okmzwcyom3e791fdn, 96.10%, 15.32MiB / 3.871GiB, 0.39%, 2.55kB / 224B, 11.9MB / 0B, 10
[2J[Hok, 959613ccb099, image-processing-pillow.1.cvtv3rc0okmzwcyom3e791fdn, 96.10%, 15.32MiB / 3.871GiB, 0.39%, 2.55kB / 224B, 11.9MB / 0B, 10
[2J[Hok, 959613ccb099, image-processing-pillow.1.cvtv3rc0okmzwcyom3e791fdn, 98.23%, 15.5MiB / 3.871GiB, 0.39%, 2.55kB / 224B, 11.9MB / 0B, 10
[2J[Hok, 959613ccb099, image-processing-pillow.1.cvtv3rc0okmzwcyom3e791fdn, 98.23%, 15.5MiB / 3.871GiB, 0.39%, 2.55kB / 224B, 11.9MB / 0B, 10
[2J[Hok, 959613ccb099, image-processing-pillow.1.cvtv3rc0okmzwcyom3e791fdn, 101.83%, 15.62MiB / 3.871GiB, 0.39%, 2.55kB / 224B, 11.9MB / 0B, 10
[2J[Hok, 959613ccb099, image-processing-pillow.1.cvtv3rc0okmzwcyom3e791fdn, 101.83%, 15.62MiB / 3.871GiB, 0.39%, 2.55kB / 224B, 11.9MB / 0B, 10
[2J[Hok, 959613ccb099, image-processing-pillow.1.cvtv3rc0okmzwcyom3e791fdn, 100.72%, 15.77MiB / 3.871GiB, 0.40%, 2.55kB / 224B, 11.9MB / 0B, 10
[2J[Hok, 959613ccb099, image-processing-pillow.1.cvtv3rc0okmzwcyom3e791fdn, 100.72%, 15.77MiB / 3.871GiB, 0.40%, 2.55kB / 224B, 11.9MB / 0B, 10
[2J[Hok, 959613ccb099, image-processing-pillow.1.cvtv3rc0okmzwcyom3e791fdn, 100.62%, 15.87MiB / 3.871GiB, 0.40%, 2.55kB / 224B, 11.9MB / 0B, 10
[2J[Hok, 959613ccb099, image-processing-pillow.1.cvtv3rc0okmzwcyom3e791fdn, 100.62%, 15.87MiB / 3.871GiB, 0.40%, 2.55kB / 224B, 11.9MB / 0B, 10
[2J[Hok, 959613ccb099, image-processing-pillow.1.cvtv3rc0okmzwcyom3e791fdn, 101.27%, 16.05MiB / 3.871GiB, 0.40%, 2.62kB / 290B, 11.9MB / 0B, 10
[2J[Hok, 959613ccb099, image-processing-pillow.1.cvtv3rc0okmzwcyom3e791fdn, 101.27%, 16.05MiB / 3.871GiB, 0.40%, 2.62kB / 290B, 11.9MB / 0B, 10
[2J[Hok, 959613ccb099, image-processing-pillow.1.cvtv3rc0okmzwcyom3e791fdn, 91.41%, 16.2MiB / 3.871GiB, 0.41%, 2.62kB / 290B, 12.4MB / 0B, 10
[2J[Hok, 959613ccb099, image-processing-pillow.1.cvtv3rc0okmzwcyom3e791fdn, 91.41%, 16.2MiB / 3.871GiB, 0.41%, 2.62kB / 290B, 12.4MB / 0B, 10
[2J[Hok, 959613ccb099, image-processing-pillow.1.cvtv3rc0okmzwcyom3e791fdn, 90.78%, 16.45MiB / 3.871GiB, 0.42%, 2.62kB / 290B, 13.3MB / 0B, 10
[2J[Hok, 959613ccb099, image-processing-pillow.1.cvtv3rc0okmzwcyom3e791fdn, 90.78%, 16.45MiB / 3.871GiB, 0.42%, 2.62kB / 290B, 13.3MB / 0B, 10
[2J[Hok, 959613ccb099, image-processing-pillow.1.cvtv3rc0okmzwcyom3e791fdn, 94.20%, 18.25MiB / 3.871GiB, 0.46%, 2.62kB / 290B, 14.3MB / 0B, 17
[2J[Hok, 959613ccb099, image-processing-pillow.1.cvtv3rc0okmzwcyom3e791fdn, 94.20%, 18.25MiB / 3.871GiB, 0.46%, 2.62kB / 290B, 14.3MB / 0B, 17
[2J[Hok, 959613ccb099, image-processing-pillow.1.cvtv3rc0okmzwcyom3e791fdn, 94.82%, 13.36MiB / 3.871GiB, 0.34%, 2.94kB / 606B, 14.6MB / 0B, 11
[2J[Hok, 959613ccb099, image-processing-pillow.1.cvtv3rc0okmzwcyom3e791fdn, 94.82%, 13.36MiB / 3.871GiB, 0.34%, 2.94kB / 606B, 14.6MB / 0B, 11
[2J[Hok, 959613ccb099, image-processing-pillow.1.cvtv3rc0okmzwcyom3e791fdn, 100.46%, 17.73MiB / 3.871GiB, 0.45%, 2.94kB / 606B, 14.6MB / 1.17MB, 11
[2J[Hok, 959613ccb099, image-processing-pillow.1.cvtv3rc0okmzwcyom3e791fdn, 100.46%, 17.73MiB / 3.871GiB, 0.45%, 2.94kB / 606B, 14.6MB / 1.17MB, 11
[2J[Hok, 959613ccb099, image-processing-pillow.1.cvtv3rc0okmzwcyom3e791fdn, 96.61%, 17.73MiB / 3.871GiB, 0.45%, 2.94kB / 606B, 14.6MB / 2.88MB, 11
[2J[Hok, 959613ccb099, image-processing-pillow.1.cvtv3rc0okmzwcyom3e791fdn, 96.61%, 17.73MiB / 3.871GiB, 0.45%, 2.94kB / 606B, 14.6MB / 2.88MB, 11
[2J[Hok, 959613ccb099, image-processing-pillow.1.cvtv3rc0okmzwcyom3e791fdn, 103.63%, 17.68MiB / 3.871GiB, 0.45%, 2.94kB / 606B, 14.6MB / 4.6MB, 11
[2J[Hok, 959613ccb099, image-processing-pillow.1.cvtv3rc0okmzwcyom3e791fdn, 103.63%, 17.68MiB / 3.871GiB, 0.45%, 2.94kB / 606B, 14.6MB / 4.6MB, 11
[2J[Hok, 959613ccb099, image-processing-pillow.1.cvtv3rc0okmzwcyom3e791fdn, 100.17%, 17.78MiB / 3.871GiB, 0.45%, 2.94kB / 606B, 14.6MB / 6.32MB, 11
[2J[Hok, 959613ccb099, image-processing-pillow.1.cvtv3rc0okmzwcyom3e791fdn, 100.17%, 17.78MiB / 3.871GiB, 0.45%, 2.94kB / 606B, 14.6MB / 6.32MB, 11
[2J[Hok, 959613ccb099, image-processing-pillow.1.cvtv3rc0okmzwcyom3e791fdn, 100.36%, 17.71MiB / 3.871GiB, 0.45%, 2.94kB / 606B, 14.6MB / 8.1MB, 11
[2J[Hok, 959613ccb099, image-processing-pillow.1.cvtv3rc0okmzwcyom3e791fdn, 100.36%, 17.71MiB / 3.871GiB, 0.45%, 2.94kB / 606B, 14.6MB / 8.1MB, 11
[2J[Hok, 959613ccb099, image-processing-pillow.1.cvtv3rc0okmzwcyom3e791fdn, 102.68%, 17.81MiB / 3.871GiB, 0.45%, 2.94kB / 606B, 14.6MB / 9.74MB, 11
[2J[Hok, 959613ccb099, image-processing-pillow.1.cvtv3rc0okmzwcyom3e791fdn, 102.68%, 17.81MiB / 3.871GiB, 0.45%, 2.94kB / 606B, 14.6MB / 9.74MB, 11
[2J[Hok, 959613ccb099, image-processing-pillow.1.cvtv3rc0okmzwcyom3e791fdn, 97.48%, 17.77MiB / 3.871GiB, 0.45%, 2.94kB / 606B, 14.6MB / 11.4MB, 11
[2J[Hok, 959613ccb099, image-processing-pillow.1.cvtv3rc0okmzwcyom3e791fdn, 97.48%, 17.77MiB / 3.871GiB, 0.45%, 2.94kB / 606B, 14.6MB / 11.4MB, 11
[2J[Hok, 959613ccb099, image-processing-pillow.1.cvtv3rc0okmzwcyom3e791fdn, 99.63%, 17.71MiB / 3.871GiB, 0.45%, 2.94kB / 606B, 14.6MB / 13.2MB, 11
[2J[Hok, 959613ccb099, image-processing-pillow.1.cvtv3rc0okmzwcyom3e791fdn, 99.63%, 17.71MiB / 3.871GiB, 0.45%, 2.94kB / 606B, 14.6MB / 13.2MB, 11
[2J[Hok, 959613ccb099, image-processing-pillow.1.cvtv3rc0okmzwcyom3e791fdn, 103.97%, 17.73MiB / 3.871GiB, 0.45%, 2.94kB / 606B, 14.6MB / 14.8MB, 11
[2J[Hok, 959613ccb099, image-processing-pillow.1.cvtv3rc0okmzwcyom3e791fdn, 103.97%, 17.73MiB / 3.871GiB, 0.45%, 2.94kB / 606B, 14.6MB / 14.8MB, 11
[2J[Hok, 959613ccb099, image-processing-pillow.1.cvtv3rc0okmzwcyom3e791fdn, 99.25%, 17.81MiB / 3.871GiB, 0.45%, 3.01kB / 606B, 14.6MB / 16.5MB, 11
[2J[Hok, 959613ccb099, image-processing-pillow.1.cvtv3rc0okmzwcyom3e791fdn, 99.25%, 17.81MiB / 3.871GiB, 0.45%, 3.01kB / 606B, 14.6MB / 16.5MB, 11
[2J[Hok, 959613ccb099, image-processing-pillow.1.cvtv3rc0okmzwcyom3e791fdn, 100.45%, 17.76MiB / 3.871GiB, 0.45%, 3.01kB / 606B, 14.6MB / 18.3MB, 11
[2J[Hok, 959613ccb099, image-processing-pillow.1.cvtv3rc0okmzwcyom3e791fdn, 100.45%, 17.76MiB / 3.871GiB, 0.45%, 3.01kB / 606B, 14.6MB / 18.3MB, 11
[2J[Hok, 959613ccb099, image-processing-pillow.1.cvtv3rc0okmzwcyom3e791fdn, 99.44%, 17.78MiB / 3.871GiB, 0.45%, 3.01kB / 606B, 14.6MB / 19.9MB, 11
[2J[Hok, 959613ccb099, image-processing-pillow.1.cvtv3rc0okmzwcyom3e791fdn, 99.44%, 17.78MiB / 3.871GiB, 0.45%, 3.01kB / 606B, 14.6MB / 19.9MB, 11
[2J[Hok, 959613ccb099, image-processing-pillow.1.cvtv3rc0okmzwcyom3e791fdn, 98.82%, 17.78MiB / 3.871GiB, 0.45%, 3.01kB / 606B, 14.6MB / 21.6MB, 11
[2J[Hok, 959613ccb099, image-processing-pillow.1.cvtv3rc0okmzwcyom3e791fdn, 98.82%, 17.78MiB / 3.871GiB, 0.45%, 3.01kB / 606B, 14.6MB / 21.6MB, 11
[2J[Hok, 959613ccb099, image-processing-pillow.1.cvtv3rc0okmzwcyom3e791fdn, 100.18%, 17.78MiB / 3.871GiB, 0.45%, 3.01kB / 606B, 14.6MB / 23.3MB, 11
[2J[Hok, 959613ccb099, image-processing-pillow.1.cvtv3rc0okmzwcyom3e791fdn, 100.18%, 17.78MiB / 3.871GiB, 0.45%, 3.01kB / 606B, 14.6MB / 23.3MB, 11
[2J[Hok, 959613ccb099, image-processing-pillow.1.cvtv3rc0okmzwcyom3e791fdn, 102.55%, 17.77MiB / 3.871GiB, 0.45%, 3.07kB / 672B, 14.6MB / 25MB, 11
[2J[Hok, 959613ccb099, image-processing-pillow.1.cvtv3rc0okmzwcyom3e791fdn, 102.55%, 17.77MiB / 3.871GiB, 0.45%, 3.07kB / 672B, 14.6MB / 25MB, 11
[2J[Hok, 959613ccb099, image-processing-pillow.1.cvtv3rc0okmzwcyom3e791fdn, 97.60%, 17.98MiB / 3.871GiB, 0.45%, 3.07kB / 672B, 14.6MB / 26.6MB, 11
[2J[Hok, 959613ccb099, image-processing-pillow.1.cvtv3rc0okmzwcyom3e791fdn, 97.60%, 17.98MiB / 3.871GiB, 0.45%, 3.07kB / 672B, 14.6MB / 26.6MB, 11
[2J[Hok, 959613ccb099, image-processing-pillow.1.cvtv3rc0okmzwcyom3e791fdn, 98.15%, 18.89MiB / 3.871GiB, 0.48%, 3.07kB / 672B, 14.6MB / 28.2MB, 11
[2J[Hok, 959613ccb099, image-processing-pillow.1.cvtv3rc0okmzwcyom3e791fdn, 98.15%, 18.89MiB / 3.871GiB, 0.48%, 3.07kB / 672B, 14.6MB / 28.2MB, 11
[2J[Hok, 959613ccb099, image-processing-pillow.1.cvtv3rc0okmzwcyom3e791fdn, 97.52%, 20.48MiB / 3.871GiB, 0.52%, 3.07kB / 672B, 14.6MB / 29.9MB, 14
[2J[Hok, 959613ccb099, image-processing-pillow.1.cvtv3rc0okmzwcyom3e791fdn, 97.52%, 20.48MiB / 3.871GiB, 0.52%, 3.07kB / 672B, 14.6MB / 29.9MB, 14
[2J[Hok, 959613ccb099, image-processing-pillow.1.cvtv3rc0okmzwcyom3e791fdn, 97.24%, 15.08MiB / 3.871GiB, 0.38%, 3.33kB / 988B, 14.6MB / 30.8MB, 11
[2J[Hok, 959613ccb099, image-processing-pillow.1.cvtv3rc0okmzwcyom3e791fdn, 97.24%, 15.08MiB / 3.871GiB, 0.38%, 3.33kB / 988B, 14.6MB / 30.8MB, 11
[2J[Hok, 959613ccb099, image-processing-pillow.1.cvtv3rc0okmzwcyom3e791fdn, 97.24%, 15.08MiB / 3.871GiB, 0.38%, 3.33kB / 988B, 14.6MB / 30.8MB, 11
[2J[Hok, 959613ccb099, image-processing-pillow.1.cvtv3rc0okmzwcyom3e791fdn, 99.46%, 20.39MiB / 3.871GiB, 0.51%, 3.37kB / 1.03kB, 14.6MB / 31.6MB, 11
[2J[Hok, 959613ccb099, image-processing-pillow.1.cvtv3rc0okmzwcyom3e791fdn, 99.46%, 20.39MiB / 3.871GiB, 0.51%, 3.37kB / 1.03kB, 14.6MB / 31.6MB, 11
[2J[Hok, 959613ccb099, image-processing-pillow.1.cvtv3rc0okmzwcyom3e791fdn, 100.28%, 20.48MiB / 3.871GiB, 0.52%, 3.37kB / 1.03kB, 14.6MB / 33.3MB, 11
[2J[Hok, 959613ccb099, image-processing-pillow.1.cvtv3rc0okmzwcyom3e791fdn, 100.28%, 20.48MiB / 3.871GiB, 0.52%, 3.37kB / 1.03kB, 14.6MB / 33.3MB, 11
[2J[Hok, 959613ccb099, image-processing-pillow.1.cvtv3rc0okmzwcyom3e791fdn, 103.69%, 20.46MiB / 3.871GiB, 0.52%, 3.37kB / 1.03kB, 14.6MB / 35MB, 11
[2J[Hok, 959613ccb099, image-processing-pillow.1.cvtv3rc0okmzwcyom3e791fdn, 103.69%, 20.46MiB / 3.871GiB, 0.52%, 3.37kB / 1.03kB, 14.6MB / 35MB, 11
[2J[Hok, 959613ccb099, image-processing-pillow.1.cvtv3rc0okmzwcyom3e791fdn, 99.41%, 20.43MiB / 3.871GiB, 0.52%, 3.37kB / 1.03kB, 14.6MB / 36.8MB, 11
[2J[Hok, 959613ccb099, image-processing-pillow.1.cvtv3rc0okmzwcyom3e791fdn, 99.41%, 20.43MiB / 3.871GiB, 0.52%, 3.37kB / 1.03kB, 14.6MB / 36.8MB, 11
[2J[Hok, 959613ccb099, image-processing-pillow.1.cvtv3rc0okmzwcyom3e791fdn, 101.44%, 20.46MiB / 3.871GiB, 0.52%, 3.37kB / 1.03kB, 14.6MB / 38.6MB, 11
[2J[Hok, 959613ccb099, image-processing-pillow.1.cvtv3rc0okmzwcyom3e791fdn, 101.44%, 20.46MiB / 3.871GiB, 0.52%, 3.37kB / 1.03kB, 14.6MB / 38.6MB, 11
[2J[Hok, 959613ccb099, image-processing-pillow.1.cvtv3rc0okmzwcyom3e791fdn, 100.52%, 20.38MiB / 3.871GiB, 0.51%, 3.37kB / 1.03kB, 14.6MB / 40.3MB, 11
[2J[Hok, 959613ccb099, image-processing-pillow.1.cvtv3rc0okmzwcyom3e791fdn, 100.52%, 20.38MiB / 3.871GiB, 0.51%, 3.37kB / 1.03kB, 14.6MB / 40.3MB, 11
[2J[Hok, 959613ccb099, image-processing-pillow.1.cvtv3rc0okmzwcyom3e791fdn, 96.08%, 20.47MiB / 3.871GiB, 0.52%, 3.37kB / 1.03kB, 14.6MB / 42MB, 11
[2J[Hok, 959613ccb099, image-processing-pillow.1.cvtv3rc0okmzwcyom3e791fdn, 96.08%, 20.47MiB / 3.871GiB, 0.52%, 3.37kB / 1.03kB, 14.6MB / 42MB, 11
[2J[Hok, 959613ccb099, image-processing-pillow.1.cvtv3rc0okmzwcyom3e791fdn, 100.00%, 20.49MiB / 3.871GiB, 0.52%, 3.37kB / 1.03kB, 14.6MB / 43.8MB, 11
[2J[Hok, 959613ccb099, image-processing-pillow.1.cvtv3rc0okmzwcyom3e791fdn, 100.00%, 20.49MiB / 3.871GiB, 0.52%, 3.37kB / 1.03kB, 14.6MB / 43.8MB, 11
[2J[Hok, 959613ccb099, image-processing-pillow.1.cvtv3rc0okmzwcyom3e791fdn, 99.33%, 20.4MiB / 3.871GiB, 0.51%, 3.37kB / 1.03kB, 14.6MB / 45.4MB, 11
[2J[Hok, 959613ccb099, image-processing-pillow.1.cvtv3rc0okmzwcyom3e791fdn, 99.33%, 20.4MiB / 3.871GiB, 0.51%, 3.37kB / 1.03kB, 14.6MB / 45.4MB, 11
[2J[Hok, 959613ccb099, image-processing-pillow.1.cvtv3rc0okmzwcyom3e791fdn, 98.84%, 20.4MiB / 3.871GiB, 0.51%, 3.37kB / 1.03kB, 14.6MB / 47.2MB, 11
[2J[Hok, 959613ccb099, image-processing-pillow.1.cvtv3rc0okmzwcyom3e791fdn, 98.84%, 20.4MiB / 3.871GiB, 0.51%, 3.37kB / 1.03kB, 14.6MB / 47.2MB, 11
[2J[Hok, 959613ccb099, image-processing-pillow.1.cvtv3rc0okmzwcyom3e791fdn, 98.69%, 20.51MiB / 3.871GiB, 0.52%, 3.37kB / 1.03kB, 14.6MB / 49MB, 11
[2J[Hok, 959613ccb099, image-processing-pillow.1.cvtv3rc0okmzwcyom3e791fdn, 98.69%, 20.51MiB / 3.871GiB, 0.52%, 3.37kB / 1.03kB, 14.6MB / 49MB, 11
[2J[Hok, 959613ccb099, image-processing-pillow.1.cvtv3rc0okmzwcyom3e791fdn, 102.44%, 20.5MiB / 3.871GiB, 0.52%, 3.37kB / 1.03kB, 14.6MB / 50.7MB, 11
[2J[Hok, 959613ccb099, image-processing-pillow.1.cvtv3rc0okmzwcyom3e791fdn, 102.44%, 20.5MiB / 3.871GiB, 0.52%, 3.37kB / 1.03kB, 14.6MB / 50.7MB, 11
[2J[Hok, 959613ccb099, image-processing-pillow.1.cvtv3rc0okmzwcyom3e791fdn, 98.90%, 20.4MiB / 3.871GiB, 0.51%, 3.37kB / 1.03kB, 14.6MB / 52.5MB, 11
[2J[Hok, 959613ccb099, image-processing-pillow.1.cvtv3rc0okmzwcyom3e791fdn, 98.90%, 20.4MiB / 3.871GiB, 0.51%, 3.37kB / 1.03kB, 14.6MB / 52.5MB, 11
[2J[Hok, 959613ccb099, image-processing-pillow.1.cvtv3rc0okmzwcyom3e791fdn, 100.23%, 20.49MiB / 3.871GiB, 0.52%, 3.37kB / 1.03kB, 14.6MB / 54.2MB, 11
[2J[Hok, 959613ccb099, image-processing-pillow.1.cvtv3rc0okmzwcyom3e791fdn, 100.23%, 20.49MiB / 3.871GiB, 0.52%, 3.37kB / 1.03kB, 14.6MB / 54.2MB, 11
[2J[Hok, 959613ccb099, image-processing-pillow.1.cvtv3rc0okmzwcyom3e791fdn, 104.10%, 20.4MiB / 3.871GiB, 0.51%, 3.44kB / 1.1kB, 14.6MB / 56MB, 11
[2J[Hok, 959613ccb099, image-processing-pillow.1.cvtv3rc0okmzwcyom3e791fdn, 104.10%, 20.4MiB / 3.871GiB, 0.51%, 3.44kB / 1.1kB, 14.6MB / 56MB, 11
[2J[Hok, 959613ccb099, image-processing-pillow.1.cvtv3rc0okmzwcyom3e791fdn, 95.48%, 20.46MiB / 3.871GiB, 0.52%, 3.44kB / 1.1kB, 14.6MB / 57.7MB, 11
[2J[Hok, 959613ccb099, image-processing-pillow.1.cvtv3rc0okmzwcyom3e791fdn, 95.48%, 20.46MiB / 3.871GiB, 0.52%, 3.44kB / 1.1kB, 14.6MB / 57.7MB, 11
[2J[Hok, 959613ccb099, image-processing-pillow.1.cvtv3rc0okmzwcyom3e791fdn, 101.28%, 20.51MiB / 3.871GiB, 0.52%, 3.44kB / 1.1kB, 14.6MB / 59.4MB, 11
[2J[Hok, 959613ccb099, image-processing-pillow.1.cvtv3rc0okmzwcyom3e791fdn, 101.28%, 20.51MiB / 3.871GiB, 0.52%, 3.44kB / 1.1kB, 14.6MB / 59.4MB, 11
[2J[Hok, 959613ccb099, image-processing-pillow.1.cvtv3rc0okmzwcyom3e791fdn, 98.44%, 20.41MiB / 3.871GiB, 0.51%, 3.44kB / 1.1kB, 14.6MB / 61.2MB, 11
[2J[Hok, 959613ccb099, image-processing-pillow.1.cvtv3rc0okmzwcyom3e791fdn, 98.44%, 20.41MiB / 3.871GiB, 0.51%, 3.44kB / 1.1kB, 14.6MB / 61.2MB, 11
[2J[Hok, 959613ccb099, image-processing-pillow.1.cvtv3rc0okmzwcyom3e791fdn, 22.34%, 8.852MiB / 3.871GiB, 0.22%, 3.5kB / 1.35kB, 14.6MB / 61.5MB, 10
[2J[Hok, 959613ccb099, image-processing-pillow.1.cvtv3rc0okmzwcyom3e791fdn, 22.34%, 8.852MiB / 3.871GiB, 0.22%, 3.5kB / 1.35kB, 14.6MB / 61.5MB, 10
[2J[Hok, 959613ccb099, image-processing-pillow.1.cvtv3rc0okmzwcyom3e791fdn, 0.00%, 8.852MiB / 3.871GiB, 0.22%, 3.5kB / 1.35kB, 14.6MB / 61.5MB, 10
[2J[Hok, 959613ccb099, image-processing-pillow.1.cvtv3rc0okmzwcyom3e791fdn, 0.00%, 8.852MiB / 3.871GiB, 0.22%, 3.5kB / 1.35kB, 14.6MB / 61.5MB, 10
[2J[Hok, 959613ccb099, image-processing-pillow.1.cvtv3rc0okmzwcyom3e791fdn, 0.00%, 8.852MiB / 3.871GiB, 0.22%, 3.5kB / 1.35kB, 14.6MB / 61.5MB, 10
[2J[Hok, 959613ccb099, image-processing-pillow.1.cvtv3rc0okmzwcyom3e791fdn, 0.00%, 8.852MiB / 3.871GiB, 0.22%, 3.5kB / 1.35kB, 14.6MB / 61.5MB, 10
[2J[Hok, 959613ccb099, image-processing-pillow.1.cvtv3rc0okmzwcyom3e791fdn, 18.87%, 13.15MiB / 3.871GiB, 0.33%, 3.76kB / 1.41kB, 14.6MB / 61.5MB, 11
[2J[Hok, 959613ccb099, image-processing-pillow.1.cvtv3rc0okmzwcyom3e791fdn, 18.87%, 13.15MiB / 3.871GiB, 0.33%, 3.76kB / 1.41kB, 14.6MB / 61.5MB, 11
[2J[Hok, 959613ccb099, image-processing-pillow.1.cvtv3rc0okmzwcyom3e791fdn, 100.13%, 20.57MiB / 3.871GiB, 0.52%, 3.76kB / 1.41kB, 14.6MB / 61.9MB, 11
[2J[Hok, 959613ccb099, image-processing-pillow.1.cvtv3rc0okmzwcyom3e791fdn, 100.13%, 20.57MiB / 3.871GiB, 0.52%, 3.76kB / 1.41kB, 14.6MB / 61.9MB, 11
[2J[Hok, 959613ccb099, image-processing-pillow.1.cvtv3rc0okmzwcyom3e791fdn, 97.25%, 20.46MiB / 3.871GiB, 0.52%, 3.76kB / 1.41kB, 14.6MB / 63.6MB, 11
[2J[Hok, 959613ccb099, image-processing-pillow.1.cvtv3rc0okmzwcyom3e791fdn, 97.25%, 20.46MiB / 3.871GiB, 0.52%, 3.76kB / 1.41kB, 14.6MB / 63.6MB, 11
[2J[Hok, 959613ccb099, image-processing-pillow.1.cvtv3rc0okmzwcyom3e791fdn, 99.50%, 20.58MiB / 3.871GiB, 0.52%, 3.83kB / 1.41kB, 14.6MB / 65.3MB, 11
[2J[Hok, 959613ccb099, image-processing-pillow.1.cvtv3rc0okmzwcyom3e791fdn, 99.50%, 20.58MiB / 3.871GiB, 0.52%, 3.83kB / 1.41kB, 14.6MB / 65.3MB, 11
[2J[Hok, 959613ccb099, image-processing-pillow.1.cvtv3rc0okmzwcyom3e791fdn, 98.45%, 20.55MiB / 3.871GiB, 0.52%, 3.83kB / 1.41kB, 14.6MB / 67MB, 11
[2J[Hok, 959613ccb099, image-processing-pillow.1.cvtv3rc0okmzwcyom3e791fdn, 98.45%, 20.55MiB / 3.871GiB, 0.52%, 3.83kB / 1.41kB, 14.6MB / 67MB, 11
[2J[Hok, 959613ccb099, image-processing-pillow.1.cvtv3rc0okmzwcyom3e791fdn, 99.09%, 20.56MiB / 3.871GiB, 0.52%, 3.83kB / 1.41kB, 14.6MB / 68.8MB, 11
[2J[Hok, 959613ccb099, image-processing-pillow.1.cvtv3rc0okmzwcyom3e791fdn, 99.09%, 20.56MiB / 3.871GiB, 0.52%, 3.83kB / 1.41kB, 14.6MB / 68.8MB, 11
[2J[Hok, 959613ccb099, image-processing-pillow.1.cvtv3rc0okmzwcyom3e791fdn, 102.42%, 20.57MiB / 3.871GiB, 0.52%, 3.83kB / 1.41kB, 14.6MB / 70.5MB, 11
[2J[Hok, 959613ccb099, image-processing-pillow.1.cvtv3rc0okmzwcyom3e791fdn, 102.42%, 20.57MiB / 3.871GiB, 0.52%, 3.83kB / 1.41kB, 14.6MB / 70.5MB, 11
[2J[Hok, 959613ccb099, image-processing-pillow.1.cvtv3rc0okmzwcyom3e791fdn, 100.19%, 20.55MiB / 3.871GiB, 0.52%, 3.83kB / 1.41kB, 14.6MB / 72.3MB, 11
[2J[Hok, 959613ccb099, image-processing-pillow.1.cvtv3rc0okmzwcyom3e791fdn, 100.19%, 20.55MiB / 3.871GiB, 0.52%, 3.83kB / 1.41kB, 14.6MB / 72.3MB, 11
[2J[Hok, 959613ccb099, image-processing-pillow.1.cvtv3rc0okmzwcyom3e791fdn, 99.64%, 20.9MiB / 3.871GiB, 0.53%, 3.83kB / 1.41kB, 14.6MB / 74.1MB, 11
[2J[Hok, 959613ccb099, image-processing-pillow.1.cvtv3rc0okmzwcyom3e791fdn, 99.64%, 20.9MiB / 3.871GiB, 0.53%, 3.83kB / 1.41kB, 14.6MB / 74.1MB, 11
[2J[Hok, 959613ccb099, image-processing-pillow.1.cvtv3rc0okmzwcyom3e791fdn, 102.56%, 20.95MiB / 3.871GiB, 0.53%, 3.83kB / 1.41kB, 14.6MB / 75.9MB, 11
[2J[Hok, 959613ccb099, image-processing-pillow.1.cvtv3rc0okmzwcyom3e791fdn, 102.56%, 20.95MiB / 3.871GiB, 0.53%, 3.83kB / 1.41kB, 14.6MB / 75.9MB, 11
[2J[Hok, 959613ccb099, image-processing-pillow.1.cvtv3rc0okmzwcyom3e791fdn, 94.23%, 20.86MiB / 3.871GiB, 0.53%, 3.83kB / 1.41kB, 14.6MB / 77.5MB, 11
[2J[Hok, 959613ccb099, image-processing-pillow.1.cvtv3rc0okmzwcyom3e791fdn, 94.23%, 20.86MiB / 3.871GiB, 0.53%, 3.83kB / 1.41kB, 14.6MB / 77.5MB, 11
[2J[Hok, 959613ccb099, image-processing-pillow.1.cvtv3rc0okmzwcyom3e791fdn, 97.91%, 20.91MiB / 3.871GiB, 0.53%, 3.83kB / 1.41kB, 14.6MB / 79.3MB, 11
[2J[Hok, 959613ccb099, image-processing-pillow.1.cvtv3rc0okmzwcyom3e791fdn, 97.91%, 20.91MiB / 3.871GiB, 0.53%, 3.83kB / 1.41kB, 14.6MB / 79.3MB, 11
[2J[Hok, 959613ccb099, image-processing-pillow.1.cvtv3rc0okmzwcyom3e791fdn, 103.41%, 20.91MiB / 3.871GiB, 0.53%, 3.83kB / 1.41kB, 14.6MB / 81.1MB, 11
[2J[Hok, 959613ccb099, image-processing-pillow.1.cvtv3rc0okmzwcyom3e791fdn, 103.41%, 20.91MiB / 3.871GiB, 0.53%, 3.83kB / 1.41kB, 14.6MB / 81.1MB, 11
[2J[Hok, 959613ccb099, image-processing-pillow.1.cvtv3rc0okmzwcyom3e791fdn, 100.11%, 20.96MiB / 3.871GiB, 0.53%, 3.83kB / 1.41kB, 14.6MB / 82.9MB, 11
[2J[Hok, 959613ccb099, image-processing-pillow.1.cvtv3rc0okmzwcyom3e791fdn, 100.11%, 20.96MiB / 3.871GiB, 0.53%, 3.83kB / 1.41kB, 14.6MB / 82.9MB, 11
[2J[Hok, 959613ccb099, image-processing-pillow.1.cvtv3rc0okmzwcyom3e791fdn, 99.13%, 21.01MiB / 3.871GiB, 0.53%, 3.83kB / 1.41kB, 14.6MB / 84.6MB, 11
[2J[Hok, 959613ccb099, image-processing-pillow.1.cvtv3rc0okmzwcyom3e791fdn, 99.13%, 21.01MiB / 3.871GiB, 0.53%, 3.83kB / 1.41kB, 14.6MB / 84.6MB, 11
[2J[Hok, 959613ccb099, image-processing-pillow.1.cvtv3rc0okmzwcyom3e791fdn, 105.50%, 20.93MiB / 3.871GiB, 0.53%, 3.89kB / 1.48kB, 14.6MB / 86.4MB, 11
[2J[Hok, 959613ccb099, image-processing-pillow.1.cvtv3rc0okmzwcyom3e791fdn, 105.50%, 20.93MiB / 3.871GiB, 0.53%, 3.89kB / 1.48kB, 14.6MB / 86.4MB, 11
[2J[Hok, 959613ccb099, image-processing-pillow.1.cvtv3rc0okmzwcyom3e791fdn, 96.53%, 20.95MiB / 3.871GiB, 0.53%, 3.89kB / 1.48kB, 14.6MB / 88MB, 11
[2J[Hok, 959613ccb099, image-processing-pillow.1.cvtv3rc0okmzwcyom3e791fdn, 96.53%, 20.95MiB / 3.871GiB, 0.53%, 3.89kB / 1.48kB, 14.6MB / 88MB, 11
[2J[Hok, 959613ccb099, image-processing-pillow.1.cvtv3rc0okmzwcyom3e791fdn, 95.84%, 20.98MiB / 3.871GiB, 0.53%, 3.89kB / 1.48kB, 14.6MB / 89.7MB, 11
[2J[Hok, 959613ccb099, image-processing-pillow.1.cvtv3rc0okmzwcyom3e791fdn, 95.84%, 20.98MiB / 3.871GiB, 0.53%, 3.89kB / 1.48kB, 14.6MB / 89.7MB, 11
[2J[Hok, 959613ccb099, image-processing-pillow.1.cvtv3rc0okmzwcyom3e791fdn, 95.84%, 20.98MiB / 3.871GiB, 0.53%, 3.89kB / 1.48kB, 14.6MB / 89.7MB, 11
[2J[Hok, 959613ccb099, image-processing-pillow.1.cvtv3rc0okmzwcyom3e791fdn, 99.96%, 20.99MiB / 3.871GiB, 0.53%, 3.89kB / 1.48kB, 14.6MB / 91.5MB, 11
[2J[Hok, 959613ccb099, image-processing-pillow.1.cvtv3rc0okmzwcyom3e791fdn, 99.96%, 20.99MiB / 3.871GiB, 0.53%, 3.89kB / 1.48kB, 14.6MB / 91.5MB, 11
[2J[Hok, 959613ccb099, image-processing-pillow.1.cvtv3rc0okmzwcyom3e791fdn, 89.32%, 15.82MiB / 3.871GiB, 0.40%, 4.21kB / 1.79kB, 14.6MB / 92.3MB, 12
[2J[Hok, 959613ccb099, image-processing-pillow.1.cvtv3rc0okmzwcyom3e791fdn, 89.32%, 15.82MiB / 3.871GiB, 0.40%, 4.21kB / 1.79kB, 14.6MB / 92.3MB, 12
[2J[Hok, 959613ccb099, image-processing-pillow.1.cvtv3rc0okmzwcyom3e791fdn, 98.53%, 21.13MiB / 3.871GiB, 0.53%, 4.26kB / 1.84kB, 14.6MB / 93.1MB, 12
[2J[Hok, 959613ccb099, image-processing-pillow.1.cvtv3rc0okmzwcyom3e791fdn, 98.53%, 21.13MiB / 3.871GiB, 0.53%, 4.26kB / 1.84kB, 14.6MB / 93.1MB, 12
[2J[Hok, 959613ccb099, image-processing-pillow.1.cvtv3rc0okmzwcyom3e791fdn, 98.83%, 21.05MiB / 3.871GiB, 0.53%, 4.26kB / 1.84kB, 14.6MB / 94.8MB, 12
[2J[Hok, 959613ccb099, image-processing-pillow.1.cvtv3rc0okmzwcyom3e791fdn, 98.83%, 21.05MiB / 3.871GiB, 0.53%, 4.26kB / 1.84kB, 14.6MB / 94.8MB, 12
[2J[Hok, 959613ccb099, image-processing-pillow.1.cvtv3rc0okmzwcyom3e791fdn, 103.63%, 21.14MiB / 3.871GiB, 0.53%, 4.26kB / 1.84kB, 14.6MB / 96.6MB, 12
[2J[Hok, 959613ccb099, image-processing-pillow.1.cvtv3rc0okmzwcyom3e791fdn, 103.63%, 21.14MiB / 3.871GiB, 0.53%, 4.26kB / 1.84kB, 14.6MB / 96.6MB, 12
[2J[Hok, 959613ccb099, image-processing-pillow.1.cvtv3rc0okmzwcyom3e791fdn, 98.45%, 21.12MiB / 3.871GiB, 0.53%, 4.26kB / 1.84kB, 14.6MB / 98.3MB, 12
[2J[Hok, 959613ccb099, image-processing-pillow.1.cvtv3rc0okmzwcyom3e791fdn, 98.45%, 21.12MiB / 3.871GiB, 0.53%, 4.26kB / 1.84kB, 14.6MB / 98.3MB, 12
[2J[Hok, 959613ccb099, image-processing-pillow.1.cvtv3rc0okmzwcyom3e791fdn, 100.08%, 21.08MiB / 3.871GiB, 0.53%, 4.26kB / 1.84kB, 14.6MB / 100MB, 12
[2J[Hok, 959613ccb099, image-processing-pillow.1.cvtv3rc0okmzwcyom3e791fdn, 100.08%, 21.08MiB / 3.871GiB, 0.53%, 4.26kB / 1.84kB, 14.6MB / 100MB, 12
[2J[Hok, 959613ccb099, image-processing-pillow.1.cvtv3rc0okmzwcyom3e791fdn, 102.98%, 21.11MiB / 3.871GiB, 0.53%, 4.26kB / 1.84kB, 14.6MB / 102MB, 12
[2J[Hok, 959613ccb099, image-processing-pillow.1.cvtv3rc0okmzwcyom3e791fdn, 102.98%, 21.11MiB / 3.871GiB, 0.53%, 4.26kB / 1.84kB, 14.6MB / 102MB, 12
[2J[Hok, 959613ccb099, image-processing-pillow.1.cvtv3rc0okmzwcyom3e791fdn, 98.76%, 21.14MiB / 3.871GiB, 0.53%, 4.26kB / 1.84kB, 14.6MB / 104MB, 12
[2J[Hok, 959613ccb099, image-processing-pillow.1.cvtv3rc0okmzwcyom3e791fdn, 98.76%, 21.14MiB / 3.871GiB, 0.53%, 4.26kB / 1.84kB, 14.6MB / 104MB, 12
[2J[Hok, 959613ccb099, image-processing-pillow.1.cvtv3rc0okmzwcyom3e791fdn, 97.60%, 21.08MiB / 3.871GiB, 0.53%, 4.26kB / 1.84kB, 14.6MB / 105MB, 12
[2J[Hok, 959613ccb099, image-processing-pillow.1.cvtv3rc0okmzwcyom3e791fdn, 97.60%, 21.08MiB / 3.871GiB, 0.53%, 4.26kB / 1.84kB, 14.6MB / 105MB, 12
[2J[Hok, 959613ccb099, image-processing-pillow.1.cvtv3rc0okmzwcyom3e791fdn, 103.84%, 21.12MiB / 3.871GiB, 0.53%, 4.26kB / 1.84kB, 14.6MB / 107MB, 12
[2J[Hok, 959613ccb099, image-processing-pillow.1.cvtv3rc0okmzwcyom3e791fdn, 103.84%, 21.12MiB / 3.871GiB, 0.53%, 4.26kB / 1.84kB, 14.6MB / 107MB, 12
[2J[Hok, 959613ccb099, image-processing-pillow.1.cvtv3rc0okmzwcyom3e791fdn, 99.89%, 21.2MiB / 3.871GiB, 0.53%, 4.26kB / 1.84kB, 14.6MB / 109MB, 12
[2J[Hok, 959613ccb099, image-processing-pillow.1.cvtv3rc0okmzwcyom3e791fdn, 99.89%, 21.2MiB / 3.871GiB, 0.53%, 4.26kB / 1.84kB, 14.6MB / 109MB, 12
[2J[Hok, 959613ccb099, image-processing-pillow.1.cvtv3rc0okmzwcyom3e791fdn, 99.22%, 21.14MiB / 3.871GiB, 0.53%, 4.26kB / 1.84kB, 14.6MB / 111MB, 12
[2J[Hok, 959613ccb099, image-processing-pillow.1.cvtv3rc0okmzwcyom3e791fdn, 99.22%, 21.14MiB / 3.871GiB, 0.53%, 4.26kB / 1.84kB, 14.6MB / 111MB, 12
[2J[Hok, 959613ccb099, image-processing-pillow.1.cvtv3rc0okmzwcyom3e791fdn, 103.38%, 21.11MiB / 3.871GiB, 0.53%, 4.26kB / 1.84kB, 14.6MB / 112MB, 12
[2J[Hok, 959613ccb099, image-processing-pillow.1.cvtv3rc0okmzwcyom3e791fdn, 103.38%, 21.11MiB / 3.871GiB, 0.53%, 4.26kB / 1.84kB, 14.6MB / 112MB, 12
[2J[Hok, 959613ccb099, image-processing-pillow.1.cvtv3rc0okmzwcyom3e791fdn, 97.95%, 21.2MiB / 3.871GiB, 0.53%, 4.26kB / 1.84kB, 14.6MB / 114MB, 12
[2J[Hok, 959613ccb099, image-processing-pillow.1.cvtv3rc0okmzwcyom3e791fdn, 97.95%, 21.2MiB / 3.871GiB, 0.53%, 4.26kB / 1.84kB, 14.6MB / 114MB, 12
[2J[Hok, 959613ccb099, image-processing-pillow.1.cvtv3rc0okmzwcyom3e791fdn, 99.69%, 21.15MiB / 3.871GiB, 0.53%, 4.26kB / 1.84kB, 14.6MB / 116MB, 12
[2J[Hok, 959613ccb099, image-processing-pillow.1.cvtv3rc0okmzwcyom3e791fdn, 99.69%, 21.15MiB / 3.871GiB, 0.53%, 4.26kB / 1.84kB, 14.6MB / 116MB, 12
[2J[Hok, 959613ccb099, image-processing-pillow.1.cvtv3rc0okmzwcyom3e791fdn, 104.14%, 21.2MiB / 3.871GiB, 0.53%, 4.32kB / 1.9kB, 14.6MB / 118MB, 12
[2J[Hok, 959613ccb099, image-processing-pillow.1.cvtv3rc0okmzwcyom3e791fdn, 104.14%, 21.2MiB / 3.871GiB, 0.53%, 4.32kB / 1.9kB, 14.6MB / 118MB, 12
[2J[Hok, 959613ccb099, image-processing-pillow.1.cvtv3rc0okmzwcyom3e791fdn, 97.72%, 21.09MiB / 3.871GiB, 0.53%, 4.32kB / 1.9kB, 14.6MB / 119MB, 12
[2J[Hok, 959613ccb099, image-processing-pillow.1.cvtv3rc0okmzwcyom3e791fdn, 97.72%, 21.09MiB / 3.871GiB, 0.53%, 4.32kB / 1.9kB, 14.6MB / 119MB, 12
[2J[Hok, 959613ccb099, image-processing-pillow.1.cvtv3rc0okmzwcyom3e791fdn, 97.90%, 21.1MiB / 3.871GiB, 0.53%, 4.32kB / 1.9kB, 14.6MB / 121MB, 12
[2J[Hok, 959613ccb099, image-processing-pillow.1.cvtv3rc0okmzwcyom3e791fdn, 97.90%, 21.1MiB / 3.871GiB, 0.53%, 4.32kB / 1.9kB, 14.6MB / 121MB, 12
[2J[Hok, 959613ccb099, image-processing-pillow.1.cvtv3rc0okmzwcyom3e791fdn, 102.58%, 21.1MiB / 3.871GiB, 0.53%, 4.32kB / 1.9kB, 14.6MB / 123MB, 12
[2J[Hok, 959613ccb099, image-processing-pillow.1.cvtv3rc0okmzwcyom3e791fdn, 102.58%, 21.1MiB / 3.871GiB, 0.53%, 4.32kB / 1.9kB, 14.6MB / 123MB, 12
