[2J[HOK,3,2,d25509de4802, matrix-multiplication-low.1.fj6fao11wzexluu11xu4ty3gz, 0.60%, 45.69MiB / 3.871GiB, 1.15%, 278kB / 277kB, 68.2MB / 195MB
[2J[HOK,3,2,d25509de4802, matrix-multiplication-low.1.fj6fao11wzexluu11xu4ty3gz, 0.60%, 45.69MiB / 3.871GiB, 1.15%, 278kB / 277kB, 68.2MB / 195MB
[2J[HOK,3,2,d25509de4802, matrix-multiplication-low.1.fj6fao11wzexluu11xu4ty3gz, 89.01%, 55.85MiB / 3.871GiB, 1.41%, 278kB / 277kB, 68.2MB / 195MB
[2J[HOK,3,2,d25509de4802, matrix-multiplication-low.1.fj6fao11wzexluu11xu4ty3gz, 89.01%, 55.85MiB / 3.871GiB, 1.41%, 278kB / 277kB, 68.2MB / 195MB
[2J[HOK,3,2,d25509de4802, matrix-multiplication-low.1.fj6fao11wzexluu11xu4ty3gz, 211.73%, 71.47MiB / 3.871GiB, 1.80%, 278kB / 277kB, 68.2MB / 195MB
[2J[HOK,3,2,d25509de4802, matrix-multiplication-low.1.fj6fao11wzexluu11xu4ty3gz, 211.73%, 71.47MiB / 3.871GiB, 1.80%, 278kB / 277kB, 68.2MB / 195MB
[2J[HOK,3,2,d25509de4802, matrix-multiplication-low.1.fj6fao11wzexluu11xu4ty3gz, 376.54%, 72.36MiB / 3.871GiB, 1.83%, 278kB / 277kB, 68.2MB / 196MB
[2J[HOK,3,2,d25509de4802, matrix-multiplication-low.1.fj6fao11wzexluu11xu4ty3gz, 376.54%, 72.36MiB / 3.871GiB, 1.83%, 278kB / 277kB, 68.2MB / 196MB
[2J[HOK,3,2,d25509de4802, matrix-multiplication-low.1.fj6fao11wzexluu11xu4ty3gz, 299.77%, 78.24MiB / 3.871GiB, 1.97%, 279kB / 277kB, 68.2MB / 196MB
[2J[HOK,3,2,d25509de4802, matrix-multiplication-low.1.fj6fao11wzexluu11xu4ty3gz, 299.77%, 78.24MiB / 3.871GiB, 1.97%, 279kB / 277kB, 68.2MB / 196MB
[2J[HOK,3,2,d25509de4802, matrix-multiplication-low.1.fj6fao11wzexluu11xu4ty3gz, 356.39%, 119.5MiB / 3.871GiB, 3.01%, 279kB / 277kB, 68.2MB / 196MB
[2J[HOK,3,2,d25509de4802, matrix-multiplication-low.1.fj6fao11wzexluu11xu4ty3gz, 356.39%, 119.5MiB / 3.871GiB, 3.01%, 279kB / 277kB, 68.2MB / 196MB
[2J[HOK,3,2,d25509de4802, matrix-multiplication-low.1.fj6fao11wzexluu11xu4ty3gz, 394.58%, 119.5MiB / 3.871GiB, 3.01%, 279kB / 277kB, 68.2MB / 196MB
[2J[HOK,3,2,d25509de4802, matrix-multiplication-low.1.fj6fao11wzexluu11xu4ty3gz, 394.58%, 119.5MiB / 3.871GiB, 3.01%, 279kB / 277kB, 68.2MB / 196MB
[2J[HOK,3,2,d25509de4802, matrix-multiplication-low.1.fj6fao11wzexluu11xu4ty3gz, 379.88%, 119.3MiB / 3.871GiB, 3.01%, 279kB / 277kB, 68.2MB / 196MB
[2J[HOK,3,2,d25509de4802, matrix-multiplication-low.1.fj6fao11wzexluu11xu4ty3gz, 379.88%, 119.3MiB / 3.871GiB, 3.01%, 279kB / 277kB, 68.2MB / 196MB
[2J[HOK,3,2,d25509de4802, matrix-multiplication-low.1.fj6fao11wzexluu11xu4ty3gz, 394.75%, 119.3MiB / 3.871GiB, 3.01%, 279kB / 277kB, 68.2MB / 196MB
[2J[HOK,3,2,d25509de4802, matrix-multiplication-low.1.fj6fao11wzexluu11xu4ty3gz, 394.75%, 119.3MiB / 3.871GiB, 3.01%, 279kB / 277kB, 68.2MB / 196MB
[2J[HOK,3,2,d25509de4802, matrix-multiplication-low.1.fj6fao11wzexluu11xu4ty3gz, 388.45%, 119.3MiB / 3.871GiB, 3.01%, 279kB / 277kB, 68.2MB / 196MB
[2J[HOK,3,2,d25509de4802, matrix-multiplication-low.1.fj6fao11wzexluu11xu4ty3gz, 388.45%, 119.3MiB / 3.871GiB, 3.01%, 279kB / 277kB, 68.2MB / 196MB
[2J[HOK,3,2,d25509de4802, matrix-multiplication-low.1.fj6fao11wzexluu11xu4ty3gz, 378.21%, 119.3MiB / 3.871GiB, 3.01%, 279kB / 277kB, 68.2MB / 196MB
[2J[HOK,3,2,d25509de4802, matrix-multiplication-low.1.fj6fao11wzexluu11xu4ty3gz, 378.21%, 119.3MiB / 3.871GiB, 3.01%, 279kB / 277kB, 68.2MB / 196MB
[2J[HOK,3,2,d25509de4802, matrix-multiplication-low.1.fj6fao11wzexluu11xu4ty3gz, 396.68%, 119.3MiB / 3.871GiB, 3.01%, 279kB / 277kB, 68.2MB / 196MB
[2J[HOK,3,2,d25509de4802, matrix-multiplication-low.1.fj6fao11wzexluu11xu4ty3gz, 396.68%, 119.3MiB / 3.871GiB, 3.01%, 279kB / 277kB, 68.2MB / 196MB
[2J[HOK,3,2,d25509de4802, matrix-multiplication-low.1.fj6fao11wzexluu11xu4ty3gz, 391.70%, 119.3MiB / 3.871GiB, 3.01%, 279kB / 277kB, 68.2MB / 196MB
[2J[HOK,3,2,d25509de4802, matrix-multiplication-low.1.fj6fao11wzexluu11xu4ty3gz, 391.70%, 119.3MiB / 3.871GiB, 3.01%, 279kB / 277kB, 68.2MB / 196MB
[2J[HOK,3,2,d25509de4802, matrix-multiplication-low.1.fj6fao11wzexluu11xu4ty3gz, 382.84%, 119.3MiB / 3.871GiB, 3.01%, 279kB / 277kB, 68.2MB / 196MB
[2J[HOK,3,2,d25509de4802, matrix-multiplication-low.1.fj6fao11wzexluu11xu4ty3gz, 382.84%, 119.3MiB / 3.871GiB, 3.01%, 279kB / 277kB, 68.2MB / 196MB
[2J[HOK,3,2,d25509de4802, matrix-multiplication-low.1.fj6fao11wzexluu11xu4ty3gz, 393.93%, 119.3MiB / 3.871GiB, 3.01%, 279kB / 277kB, 68.2MB / 196MB
[2J[HOK,3,2,d25509de4802, matrix-multiplication-low.1.fj6fao11wzexluu11xu4ty3gz, 393.93%, 119.3MiB / 3.871GiB, 3.01%, 279kB / 277kB, 68.2MB / 196MB
[2J[HOK,3,2,d25509de4802, matrix-multiplication-low.1.fj6fao11wzexluu11xu4ty3gz, 395.86%, 119.3MiB / 3.871GiB, 3.01%, 279kB / 277kB, 68.2MB / 196MB
[2J[HOK,3,2,d25509de4802, matrix-multiplication-low.1.fj6fao11wzexluu11xu4ty3gz, 395.86%, 119.3MiB / 3.871GiB, 3.01%, 279kB / 277kB, 68.2MB / 196MB
[2J[HOK,3,2,d25509de4802, matrix-multiplication-low.1.fj6fao11wzexluu11xu4ty3gz, 385.12%, 119.3MiB / 3.871GiB, 3.01%, 279kB / 277kB, 68.2MB / 196MB
[2J[HOK,3,2,d25509de4802, matrix-multiplication-low.1.fj6fao11wzexluu11xu4ty3gz, 385.12%, 119.3MiB / 3.871GiB, 3.01%, 279kB / 277kB, 68.2MB / 196MB
[2J[HOK,3,2,d25509de4802, matrix-multiplication-low.1.fj6fao11wzexluu11xu4ty3gz, 389.00%, 119.3MiB / 3.871GiB, 3.01%, 279kB / 277kB, 68.2MB / 196MB
[2J[HOK,3,2,d25509de4802, matrix-multiplication-low.1.fj6fao11wzexluu11xu4ty3gz, 389.00%, 119.3MiB / 3.871GiB, 3.01%, 279kB / 277kB, 68.2MB / 196MB
[2J[HOK,3,2,d25509de4802, matrix-multiplication-low.1.fj6fao11wzexluu11xu4ty3gz, 395.38%, 119.3MiB / 3.871GiB, 3.01%, 279kB / 277kB, 68.2MB / 196MB
[2J[HOK,3,2,d25509de4802, matrix-multiplication-low.1.fj6fao11wzexluu11xu4ty3gz, 395.38%, 119.3MiB / 3.871GiB, 3.01%, 279kB / 277kB, 68.2MB / 196MB
[2J[HOK,3,2,d25509de4802, matrix-multiplication-low.1.fj6fao11wzexluu11xu4ty3gz, 394.00%, 119.3MiB / 3.871GiB, 3.01%, 279kB / 278kB, 68.2MB / 196MB
[2J[HOK,3,2,d25509de4802, matrix-multiplication-low.1.fj6fao11wzexluu11xu4ty3gz, 394.00%, 119.3MiB / 3.871GiB, 3.01%, 279kB / 278kB, 68.2MB / 196MB
[2J[HOK,3,2,d25509de4802, matrix-multiplication-low.1.fj6fao11wzexluu11xu4ty3gz, 386.86%, 119.5MiB / 3.871GiB, 3.01%, 279kB / 278kB, 68.2MB / 196MB
[2J[HOK,3,2,d25509de4802, matrix-multiplication-low.1.fj6fao11wzexluu11xu4ty3gz, 386.86%, 119.5MiB / 3.871GiB, 3.01%, 279kB / 278kB, 68.2MB / 196MB
[2J[HOK,3,2,d25509de4802, matrix-multiplication-low.1.fj6fao11wzexluu11xu4ty3gz, 384.33%, 119.4MiB / 3.871GiB, 3.01%, 279kB / 278kB, 68.2MB / 196MB
[2J[HOK,3,2,d25509de4802, matrix-multiplication-low.1.fj6fao11wzexluu11xu4ty3gz, 384.33%, 119.4MiB / 3.871GiB, 3.01%, 279kB / 278kB, 68.2MB / 196MB
[2J[HOK,3,2,d25509de4802, matrix-multiplication-low.1.fj6fao11wzexluu11xu4ty3gz, 394.95%, 119.4MiB / 3.871GiB, 3.01%, 279kB / 278kB, 68.2MB / 196MB
[2J[HOK,3,2,d25509de4802, matrix-multiplication-low.1.fj6fao11wzexluu11xu4ty3gz, 394.95%, 119.4MiB / 3.871GiB, 3.01%, 279kB / 278kB, 68.2MB / 196MB
[2J[HOK,3,2,d25509de4802, matrix-multiplication-low.1.fj6fao11wzexluu11xu4ty3gz, 384.15%, 119.3MiB / 3.871GiB, 3.01%, 279kB / 278kB, 68.2MB / 196MB
[2J[HOK,3,2,d25509de4802, matrix-multiplication-low.1.fj6fao11wzexluu11xu4ty3gz, 384.15%, 119.3MiB / 3.871GiB, 3.01%, 279kB / 278kB, 68.2MB / 196MB
[2J[HOK,3,2,d25509de4802, matrix-multiplication-low.1.fj6fao11wzexluu11xu4ty3gz, 383.02%, 119.3MiB / 3.871GiB, 3.01%, 279kB / 278kB, 68.2MB / 196MB
[2J[HOK,3,2,d25509de4802, matrix-multiplication-low.1.fj6fao11wzexluu11xu4ty3gz, 383.02%, 119.3MiB / 3.871GiB, 3.01%, 279kB / 278kB, 68.2MB / 196MB
[2J[HOK,3,2,d25509de4802, matrix-multiplication-low.1.fj6fao11wzexluu11xu4ty3gz, 395.27%, 119.3MiB / 3.871GiB, 3.01%, 279kB / 278kB, 68.2MB / 196MB
[2J[HOK,3,2,d25509de4802, matrix-multiplication-low.1.fj6fao11wzexluu11xu4ty3gz, 395.27%, 119.3MiB / 3.871GiB, 3.01%, 279kB / 278kB, 68.2MB / 196MB
[2J[HOK,3,2,d25509de4802, matrix-multiplication-low.1.fj6fao11wzexluu11xu4ty3gz, 384.41%, 119.3MiB / 3.871GiB, 3.01%, 279kB / 278kB, 68.2MB / 196MB
[2J[HOK,3,2,d25509de4802, matrix-multiplication-low.1.fj6fao11wzexluu11xu4ty3gz, 384.41%, 119.3MiB / 3.871GiB, 3.01%, 279kB / 278kB, 68.2MB / 196MB
[2J[HOK,3,2,d25509de4802, matrix-multiplication-low.1.fj6fao11wzexluu11xu4ty3gz, 391.96%, 119.3MiB / 3.871GiB, 3.01%, 279kB / 278kB, 68.2MB / 196MB
[2J[HOK,3,2,d25509de4802, matrix-multiplication-low.1.fj6fao11wzexluu11xu4ty3gz, 391.96%, 119.3MiB / 3.871GiB, 3.01%, 279kB / 278kB, 68.2MB / 196MB
[2J[HOK,3,2,d25509de4802, matrix-multiplication-low.1.fj6fao11wzexluu11xu4ty3gz, 395.06%, 119.3MiB / 3.871GiB, 3.01%, 279kB / 278kB, 68.2MB / 196MB
[2J[HOK,3,2,d25509de4802, matrix-multiplication-low.1.fj6fao11wzexluu11xu4ty3gz, 395.06%, 119.3MiB / 3.871GiB, 3.01%, 279kB / 278kB, 68.2MB / 196MB
[2J[HOK,3,2,d25509de4802, matrix-multiplication-low.1.fj6fao11wzexluu11xu4ty3gz, 382.48%, 120MiB / 3.871GiB, 3.03%, 279kB / 278kB, 68.2MB / 196MB
[2J[HOK,3,2,d25509de4802, matrix-multiplication-low.1.fj6fao11wzexluu11xu4ty3gz, 382.48%, 120MiB / 3.871GiB, 3.03%, 279kB / 278kB, 68.2MB / 196MB
[2J[HOK,3,2,d25509de4802, matrix-multiplication-low.1.fj6fao11wzexluu11xu4ty3gz, 390.87%, 119.4MiB / 3.871GiB, 3.01%, 279kB / 278kB, 68.2MB / 196MB
[2J[HOK,3,2,d25509de4802, matrix-multiplication-low.1.fj6fao11wzexluu11xu4ty3gz, 390.87%, 119.4MiB / 3.871GiB, 3.01%, 279kB / 278kB, 68.2MB / 196MB
[2J[HOK,3,2,d25509de4802, matrix-multiplication-low.1.fj6fao11wzexluu11xu4ty3gz, 391.78%, 119.4MiB / 3.871GiB, 3.01%, 279kB / 278kB, 68.2MB / 196MB
[2J[HOK,3,2,d25509de4802, matrix-multiplication-low.1.fj6fao11wzexluu11xu4ty3gz, 391.78%, 119.4MiB / 3.871GiB, 3.01%, 279kB / 278kB, 68.2MB / 196MB
[2J[HOK,3,2,d25509de4802, matrix-multiplication-low.1.fj6fao11wzexluu11xu4ty3gz, 391.82%, 119.3MiB / 3.871GiB, 3.01%, 279kB / 278kB, 68.2MB / 196MB
[2J[HOK,3,2,d25509de4802, matrix-multiplication-low.1.fj6fao11wzexluu11xu4ty3gz, 391.82%, 119.3MiB / 3.871GiB, 3.01%, 279kB / 278kB, 68.2MB / 196MB
[2J[HOK,3,2,d25509de4802, matrix-multiplication-low.1.fj6fao11wzexluu11xu4ty3gz, 384.30%, 119.4MiB / 3.871GiB, 3.01%, 279kB / 278kB, 68.2MB / 196MB
[2J[HOK,3,2,d25509de4802, matrix-multiplication-low.1.fj6fao11wzexluu11xu4ty3gz, 384.30%, 119.4MiB / 3.871GiB, 3.01%, 279kB / 278kB, 68.2MB / 196MB
[2J[HOK,3,2,d25509de4802, matrix-multiplication-low.1.fj6fao11wzexluu11xu4ty3gz, 395.95%, 119.4MiB / 3.871GiB, 3.01%, 280kB / 278kB, 68.2MB / 196MB
[2J[HOK,3,2,d25509de4802, matrix-multiplication-low.1.fj6fao11wzexluu11xu4ty3gz, 395.95%, 119.4MiB / 3.871GiB, 3.01%, 280kB / 278kB, 68.2MB / 196MB
[2J[HOK,3,2,d25509de4802, matrix-multiplication-low.1.fj6fao11wzexluu11xu4ty3gz, 365.45%, 58.12MiB / 3.871GiB, 1.47%, 280kB / 279kB, 68.2MB / 197MB
[2J[HOK,3,2,d25509de4802, matrix-multiplication-low.1.fj6fao11wzexluu11xu4ty3gz, 365.45%, 58.12MiB / 3.871GiB, 1.47%, 280kB / 279kB, 68.2MB / 197MB
[2J[HOK,3,2,d25509de4802, matrix-multiplication-low.1.fj6fao11wzexluu11xu4ty3gz, 316.14%, 83.19MiB / 3.871GiB, 2.10%, 280kB / 279kB, 68.2MB / 197MB
[2J[HOK,3,2,d25509de4802, matrix-multiplication-low.1.fj6fao11wzexluu11xu4ty3gz, 316.14%, 83.19MiB / 3.871GiB, 2.10%, 280kB / 279kB, 68.2MB / 197MB
[2J[HOK,3,2,d25509de4802, matrix-multiplication-low.1.fj6fao11wzexluu11xu4ty3gz, 366.46%, 119.2MiB / 3.871GiB, 3.01%, 280kB / 279kB, 68.2MB / 197MB
[2J[HOK,3,2,d25509de4802, matrix-multiplication-low.1.fj6fao11wzexluu11xu4ty3gz, 366.46%, 119.2MiB / 3.871GiB, 3.01%, 280kB / 279kB, 68.2MB / 197MB
[2J[HOK,3,2,d25509de4802, matrix-multiplication-low.1.fj6fao11wzexluu11xu4ty3gz, 395.76%, 119.1MiB / 3.871GiB, 3.00%, 280kB / 279kB, 68.2MB / 197MB
[2J[HOK,3,2,d25509de4802, matrix-multiplication-low.1.fj6fao11wzexluu11xu4ty3gz, 395.76%, 119.1MiB / 3.871GiB, 3.00%, 280kB / 279kB, 68.2MB / 197MB
[2J[HOK,3,2,d25509de4802, matrix-multiplication-low.1.fj6fao11wzexluu11xu4ty3gz, 384.54%, 119.1MiB / 3.871GiB, 3.00%, 281kB / 279kB, 68.2MB / 197MB
[2J[HOK,3,2,d25509de4802, matrix-multiplication-low.1.fj6fao11wzexluu11xu4ty3gz, 384.54%, 119.1MiB / 3.871GiB, 3.00%, 281kB / 279kB, 68.2MB / 197MB
[2J[HOK,3,2,d25509de4802, matrix-multiplication-low.1.fj6fao11wzexluu11xu4ty3gz, 395.31%, 119.1MiB / 3.871GiB, 3.00%, 281kB / 279kB, 68.2MB / 197MB
[2J[HOK,3,2,d25509de4802, matrix-multiplication-low.1.fj6fao11wzexluu11xu4ty3gz, 395.31%, 119.1MiB / 3.871GiB, 3.00%, 281kB / 279kB, 68.2MB / 197MB
[2J[HOK,3,2,d25509de4802, matrix-multiplication-low.1.fj6fao11wzexluu11xu4ty3gz, 395.37%, 119.1MiB / 3.871GiB, 3.00%, 281kB / 279kB, 68.2MB / 197MB
[2J[HOK,3,2,d25509de4802, matrix-multiplication-low.1.fj6fao11wzexluu11xu4ty3gz, 395.37%, 119.1MiB / 3.871GiB, 3.00%, 281kB / 279kB, 68.2MB / 197MB
[2J[HOK,3,2,d25509de4802, matrix-multiplication-low.1.fj6fao11wzexluu11xu4ty3gz, 378.16%, 121.6MiB / 3.871GiB, 3.07%, 281kB / 279kB, 68.2MB / 197MB
[2J[HOK,3,2,d25509de4802, matrix-multiplication-low.1.fj6fao11wzexluu11xu4ty3gz, 378.16%, 121.6MiB / 3.871GiB, 3.07%, 281kB / 279kB, 68.2MB / 197MB
[2J[HOK,3,2,d25509de4802, matrix-multiplication-low.1.fj6fao11wzexluu11xu4ty3gz, 394.86%, 119.2MiB / 3.871GiB, 3.01%, 281kB / 279kB, 68.2MB / 197MB
[2J[HOK,3,2,d25509de4802, matrix-multiplication-low.1.fj6fao11wzexluu11xu4ty3gz, 394.86%, 119.2MiB / 3.871GiB, 3.01%, 281kB / 279kB, 68.2MB / 197MB
[2J[HOK,3,2,d25509de4802, matrix-multiplication-low.1.fj6fao11wzexluu11xu4ty3gz, 395.88%, 119.2MiB / 3.871GiB, 3.01%, 281kB / 279kB, 68.2MB / 197MB
[2J[HOK,3,2,d25509de4802, matrix-multiplication-low.1.fj6fao11wzexluu11xu4ty3gz, 395.88%, 119.2MiB / 3.871GiB, 3.01%, 281kB / 279kB, 68.2MB / 197MB
[2J[HOK,3,2,d25509de4802, matrix-multiplication-low.1.fj6fao11wzexluu11xu4ty3gz, 395.11%, 119.2MiB / 3.871GiB, 3.01%, 281kB / 279kB, 68.2MB / 197MB
[2J[HOK,3,2,d25509de4802, matrix-multiplication-low.1.fj6fao11wzexluu11xu4ty3gz, 395.11%, 119.2MiB / 3.871GiB, 3.01%, 281kB / 279kB, 68.2MB / 197MB
[2J[HOK,3,2,d25509de4802, matrix-multiplication-low.1.fj6fao11wzexluu11xu4ty3gz, 375.52%, 119.1MiB / 3.871GiB, 3.00%, 281kB / 279kB, 68.2MB / 197MB
[2J[HOK,3,2,d25509de4802, matrix-multiplication-low.1.fj6fao11wzexluu11xu4ty3gz, 375.52%, 119.1MiB / 3.871GiB, 3.00%, 281kB / 279kB, 68.2MB / 197MB
[2J[HOK,3,2,d25509de4802, matrix-multiplication-low.1.fj6fao11wzexluu11xu4ty3gz, 391.60%, 119.1MiB / 3.871GiB, 3.00%, 281kB / 279kB, 68.2MB / 197MB
[2J[HOK,3,2,d25509de4802, matrix-multiplication-low.1.fj6fao11wzexluu11xu4ty3gz, 391.60%, 119.1MiB / 3.871GiB, 3.00%, 281kB / 279kB, 68.2MB / 197MB
[2J[HOK,3,2,d25509de4802, matrix-multiplication-low.1.fj6fao11wzexluu11xu4ty3gz, 395.98%, 119.1MiB / 3.871GiB, 3.00%, 281kB / 279kB, 68.2MB / 197MB
[2J[HOK,3,2,d25509de4802, matrix-multiplication-low.1.fj6fao11wzexluu11xu4ty3gz, 395.98%, 119.1MiB / 3.871GiB, 3.00%, 281kB / 279kB, 68.2MB / 197MB
[2J[HOK,3,2,d25509de4802, matrix-multiplication-low.1.fj6fao11wzexluu11xu4ty3gz, 376.14%, 119.1MiB / 3.871GiB, 3.00%, 281kB / 279kB, 68.2MB / 197MB
[2J[HOK,3,2,d25509de4802, matrix-multiplication-low.1.fj6fao11wzexluu11xu4ty3gz, 376.14%, 119.1MiB / 3.871GiB, 3.00%, 281kB / 279kB, 68.2MB / 197MB
[2J[HOK,3,2,d25509de4802, matrix-multiplication-low.1.fj6fao11wzexluu11xu4ty3gz, 395.84%, 119.1MiB / 3.871GiB, 3.00%, 281kB / 279kB, 68.2MB / 197MB
[2J[HOK,3,2,d25509de4802, matrix-multiplication-low.1.fj6fao11wzexluu11xu4ty3gz, 395.84%, 119.1MiB / 3.871GiB, 3.00%, 281kB / 279kB, 68.2MB / 197MB
[2J[HOK,3,2,d25509de4802, matrix-multiplication-low.1.fj6fao11wzexluu11xu4ty3gz, 392.64%, 119.1MiB / 3.871GiB, 3.00%, 281kB / 279kB, 68.2MB / 197MB
[2J[HOK,3,2,d25509de4802, matrix-multiplication-low.1.fj6fao11wzexluu11xu4ty3gz, 392.64%, 119.1MiB / 3.871GiB, 3.00%, 281kB / 279kB, 68.2MB / 197MB
[2J[HOK,3,2,d25509de4802, matrix-multiplication-low.1.fj6fao11wzexluu11xu4ty3gz, 379.40%, 119.1MiB / 3.871GiB, 3.00%, 281kB / 279kB, 68.2MB / 197MB
[2J[HOK,3,2,d25509de4802, matrix-multiplication-low.1.fj6fao11wzexluu11xu4ty3gz, 379.40%, 119.1MiB / 3.871GiB, 3.00%, 281kB / 279kB, 68.2MB / 197MB
[2J[HOK,3,2,d25509de4802, matrix-multiplication-low.1.fj6fao11wzexluu11xu4ty3gz, 394.79%, 119.1MiB / 3.871GiB, 3.00%, 281kB / 279kB, 68.2MB / 197MB
[2J[HOK,3,2,d25509de4802, matrix-multiplication-low.1.fj6fao11wzexluu11xu4ty3gz, 394.79%, 119.1MiB / 3.871GiB, 3.00%, 281kB / 279kB, 68.2MB / 197MB
[2J[HOK,3,2,d25509de4802, matrix-multiplication-low.1.fj6fao11wzexluu11xu4ty3gz, 392.74%, 119.1MiB / 3.871GiB, 3.00%, 281kB / 279kB, 68.2MB / 197MB
[2J[HOK,3,2,d25509de4802, matrix-multiplication-low.1.fj6fao11wzexluu11xu4ty3gz, 392.74%, 119.1MiB / 3.871GiB, 3.00%, 281kB / 279kB, 68.2MB / 197MB
[2J[HOK,3,2,d25509de4802, matrix-multiplication-low.1.fj6fao11wzexluu11xu4ty3gz, 391.42%, 119.1MiB / 3.871GiB, 3.00%, 281kB / 279kB, 68.2MB / 197MB
[2J[HOK,3,2,d25509de4802, matrix-multiplication-low.1.fj6fao11wzexluu11xu4ty3gz, 391.42%, 119.1MiB / 3.871GiB, 3.00%, 281kB / 279kB, 68.2MB / 197MB
[2J[HOK,3,2,d25509de4802, matrix-multiplication-low.1.fj6fao11wzexluu11xu4ty3gz, 385.24%, 119.1MiB / 3.871GiB, 3.01%, 281kB / 279kB, 68.2MB / 197MB
[2J[HOK,3,2,d25509de4802, matrix-multiplication-low.1.fj6fao11wzexluu11xu4ty3gz, 385.24%, 119.1MiB / 3.871GiB, 3.01%, 281kB / 279kB, 68.2MB / 197MB
[2J[HOK,3,2,d25509de4802, matrix-multiplication-low.1.fj6fao11wzexluu11xu4ty3gz, 392.35%, 119.1MiB / 3.871GiB, 3.00%, 281kB / 279kB, 68.2MB / 197MB
[2J[HOK,3,2,d25509de4802, matrix-multiplication-low.1.fj6fao11wzexluu11xu4ty3gz, 392.35%, 119.1MiB / 3.871GiB, 3.00%, 281kB / 279kB, 68.2MB / 197MB
[2J[HOK,3,2,d25509de4802, matrix-multiplication-low.1.fj6fao11wzexluu11xu4ty3gz, 394.07%, 119.1MiB / 3.871GiB, 3.00%, 281kB / 279kB, 68.2MB / 197MB
[2J[HOK,3,2,d25509de4802, matrix-multiplication-low.1.fj6fao11wzexluu11xu4ty3gz, 394.07%, 119.1MiB / 3.871GiB, 3.00%, 281kB / 279kB, 68.2MB / 197MB
[2J[HOK,3,2,d25509de4802, matrix-multiplication-low.1.fj6fao11wzexluu11xu4ty3gz, 381.36%, 119.2MiB / 3.871GiB, 3.01%, 281kB / 279kB, 68.2MB / 197MB
[2J[HOK,3,2,d25509de4802, matrix-multiplication-low.1.fj6fao11wzexluu11xu4ty3gz, 381.36%, 119.2MiB / 3.871GiB, 3.01%, 281kB / 279kB, 68.2MB / 197MB
[2J[HOK,3,2,d25509de4802, matrix-multiplication-low.1.fj6fao11wzexluu11xu4ty3gz, 381.36%, 119.2MiB / 3.871GiB, 3.01%, 281kB / 279kB, 68.2MB / 197MB
[2J[HOK,3,2,d25509de4802, matrix-multiplication-low.1.fj6fao11wzexluu11xu4ty3gz, 392.62%, 119.2MiB / 3.871GiB, 3.01%, 281kB / 279kB, 68.2MB / 197MB
[2J[HOK,3,2,d25509de4802, matrix-multiplication-low.1.fj6fao11wzexluu11xu4ty3gz, 392.62%, 119.2MiB / 3.871GiB, 3.01%, 281kB / 279kB, 68.2MB / 197MB
[2J[HOK,3,2,d25509de4802, matrix-multiplication-low.1.fj6fao11wzexluu11xu4ty3gz, 395.81%, 119.2MiB / 3.871GiB, 3.01%, 281kB / 279kB, 68.2MB / 197MB
[2J[HOK,3,2,d25509de4802, matrix-multiplication-low.1.fj6fao11wzexluu11xu4ty3gz, 395.81%, 119.2MiB / 3.871GiB, 3.01%, 281kB / 279kB, 68.2MB / 197MB
[2J[HOK,3,2,d25509de4802, matrix-multiplication-low.1.fj6fao11wzexluu11xu4ty3gz, 378.26%, 119.2MiB / 3.871GiB, 3.01%, 281kB / 279kB, 68.2MB / 197MB
[2J[HOK,3,2,d25509de4802, matrix-multiplication-low.1.fj6fao11wzexluu11xu4ty3gz, 378.26%, 119.2MiB / 3.871GiB, 3.01%, 281kB / 279kB, 68.2MB / 197MB
[2J[HOK,3,2,d25509de4802, matrix-multiplication-low.1.fj6fao11wzexluu11xu4ty3gz, 394.79%, 119.2MiB / 3.871GiB, 3.01%, 281kB / 279kB, 68.2MB / 197MB
[2J[HOK,3,2,d25509de4802, matrix-multiplication-low.1.fj6fao11wzexluu11xu4ty3gz, 394.79%, 119.2MiB / 3.871GiB, 3.01%, 281kB / 279kB, 68.2MB / 197MB
[2J[HOK,3,2,d25509de4802, matrix-multiplication-low.1.fj6fao11wzexluu11xu4ty3gz, 394.41%, 119.2MiB / 3.871GiB, 3.01%, 281kB / 279kB, 68.2MB / 197MB
[2J[HOK,3,2,d25509de4802, matrix-multiplication-low.1.fj6fao11wzexluu11xu4ty3gz, 394.41%, 119.2MiB / 3.871GiB, 3.01%, 281kB / 279kB, 68.2MB / 197MB
[2J[HOK,3,2,d25509de4802, matrix-multiplication-low.1.fj6fao11wzexluu11xu4ty3gz, 388.42%, 119.2MiB / 3.871GiB, 3.01%, 281kB / 279kB, 68.2MB / 197MB
[2J[HOK,3,2,d25509de4802, matrix-multiplication-low.1.fj6fao11wzexluu11xu4ty3gz, 388.42%, 119.2MiB / 3.871GiB, 3.01%, 281kB / 279kB, 68.2MB / 197MB
[2J[HOK,3,2,d25509de4802, matrix-multiplication-low.1.fj6fao11wzexluu11xu4ty3gz, 386.86%, 101MiB / 3.871GiB, 2.55%, 281kB / 279kB, 68.2MB / 198MB
[2J[HOK,3,2,d25509de4802, matrix-multiplication-low.1.fj6fao11wzexluu11xu4ty3gz, 386.86%, 101MiB / 3.871GiB, 2.55%, 281kB / 279kB, 68.2MB / 198MB
[2J[HOK,3,2,d25509de4802, matrix-multiplication-low.1.fj6fao11wzexluu11xu4ty3gz, 336.72%, 81.12MiB / 3.871GiB, 2.05%, 282kB / 280kB, 68.2MB / 200MB
[2J[HOK,3,2,d25509de4802, matrix-multiplication-low.1.fj6fao11wzexluu11xu4ty3gz, 336.72%, 81.12MiB / 3.871GiB, 2.05%, 282kB / 280kB, 68.2MB / 200MB
[2J[HOK,3,2,d25509de4802, matrix-multiplication-low.1.fj6fao11wzexluu11xu4ty3gz, 390.42%, 117.5MiB / 3.871GiB, 2.96%, 282kB / 280kB, 68.2MB / 200MB
[2J[HOK,3,2,d25509de4802, matrix-multiplication-low.1.fj6fao11wzexluu11xu4ty3gz, 390.42%, 117.5MiB / 3.871GiB, 2.96%, 282kB / 280kB, 68.2MB / 200MB
[2J[HOK,3,2,d25509de4802, matrix-multiplication-low.1.fj6fao11wzexluu11xu4ty3gz, 382.13%, 117.4MiB / 3.871GiB, 2.96%, 282kB / 280kB, 68.2MB / 200MB
[2J[HOK,3,2,d25509de4802, matrix-multiplication-low.1.fj6fao11wzexluu11xu4ty3gz, 382.13%, 117.4MiB / 3.871GiB, 2.96%, 282kB / 280kB, 68.2MB / 200MB
[2J[HOK,3,2,d25509de4802, matrix-multiplication-low.1.fj6fao11wzexluu11xu4ty3gz, 393.18%, 117.3MiB / 3.871GiB, 2.96%, 282kB / 280kB, 68.2MB / 200MB
[2J[HOK,3,2,d25509de4802, matrix-multiplication-low.1.fj6fao11wzexluu11xu4ty3gz, 393.18%, 117.3MiB / 3.871GiB, 2.96%, 282kB / 280kB, 68.2MB / 200MB
[2J[HOK,3,2,d25509de4802, matrix-multiplication-low.1.fj6fao11wzexluu11xu4ty3gz, 395.75%, 117.3MiB / 3.871GiB, 2.96%, 282kB / 280kB, 68.2MB / 200MB
[2J[HOK,3,2,d25509de4802, matrix-multiplication-low.1.fj6fao11wzexluu11xu4ty3gz, 395.75%, 117.3MiB / 3.871GiB, 2.96%, 282kB / 280kB, 68.2MB / 200MB
[2J[HOK,3,2,d25509de4802, matrix-multiplication-low.1.fj6fao11wzexluu11xu4ty3gz, 375.86%, 117.4MiB / 3.871GiB, 2.96%, 282kB / 280kB, 68.2MB / 200MB
[2J[HOK,3,2,d25509de4802, matrix-multiplication-low.1.fj6fao11wzexluu11xu4ty3gz, 375.86%, 117.4MiB / 3.871GiB, 2.96%, 282kB / 280kB, 68.2MB / 200MB
[2J[HOK,3,2,d25509de4802, matrix-multiplication-low.1.fj6fao11wzexluu11xu4ty3gz, 396.68%, 117.3MiB / 3.871GiB, 2.96%, 282kB / 280kB, 68.2MB / 200MB
[2J[HOK,3,2,d25509de4802, matrix-multiplication-low.1.fj6fao11wzexluu11xu4ty3gz, 396.68%, 117.3MiB / 3.871GiB, 2.96%, 282kB / 280kB, 68.2MB / 200MB
[2J[HOK,3,2,d25509de4802, matrix-multiplication-low.1.fj6fao11wzexluu11xu4ty3gz, 394.61%, 117.3MiB / 3.871GiB, 2.96%, 282kB / 280kB, 68.2MB / 200MB
[2J[HOK,3,2,d25509de4802, matrix-multiplication-low.1.fj6fao11wzexluu11xu4ty3gz, 394.61%, 117.3MiB / 3.871GiB, 2.96%, 282kB / 280kB, 68.2MB / 200MB
[2J[HOK,3,2,d25509de4802, matrix-multiplication-low.1.fj6fao11wzexluu11xu4ty3gz, 384.82%, 120MiB / 3.871GiB, 3.03%, 282kB / 280kB, 68.2MB / 200MB
[2J[HOK,3,2,d25509de4802, matrix-multiplication-low.1.fj6fao11wzexluu11xu4ty3gz, 384.82%, 120MiB / 3.871GiB, 3.03%, 282kB / 280kB, 68.2MB / 200MB
[2J[HOK,3,2,d25509de4802, matrix-multiplication-low.1.fj6fao11wzexluu11xu4ty3gz, 392.74%, 117.4MiB / 3.871GiB, 2.96%, 282kB / 280kB, 68.2MB / 200MB
[2J[HOK,3,2,d25509de4802, matrix-multiplication-low.1.fj6fao11wzexluu11xu4ty3gz, 392.74%, 117.4MiB / 3.871GiB, 2.96%, 282kB / 280kB, 68.2MB / 200MB
[2J[HOK,3,2,d25509de4802, matrix-multiplication-low.1.fj6fao11wzexluu11xu4ty3gz, 393.32%, 117.3MiB / 3.871GiB, 2.96%, 282kB / 280kB, 68.2MB / 200MB
[2J[HOK,3,2,d25509de4802, matrix-multiplication-low.1.fj6fao11wzexluu11xu4ty3gz, 393.32%, 117.3MiB / 3.871GiB, 2.96%, 282kB / 280kB, 68.2MB / 200MB
[2J[HOK,3,2,d25509de4802, matrix-multiplication-low.1.fj6fao11wzexluu11xu4ty3gz, 390.84%, 117.3MiB / 3.871GiB, 2.96%, 282kB / 280kB, 68.2MB / 200MB
[2J[HOK,3,2,d25509de4802, matrix-multiplication-low.1.fj6fao11wzexluu11xu4ty3gz, 390.84%, 117.3MiB / 3.871GiB, 2.96%, 282kB / 280kB, 68.2MB / 200MB
[2J[HOK,3,2,d25509de4802, matrix-multiplication-low.1.fj6fao11wzexluu11xu4ty3gz, 387.77%, 117.3MiB / 3.871GiB, 2.96%, 282kB / 280kB, 68.2MB / 200MB
[2J[HOK,3,2,d25509de4802, matrix-multiplication-low.1.fj6fao11wzexluu11xu4ty3gz, 387.77%, 117.3MiB / 3.871GiB, 2.96%, 282kB / 280kB, 68.2MB / 200MB
[2J[HOK,3,2,d25509de4802, matrix-multiplication-low.1.fj6fao11wzexluu11xu4ty3gz, 391.60%, 117.3MiB / 3.871GiB, 2.96%, 282kB / 280kB, 68.2MB / 200MB
[2J[HOK,3,2,d25509de4802, matrix-multiplication-low.1.fj6fao11wzexluu11xu4ty3gz, 391.60%, 117.3MiB / 3.871GiB, 2.96%, 282kB / 280kB, 68.2MB / 200MB
[2J[HOK,3,2,d25509de4802, matrix-multiplication-low.1.fj6fao11wzexluu11xu4ty3gz, 398.37%, 117.3MiB / 3.871GiB, 2.96%, 282kB / 280kB, 68.2MB / 200MB
[2J[HOK,3,2,d25509de4802, matrix-multiplication-low.1.fj6fao11wzexluu11xu4ty3gz, 398.37%, 117.3MiB / 3.871GiB, 2.96%, 282kB / 280kB, 68.2MB / 200MB
[2J[HOK,3,2,d25509de4802, matrix-multiplication-low.1.fj6fao11wzexluu11xu4ty3gz, 376.41%, 117.3MiB / 3.871GiB, 2.96%, 282kB / 280kB, 68.2MB / 200MB
[2J[HOK,3,2,d25509de4802, matrix-multiplication-low.1.fj6fao11wzexluu11xu4ty3gz, 376.41%, 117.3MiB / 3.871GiB, 2.96%, 282kB / 280kB, 68.2MB / 200MB
[2J[HOK,3,2,d25509de4802, matrix-multiplication-low.1.fj6fao11wzexluu11xu4ty3gz, 395.29%, 117.3MiB / 3.871GiB, 2.96%, 282kB / 280kB, 68.2MB / 200MB
[2J[HOK,3,2,d25509de4802, matrix-multiplication-low.1.fj6fao11wzexluu11xu4ty3gz, 395.29%, 117.3MiB / 3.871GiB, 2.96%, 282kB / 280kB, 68.2MB / 200MB
[2J[HOK,3,2,d25509de4802, matrix-multiplication-low.1.fj6fao11wzexluu11xu4ty3gz, 392.93%, 117.3MiB / 3.871GiB, 2.96%, 282kB / 280kB, 68.2MB / 200MB
[2J[HOK,3,2,d25509de4802, matrix-multiplication-low.1.fj6fao11wzexluu11xu4ty3gz, 392.93%, 117.3MiB / 3.871GiB, 2.96%, 282kB / 280kB, 68.2MB / 200MB
[2J[HOK,3,2,d25509de4802, matrix-multiplication-low.1.fj6fao11wzexluu11xu4ty3gz, 385.14%, 118.2MiB / 3.871GiB, 2.98%, 282kB / 280kB, 68.2MB / 200MB
[2J[HOK,3,2,d25509de4802, matrix-multiplication-low.1.fj6fao11wzexluu11xu4ty3gz, 385.14%, 118.2MiB / 3.871GiB, 2.98%, 282kB / 280kB, 68.2MB / 200MB
[2J[HOK,3,2,d25509de4802, matrix-multiplication-low.1.fj6fao11wzexluu11xu4ty3gz, 393.55%, 117.3MiB / 3.871GiB, 2.96%, 282kB / 280kB, 68.2MB / 200MB
[2J[HOK,3,2,d25509de4802, matrix-multiplication-low.1.fj6fao11wzexluu11xu4ty3gz, 393.55%, 117.3MiB / 3.871GiB, 2.96%, 282kB / 280kB, 68.2MB / 200MB
[2J[HOK,3,2,d25509de4802, matrix-multiplication-low.1.fj6fao11wzexluu11xu4ty3gz, 391.04%, 117.3MiB / 3.871GiB, 2.96%, 282kB / 280kB, 68.2MB / 200MB
[2J[HOK,3,2,d25509de4802, matrix-multiplication-low.1.fj6fao11wzexluu11xu4ty3gz, 391.04%, 117.3MiB / 3.871GiB, 2.96%, 282kB / 280kB, 68.2MB / 200MB
[2J[HOK,3,2,d25509de4802, matrix-multiplication-low.1.fj6fao11wzexluu11xu4ty3gz, 387.48%, 117.3MiB / 3.871GiB, 2.96%, 282kB / 280kB, 68.2MB / 200MB
[2J[HOK,3,2,d25509de4802, matrix-multiplication-low.1.fj6fao11wzexluu11xu4ty3gz, 387.48%, 117.3MiB / 3.871GiB, 2.96%, 282kB / 280kB, 68.2MB / 200MB
[2J[HOK,3,2,d25509de4802, matrix-multiplication-low.1.fj6fao11wzexluu11xu4ty3gz, 381.78%, 117.3MiB / 3.871GiB, 2.96%, 282kB / 280kB, 68.2MB / 200MB
[2J[HOK,3,2,d25509de4802, matrix-multiplication-low.1.fj6fao11wzexluu11xu4ty3gz, 381.78%, 117.3MiB / 3.871GiB, 2.96%, 282kB / 280kB, 68.2MB / 200MB
[2J[HOK,3,2,d25509de4802, matrix-multiplication-low.1.fj6fao11wzexluu11xu4ty3gz, 395.91%, 117.3MiB / 3.871GiB, 2.96%, 282kB / 280kB, 68.2MB / 200MB
[2J[HOK,3,2,d25509de4802, matrix-multiplication-low.1.fj6fao11wzexluu11xu4ty3gz, 395.91%, 117.3MiB / 3.871GiB, 2.96%, 282kB / 280kB, 68.2MB / 200MB
[2J[HOK,3,2,d25509de4802, matrix-multiplication-low.1.fj6fao11wzexluu11xu4ty3gz, 392.45%, 117.3MiB / 3.871GiB, 2.96%, 282kB / 280kB, 68.2MB / 200MB
[2J[HOK,3,2,d25509de4802, matrix-multiplication-low.1.fj6fao11wzexluu11xu4ty3gz, 392.45%, 117.3MiB / 3.871GiB, 2.96%, 282kB / 280kB, 68.2MB / 200MB
[2J[HOK,3,2,d25509de4802, matrix-multiplication-low.1.fj6fao11wzexluu11xu4ty3gz, 379.47%, 117.5MiB / 3.871GiB, 2.97%, 282kB / 280kB, 68.2MB / 200MB
[2J[HOK,3,2,d25509de4802, matrix-multiplication-low.1.fj6fao11wzexluu11xu4ty3gz, 379.47%, 117.5MiB / 3.871GiB, 2.97%, 282kB / 280kB, 68.2MB / 200MB
[2J[HOK,3,2,d25509de4802, matrix-multiplication-low.1.fj6fao11wzexluu11xu4ty3gz, 396.99%, 117.4MiB / 3.871GiB, 2.96%, 282kB / 280kB, 68.2MB / 200MB
[2J[HOK,3,2,d25509de4802, matrix-multiplication-low.1.fj6fao11wzexluu11xu4ty3gz, 396.99%, 117.4MiB / 3.871GiB, 2.96%, 282kB / 280kB, 68.2MB / 200MB
[2J[HOK,3,2,d25509de4802, matrix-multiplication-low.1.fj6fao11wzexluu11xu4ty3gz, 394.04%, 117.4MiB / 3.871GiB, 2.96%, 282kB / 280kB, 68.2MB / 200MB
[2J[HOK,3,2,d25509de4802, matrix-multiplication-low.1.fj6fao11wzexluu11xu4ty3gz, 394.04%, 117.4MiB / 3.871GiB, 2.96%, 282kB / 280kB, 68.2MB / 200MB
[2J[HOK,3,2,d25509de4802, matrix-multiplication-low.1.fj6fao11wzexluu11xu4ty3gz, 380.08%, 117.3MiB / 3.871GiB, 2.96%, 282kB / 280kB, 68.2MB / 200MB
[2J[HOK,3,2,d25509de4802, matrix-multiplication-low.1.fj6fao11wzexluu11xu4ty3gz, 380.08%, 117.3MiB / 3.871GiB, 2.96%, 282kB / 280kB, 68.2MB / 200MB
[2J[HOK,3,2,d25509de4802, matrix-multiplication-low.1.fj6fao11wzexluu11xu4ty3gz, 392.03%, 99.28MiB / 3.871GiB, 2.50%, 282kB / 281kB, 68.2MB / 201MB
[2J[HOK,3,2,d25509de4802, matrix-multiplication-low.1.fj6fao11wzexluu11xu4ty3gz, 392.03%, 99.28MiB / 3.871GiB, 2.50%, 282kB / 281kB, 68.2MB / 201MB
[2J[HOK,3,2,d25509de4802, matrix-multiplication-low.1.fj6fao11wzexluu11xu4ty3gz, 391.49%, 90.05MiB / 3.871GiB, 2.27%, 283kB / 281kB, 68.2MB / 202MB
[2J[HOK,3,2,d25509de4802, matrix-multiplication-low.1.fj6fao11wzexluu11xu4ty3gz, 391.49%, 90.05MiB / 3.871GiB, 2.27%, 283kB / 281kB, 68.2MB / 202MB
[2J[HOK,3,2,d25509de4802, matrix-multiplication-low.1.fj6fao11wzexluu11xu4ty3gz, 352.44%, 99.65MiB / 3.871GiB, 2.51%, 283kB / 281kB, 68.2MB / 203MB
[2J[HOK,3,2,d25509de4802, matrix-multiplication-low.1.fj6fao11wzexluu11xu4ty3gz, 352.44%, 99.65MiB / 3.871GiB, 2.51%, 283kB / 281kB, 68.2MB / 203MB
[2J[HOK,3,2,d25509de4802, matrix-multiplication-low.1.fj6fao11wzexluu11xu4ty3gz, 393.85%, 107.2MiB / 3.871GiB, 2.70%, 283kB / 281kB, 68.2MB / 203MB
[2J[HOK,3,2,d25509de4802, matrix-multiplication-low.1.fj6fao11wzexluu11xu4ty3gz, 393.85%, 107.2MiB / 3.871GiB, 2.70%, 283kB / 281kB, 68.2MB / 203MB
[2J[HOK,3,2,d25509de4802, matrix-multiplication-low.1.fj6fao11wzexluu11xu4ty3gz, 395.50%, 119.3MiB / 3.871GiB, 3.01%, 283kB / 281kB, 68.2MB / 203MB
[2J[HOK,3,2,d25509de4802, matrix-multiplication-low.1.fj6fao11wzexluu11xu4ty3gz, 395.50%, 119.3MiB / 3.871GiB, 3.01%, 283kB / 281kB, 68.2MB / 203MB
[2J[HOK,3,2,d25509de4802, matrix-multiplication-low.1.fj6fao11wzexluu11xu4ty3gz, 392.93%, 119.3MiB / 3.871GiB, 3.01%, 283kB / 281kB, 68.2MB / 203MB
[2J[HOK,3,2,d25509de4802, matrix-multiplication-low.1.fj6fao11wzexluu11xu4ty3gz, 392.93%, 119.3MiB / 3.871GiB, 3.01%, 283kB / 281kB, 68.2MB / 203MB
[2J[HOK,3,2,d25509de4802, matrix-multiplication-low.1.fj6fao11wzexluu11xu4ty3gz, 379.84%, 119.1MiB / 3.871GiB, 3.00%, 283kB / 281kB, 68.2MB / 203MB
[2J[HOK,3,2,d25509de4802, matrix-multiplication-low.1.fj6fao11wzexluu11xu4ty3gz, 379.84%, 119.1MiB / 3.871GiB, 3.00%, 283kB / 281kB, 68.2MB / 203MB
[2J[HOK,3,2,d25509de4802, matrix-multiplication-low.1.fj6fao11wzexluu11xu4ty3gz, 395.16%, 119.1MiB / 3.871GiB, 3.00%, 283kB / 281kB, 68.2MB / 203MB
[2J[HOK,3,2,d25509de4802, matrix-multiplication-low.1.fj6fao11wzexluu11xu4ty3gz, 395.16%, 119.1MiB / 3.871GiB, 3.00%, 283kB / 281kB, 68.2MB / 203MB
[2J[HOK,3,2,d25509de4802, matrix-multiplication-low.1.fj6fao11wzexluu11xu4ty3gz, 394.71%, 119.1MiB / 3.871GiB, 3.00%, 283kB / 281kB, 68.2MB / 203MB
[2J[HOK,3,2,d25509de4802, matrix-multiplication-low.1.fj6fao11wzexluu11xu4ty3gz, 394.71%, 119.1MiB / 3.871GiB, 3.00%, 283kB / 281kB, 68.2MB / 203MB
[2J[HOK,3,2,d25509de4802, matrix-multiplication-low.1.fj6fao11wzexluu11xu4ty3gz, 384.46%, 119.2MiB / 3.871GiB, 3.01%, 283kB / 281kB, 68.2MB / 203MB
[2J[HOK,3,2,d25509de4802, matrix-multiplication-low.1.fj6fao11wzexluu11xu4ty3gz, 384.46%, 119.2MiB / 3.871GiB, 3.01%, 283kB / 281kB, 68.2MB / 203MB
[2J[HOK,3,2,d25509de4802, matrix-multiplication-low.1.fj6fao11wzexluu11xu4ty3gz, 393.03%, 119.2MiB / 3.871GiB, 3.01%, 283kB / 281kB, 68.2MB / 203MB
[2J[HOK,3,2,d25509de4802, matrix-multiplication-low.1.fj6fao11wzexluu11xu4ty3gz, 393.03%, 119.2MiB / 3.871GiB, 3.01%, 283kB / 281kB, 68.2MB / 203MB
[2J[HOK,3,2,d25509de4802, matrix-multiplication-low.1.fj6fao11wzexluu11xu4ty3gz, 393.06%, 119.2MiB / 3.871GiB, 3.01%, 283kB / 281kB, 68.2MB / 203MB
[2J[HOK,3,2,d25509de4802, matrix-multiplication-low.1.fj6fao11wzexluu11xu4ty3gz, 393.06%, 119.2MiB / 3.871GiB, 3.01%, 283kB / 281kB, 68.2MB / 203MB
[2J[HOK,3,2,d25509de4802, matrix-multiplication-low.1.fj6fao11wzexluu11xu4ty3gz, 376.86%, 119.2MiB / 3.871GiB, 3.01%, 283kB / 281kB, 68.2MB / 203MB
[2J[HOK,3,2,d25509de4802, matrix-multiplication-low.1.fj6fao11wzexluu11xu4ty3gz, 376.86%, 119.2MiB / 3.871GiB, 3.01%, 283kB / 281kB, 68.2MB / 203MB
[2J[HOK,3,2,d25509de4802, matrix-multiplication-low.1.fj6fao11wzexluu11xu4ty3gz, 392.93%, 119.1MiB / 3.871GiB, 3.00%, 283kB / 281kB, 68.2MB / 203MB
[2J[HOK,3,2,d25509de4802, matrix-multiplication-low.1.fj6fao11wzexluu11xu4ty3gz, 392.93%, 119.1MiB / 3.871GiB, 3.00%, 283kB / 281kB, 68.2MB / 203MB
[2J[HOK,3,2,d25509de4802, matrix-multiplication-low.1.fj6fao11wzexluu11xu4ty3gz, 395.07%, 119.1MiB / 3.871GiB, 3.00%, 283kB / 281kB, 68.2MB / 203MB
[2J[HOK,3,2,d25509de4802, matrix-multiplication-low.1.fj6fao11wzexluu11xu4ty3gz, 395.07%, 119.1MiB / 3.871GiB, 3.00%, 283kB / 281kB, 68.2MB / 203MB
[2J[HOK,3,2,d25509de4802, matrix-multiplication-low.1.fj6fao11wzexluu11xu4ty3gz, 393.62%, 119.1MiB / 3.871GiB, 3.00%, 283kB / 282kB, 68.2MB / 203MB
[2J[HOK,3,2,d25509de4802, matrix-multiplication-low.1.fj6fao11wzexluu11xu4ty3gz, 393.62%, 119.1MiB / 3.871GiB, 3.00%, 283kB / 282kB, 68.2MB / 203MB
[2J[HOK,3,2,d25509de4802, matrix-multiplication-low.1.fj6fao11wzexluu11xu4ty3gz, 381.10%, 119.1MiB / 3.871GiB, 3.00%, 283kB / 282kB, 68.2MB / 203MB
[2J[HOK,3,2,d25509de4802, matrix-multiplication-low.1.fj6fao11wzexluu11xu4ty3gz, 381.10%, 119.1MiB / 3.871GiB, 3.00%, 283kB / 282kB, 68.2MB / 203MB
[2J[HOK,3,2,d25509de4802, matrix-multiplication-low.1.fj6fao11wzexluu11xu4ty3gz, 391.23%, 119.1MiB / 3.871GiB, 3.00%, 283kB / 282kB, 68.2MB / 203MB
[2J[HOK,3,2,d25509de4802, matrix-multiplication-low.1.fj6fao11wzexluu11xu4ty3gz, 391.23%, 119.1MiB / 3.871GiB, 3.00%, 283kB / 282kB, 68.2MB / 203MB
[2J[HOK,3,2,d25509de4802, matrix-multiplication-low.1.fj6fao11wzexluu11xu4ty3gz, 398.07%, 119.1MiB / 3.871GiB, 3.00%, 283kB / 282kB, 68.2MB / 203MB
[2J[HOK,3,2,d25509de4802, matrix-multiplication-low.1.fj6fao11wzexluu11xu4ty3gz, 398.07%, 119.1MiB / 3.871GiB, 3.00%, 283kB / 282kB, 68.2MB / 203MB
[2J[HOK,3,2,d25509de4802, matrix-multiplication-low.1.fj6fao11wzexluu11xu4ty3gz, 379.03%, 119.2MiB / 3.871GiB, 3.01%, 283kB / 282kB, 68.2MB / 203MB
[2J[HOK,3,2,d25509de4802, matrix-multiplication-low.1.fj6fao11wzexluu11xu4ty3gz, 379.03%, 119.2MiB / 3.871GiB, 3.01%, 283kB / 282kB, 68.2MB / 203MB
[2J[HOK,3,2,d25509de4802, matrix-multiplication-low.1.fj6fao11wzexluu11xu4ty3gz, 396.34%, 119.1MiB / 3.871GiB, 3.00%, 283kB / 282kB, 68.2MB / 203MB
[2J[HOK,3,2,d25509de4802, matrix-multiplication-low.1.fj6fao11wzexluu11xu4ty3gz, 396.34%, 119.1MiB / 3.871GiB, 3.00%, 283kB / 282kB, 68.2MB / 203MB
[2J[HOK,3,2,d25509de4802, matrix-multiplication-low.1.fj6fao11wzexluu11xu4ty3gz, 391.43%, 119.1MiB / 3.871GiB, 3.00%, 283kB / 282kB, 68.2MB / 203MB
[2J[HOK,3,2,d25509de4802, matrix-multiplication-low.1.fj6fao11wzexluu11xu4ty3gz, 391.43%, 119.1MiB / 3.871GiB, 3.00%, 283kB / 282kB, 68.2MB / 203MB
[2J[HOK,3,2,d25509de4802, matrix-multiplication-low.1.fj6fao11wzexluu11xu4ty3gz, 384.89%, 119.1MiB / 3.871GiB, 3.00%, 283kB / 282kB, 68.2MB / 203MB
[2J[HOK,3,2,d25509de4802, matrix-multiplication-low.1.fj6fao11wzexluu11xu4ty3gz, 384.89%, 119.1MiB / 3.871GiB, 3.00%, 283kB / 282kB, 68.2MB / 203MB
[2J[HOK,3,2,d25509de4802, matrix-multiplication-low.1.fj6fao11wzexluu11xu4ty3gz, 394.27%, 119.1MiB / 3.871GiB, 3.00%, 283kB / 282kB, 68.2MB / 203MB
[2J[HOK,3,2,d25509de4802, matrix-multiplication-low.1.fj6fao11wzexluu11xu4ty3gz, 394.27%, 119.1MiB / 3.871GiB, 3.00%, 283kB / 282kB, 68.2MB / 203MB
[2J[HOK,3,2,d25509de4802, matrix-multiplication-low.1.fj6fao11wzexluu11xu4ty3gz, 394.27%, 119.1MiB / 3.871GiB, 3.00%, 283kB / 282kB, 68.2MB / 203MB
[2J[HOK,3,2,d25509de4802, matrix-multiplication-low.1.fj6fao11wzexluu11xu4ty3gz, 390.28%, 119.1MiB / 3.871GiB, 3.00%, 283kB / 282kB, 68.2MB / 203MB
[2J[HOK,3,2,d25509de4802, matrix-multiplication-low.1.fj6fao11wzexluu11xu4ty3gz, 390.28%, 119.1MiB / 3.871GiB, 3.00%, 283kB / 282kB, 68.2MB / 203MB
[2J[HOK,3,2,d25509de4802, matrix-multiplication-low.1.fj6fao11wzexluu11xu4ty3gz, 380.97%, 122.1MiB / 3.871GiB, 3.08%, 283kB / 282kB, 68.2MB / 203MB
[2J[HOK,3,2,d25509de4802, matrix-multiplication-low.1.fj6fao11wzexluu11xu4ty3gz, 380.97%, 122.1MiB / 3.871GiB, 3.08%, 283kB / 282kB, 68.2MB / 203MB
[2J[HOK,3,2,d25509de4802, matrix-multiplication-low.1.fj6fao11wzexluu11xu4ty3gz, 387.47%, 119.3MiB / 3.871GiB, 3.01%, 283kB / 282kB, 68.2MB / 203MB
[2J[HOK,3,2,d25509de4802, matrix-multiplication-low.1.fj6fao11wzexluu11xu4ty3gz, 387.47%, 119.3MiB / 3.871GiB, 3.01%, 283kB / 282kB, 68.2MB / 203MB
[2J[HOK,3,2,d25509de4802, matrix-multiplication-low.1.fj6fao11wzexluu11xu4ty3gz, 398.55%, 119.2MiB / 3.871GiB, 3.01%, 283kB / 282kB, 68.2MB / 203MB
[2J[HOK,3,2,d25509de4802, matrix-multiplication-low.1.fj6fao11wzexluu11xu4ty3gz, 398.55%, 119.2MiB / 3.871GiB, 3.01%, 283kB / 282kB, 68.2MB / 203MB
[2J[HOK,3,2,d25509de4802, matrix-multiplication-low.1.fj6fao11wzexluu11xu4ty3gz, 396.25%, 119.2MiB / 3.871GiB, 3.01%, 283kB / 282kB, 68.2MB / 203MB
[2J[HOK,3,2,d25509de4802, matrix-multiplication-low.1.fj6fao11wzexluu11xu4ty3gz, 396.25%, 119.2MiB / 3.871GiB, 3.01%, 283kB / 282kB, 68.2MB / 203MB
[2J[HOK,3,2,d25509de4802, matrix-multiplication-low.1.fj6fao11wzexluu11xu4ty3gz, 379.99%, 119.3MiB / 3.871GiB, 3.01%, 283kB / 282kB, 68.2MB / 203MB
[2J[HOK,3,2,d25509de4802, matrix-multiplication-low.1.fj6fao11wzexluu11xu4ty3gz, 379.99%, 119.3MiB / 3.871GiB, 3.01%, 283kB / 282kB, 68.2MB / 203MB
[2J[HOK,3,2,d25509de4802, matrix-multiplication-low.1.fj6fao11wzexluu11xu4ty3gz, 387.64%, 76.62MiB / 3.871GiB, 1.93%, 284kB / 282kB, 68.2MB / 204MB
[2J[HOK,3,2,d25509de4802, matrix-multiplication-low.1.fj6fao11wzexluu11xu4ty3gz, 387.64%, 76.62MiB / 3.871GiB, 1.93%, 284kB / 282kB, 68.2MB / 204MB
[2J[HOK,3,2,d25509de4802, matrix-multiplication-low.1.fj6fao11wzexluu11xu4ty3gz, 374.96%, 71.54MiB / 3.871GiB, 1.80%, 284kB / 283kB, 68.2MB / 205MB
[2J[HOK,3,2,d25509de4802, matrix-multiplication-low.1.fj6fao11wzexluu11xu4ty3gz, 374.96%, 71.54MiB / 3.871GiB, 1.80%, 284kB / 283kB, 68.2MB / 205MB
[2J[HOK,3,2,d25509de4802, matrix-multiplication-low.1.fj6fao11wzexluu11xu4ty3gz, 345.97%, 108.7MiB / 3.871GiB, 2.74%, 284kB / 283kB, 68.2MB / 205MB
[2J[HOK,3,2,d25509de4802, matrix-multiplication-low.1.fj6fao11wzexluu11xu4ty3gz, 345.97%, 108.7MiB / 3.871GiB, 2.74%, 284kB / 283kB, 68.2MB / 205MB
[2J[HOK,3,2,d25509de4802, matrix-multiplication-low.1.fj6fao11wzexluu11xu4ty3gz, 392.66%, 114.6MiB / 3.871GiB, 2.89%, 284kB / 283kB, 68.2MB / 205MB
[2J[HOK,3,2,d25509de4802, matrix-multiplication-low.1.fj6fao11wzexluu11xu4ty3gz, 392.66%, 114.6MiB / 3.871GiB, 2.89%, 284kB / 283kB, 68.2MB / 205MB
[2J[HOK,3,2,d25509de4802, matrix-multiplication-low.1.fj6fao11wzexluu11xu4ty3gz, 394.95%, 122.7MiB / 3.871GiB, 3.09%, 284kB / 283kB, 68.2MB / 205MB
[2J[HOK,3,2,d25509de4802, matrix-multiplication-low.1.fj6fao11wzexluu11xu4ty3gz, 394.95%, 122.7MiB / 3.871GiB, 3.09%, 284kB / 283kB, 68.2MB / 205MB
[2J[HOK,3,2,d25509de4802, matrix-multiplication-low.1.fj6fao11wzexluu11xu4ty3gz, 377.10%, 122.7MiB / 3.871GiB, 3.10%, 284kB / 283kB, 68.2MB / 205MB
[2J[HOK,3,2,d25509de4802, matrix-multiplication-low.1.fj6fao11wzexluu11xu4ty3gz, 377.10%, 122.7MiB / 3.871GiB, 3.10%, 284kB / 283kB, 68.2MB / 205MB
[2J[HOK,3,2,d25509de4802, matrix-multiplication-low.1.fj6fao11wzexluu11xu4ty3gz, 393.61%, 122.7MiB / 3.871GiB, 3.10%, 284kB / 283kB, 68.2MB / 205MB
[2J[HOK,3,2,d25509de4802, matrix-multiplication-low.1.fj6fao11wzexluu11xu4ty3gz, 393.61%, 122.7MiB / 3.871GiB, 3.10%, 284kB / 283kB, 68.2MB / 205MB
[2J[HOK,3,2,d25509de4802, matrix-multiplication-low.1.fj6fao11wzexluu11xu4ty3gz, 394.21%, 122.7MiB / 3.871GiB, 3.10%, 284kB / 283kB, 68.2MB / 205MB
[2J[HOK,3,2,d25509de4802, matrix-multiplication-low.1.fj6fao11wzexluu11xu4ty3gz, 394.21%, 122.7MiB / 3.871GiB, 3.10%, 284kB / 283kB, 68.2MB / 205MB
[2J[HOK,3,2,d25509de4802, matrix-multiplication-low.1.fj6fao11wzexluu11xu4ty3gz, 387.06%, 123.6MiB / 3.871GiB, 3.12%, 284kB / 283kB, 68.2MB / 205MB
[2J[HOK,3,2,d25509de4802, matrix-multiplication-low.1.fj6fao11wzexluu11xu4ty3gz, 387.06%, 123.6MiB / 3.871GiB, 3.12%, 284kB / 283kB, 68.2MB / 205MB
[2J[HOK,3,2,d25509de4802, matrix-multiplication-low.1.fj6fao11wzexluu11xu4ty3gz, 390.61%, 122.7MiB / 3.871GiB, 3.10%, 284kB / 283kB, 68.2MB / 205MB
[2J[HOK,3,2,d25509de4802, matrix-multiplication-low.1.fj6fao11wzexluu11xu4ty3gz, 390.61%, 122.7MiB / 3.871GiB, 3.10%, 284kB / 283kB, 68.2MB / 205MB
[2J[HOK,3,2,d25509de4802, matrix-multiplication-low.1.fj6fao11wzexluu11xu4ty3gz, 394.11%, 122.7MiB / 3.871GiB, 3.10%, 284kB / 283kB, 68.2MB / 205MB
[2J[HOK,3,2,d25509de4802, matrix-multiplication-low.1.fj6fao11wzexluu11xu4ty3gz, 394.11%, 122.7MiB / 3.871GiB, 3.10%, 284kB / 283kB, 68.2MB / 205MB
[2J[HOK,3,2,d25509de4802, matrix-multiplication-low.1.fj6fao11wzexluu11xu4ty3gz, 395.05%, 122.7MiB / 3.871GiB, 3.10%, 284kB / 283kB, 68.2MB / 205MB
[2J[HOK,3,2,d25509de4802, matrix-multiplication-low.1.fj6fao11wzexluu11xu4ty3gz, 395.05%, 122.7MiB / 3.871GiB, 3.10%, 284kB / 283kB, 68.2MB / 205MB
[2J[HOK,3,2,d25509de4802, matrix-multiplication-low.1.fj6fao11wzexluu11xu4ty3gz, 381.74%, 122.6MiB / 3.871GiB, 3.09%, 284kB / 283kB, 68.2MB / 205MB
[2J[HOK,3,2,d25509de4802, matrix-multiplication-low.1.fj6fao11wzexluu11xu4ty3gz, 381.74%, 122.6MiB / 3.871GiB, 3.09%, 284kB / 283kB, 68.2MB / 205MB
[2J[HOK,3,2,d25509de4802, matrix-multiplication-low.1.fj6fao11wzexluu11xu4ty3gz, 395.61%, 122.6MiB / 3.871GiB, 3.09%, 284kB / 283kB, 68.2MB / 205MB
[2J[HOK,3,2,d25509de4802, matrix-multiplication-low.1.fj6fao11wzexluu11xu4ty3gz, 395.61%, 122.6MiB / 3.871GiB, 3.09%, 284kB / 283kB, 68.2MB / 205MB
[2J[HOK,3,2,d25509de4802, matrix-multiplication-low.1.fj6fao11wzexluu11xu4ty3gz, 393.63%, 122.6MiB / 3.871GiB, 3.09%, 284kB / 283kB, 68.2MB / 205MB
[2J[HOK,3,2,d25509de4802, matrix-multiplication-low.1.fj6fao11wzexluu11xu4ty3gz, 393.63%, 122.6MiB / 3.871GiB, 3.09%, 284kB / 283kB, 68.2MB / 205MB
[2J[HOK,3,2,d25509de4802, matrix-multiplication-low.1.fj6fao11wzexluu11xu4ty3gz, 380.88%, 122.7MiB / 3.871GiB, 3.09%, 284kB / 283kB, 68.2MB / 205MB
[2J[HOK,3,2,d25509de4802, matrix-multiplication-low.1.fj6fao11wzexluu11xu4ty3gz, 380.88%, 122.7MiB / 3.871GiB, 3.09%, 284kB / 283kB, 68.2MB / 205MB
[2J[HOK,3,2,d25509de4802, matrix-multiplication-low.1.fj6fao11wzexluu11xu4ty3gz, 397.26%, 122.7MiB / 3.871GiB, 3.09%, 284kB / 283kB, 68.2MB / 205MB
[2J[HOK,3,2,d25509de4802, matrix-multiplication-low.1.fj6fao11wzexluu11xu4ty3gz, 397.26%, 122.7MiB / 3.871GiB, 3.09%, 284kB / 283kB, 68.2MB / 205MB
[2J[HOK,3,2,d25509de4802, matrix-multiplication-low.1.fj6fao11wzexluu11xu4ty3gz, 384.05%, 122.7MiB / 3.871GiB, 3.09%, 284kB / 283kB, 68.2MB / 205MB
[2J[HOK,3,2,d25509de4802, matrix-multiplication-low.1.fj6fao11wzexluu11xu4ty3gz, 384.05%, 122.7MiB / 3.871GiB, 3.09%, 284kB / 283kB, 68.2MB / 205MB
[2J[HOK,3,2,d25509de4802, matrix-multiplication-low.1.fj6fao11wzexluu11xu4ty3gz, 378.09%, 122.9MiB / 3.871GiB, 3.10%, 284kB / 283kB, 68.2MB / 205MB
[2J[HOK,3,2,d25509de4802, matrix-multiplication-low.1.fj6fao11wzexluu11xu4ty3gz, 378.09%, 122.9MiB / 3.871GiB, 3.10%, 284kB / 283kB, 68.2MB / 205MB
[2J[HOK,3,2,d25509de4802, matrix-multiplication-low.1.fj6fao11wzexluu11xu4ty3gz, 395.11%, 122.9MiB / 3.871GiB, 3.10%, 284kB / 283kB, 68.2MB / 205MB
[2J[HOK,3,2,d25509de4802, matrix-multiplication-low.1.fj6fao11wzexluu11xu4ty3gz, 395.11%, 122.9MiB / 3.871GiB, 3.10%, 284kB / 283kB, 68.2MB / 205MB
[2J[HOK,3,2,d25509de4802, matrix-multiplication-low.1.fj6fao11wzexluu11xu4ty3gz, 394.04%, 122.9MiB / 3.871GiB, 3.10%, 284kB / 283kB, 68.2MB / 205MB
[2J[HOK,3,2,d25509de4802, matrix-multiplication-low.1.fj6fao11wzexluu11xu4ty3gz, 394.04%, 122.9MiB / 3.871GiB, 3.10%, 284kB / 283kB, 68.2MB / 205MB
[2J[HOK,3,2,d25509de4802, matrix-multiplication-low.1.fj6fao11wzexluu11xu4ty3gz, 389.48%, 122.6MiB / 3.871GiB, 3.09%, 284kB / 283kB, 68.2MB / 205MB
[2J[HOK,3,2,d25509de4802, matrix-multiplication-low.1.fj6fao11wzexluu11xu4ty3gz, 389.48%, 122.6MiB / 3.871GiB, 3.09%, 284kB / 283kB, 68.2MB / 205MB
[2J[HOK,3,2,d25509de4802, matrix-multiplication-low.1.fj6fao11wzexluu11xu4ty3gz, 382.84%, 122.6MiB / 3.871GiB, 3.09%, 284kB / 283kB, 68.2MB / 205MB
[2J[HOK,3,2,d25509de4802, matrix-multiplication-low.1.fj6fao11wzexluu11xu4ty3gz, 382.84%, 122.6MiB / 3.871GiB, 3.09%, 284kB / 283kB, 68.2MB / 205MB
[2J[HOK,3,2,d25509de4802, matrix-multiplication-low.1.fj6fao11wzexluu11xu4ty3gz, 395.04%, 122.6MiB / 3.871GiB, 3.09%, 284kB / 283kB, 68.2MB / 205MB
[2J[HOK,3,2,d25509de4802, matrix-multiplication-low.1.fj6fao11wzexluu11xu4ty3gz, 395.04%, 122.6MiB / 3.871GiB, 3.09%, 284kB / 283kB, 68.2MB / 205MB
[2J[HOK,3,2,d25509de4802, matrix-multiplication-low.1.fj6fao11wzexluu11xu4ty3gz, 393.08%, 122.6MiB / 3.871GiB, 3.09%, 284kB / 283kB, 68.2MB / 205MB
[2J[HOK,3,2,d25509de4802, matrix-multiplication-low.1.fj6fao11wzexluu11xu4ty3gz, 393.08%, 122.6MiB / 3.871GiB, 3.09%, 284kB / 283kB, 68.2MB / 205MB
[2J[HOK,3,2,d25509de4802, matrix-multiplication-low.1.fj6fao11wzexluu11xu4ty3gz, 378.70%, 122.9MiB / 3.871GiB, 3.10%, 284kB / 283kB, 68.2MB / 205MB
[2J[HOK,3,2,d25509de4802, matrix-multiplication-low.1.fj6fao11wzexluu11xu4ty3gz, 378.70%, 122.9MiB / 3.871GiB, 3.10%, 284kB / 283kB, 68.2MB / 205MB
[2J[HOK,3,2,d25509de4802, matrix-multiplication-low.1.fj6fao11wzexluu11xu4ty3gz, 397.68%, 120.9MiB / 3.871GiB, 3.05%, 284kB / 283kB, 68.2MB / 206MB
[2J[HOK,3,2,d25509de4802, matrix-multiplication-low.1.fj6fao11wzexluu11xu4ty3gz, 397.68%, 120.9MiB / 3.871GiB, 3.05%, 284kB / 283kB, 68.2MB / 206MB
[2J[HOK,3,2,d25509de4802, matrix-multiplication-low.1.fj6fao11wzexluu11xu4ty3gz, 387.38%, 106.4MiB / 3.871GiB, 2.68%, 285kB / 283kB, 68.2MB / 206MB
[2J[HOK,3,2,d25509de4802, matrix-multiplication-low.1.fj6fao11wzexluu11xu4ty3gz, 387.38%, 106.4MiB / 3.871GiB, 2.68%, 285kB / 283kB, 68.2MB / 206MB
[2J[HOK,3,2,d25509de4802, matrix-multiplication-low.1.fj6fao11wzexluu11xu4ty3gz, 380.95%, 107.8MiB / 3.871GiB, 2.72%, 285kB / 283kB, 68.2MB / 206MB
[2J[HOK,3,2,d25509de4802, matrix-multiplication-low.1.fj6fao11wzexluu11xu4ty3gz, 380.95%, 107.8MiB / 3.871GiB, 2.72%, 285kB / 283kB, 68.2MB / 206MB
[2J[HOK,3,2,d25509de4802, matrix-multiplication-low.1.fj6fao11wzexluu11xu4ty3gz, 393.92%, 121MiB / 3.871GiB, 3.05%, 285kB / 283kB, 68.2MB / 206MB
[2J[HOK,3,2,d25509de4802, matrix-multiplication-low.1.fj6fao11wzexluu11xu4ty3gz, 393.92%, 121MiB / 3.871GiB, 3.05%, 285kB / 283kB, 68.2MB / 206MB
[2J[HOK,3,2,d25509de4802, matrix-multiplication-low.1.fj6fao11wzexluu11xu4ty3gz, 392.92%, 120.9MiB / 3.871GiB, 3.05%, 285kB / 283kB, 68.2MB / 206MB
[2J[HOK,3,2,d25509de4802, matrix-multiplication-low.1.fj6fao11wzexluu11xu4ty3gz, 392.92%, 120.9MiB / 3.871GiB, 3.05%, 285kB / 283kB, 68.2MB / 206MB
[2J[HOK,3,2,d25509de4802, matrix-multiplication-low.1.fj6fao11wzexluu11xu4ty3gz, 387.31%, 119MiB / 3.871GiB, 3.00%, 285kB / 283kB, 68.2MB / 206MB
[2J[HOK,3,2,d25509de4802, matrix-multiplication-low.1.fj6fao11wzexluu11xu4ty3gz, 387.31%, 119MiB / 3.871GiB, 3.00%, 285kB / 283kB, 68.2MB / 206MB
[2J[HOK,3,2,d25509de4802, matrix-multiplication-low.1.fj6fao11wzexluu11xu4ty3gz, 382.14%, 86.15MiB / 3.871GiB, 2.17%, 285kB / 284kB, 68.2MB / 207MB
[2J[HOK,3,2,d25509de4802, matrix-multiplication-low.1.fj6fao11wzexluu11xu4ty3gz, 382.14%, 86.15MiB / 3.871GiB, 2.17%, 285kB / 284kB, 68.2MB / 207MB
[2J[HOK,3,2,d25509de4802, matrix-multiplication-low.1.fj6fao11wzexluu11xu4ty3gz, 393.76%, 105.2MiB / 3.871GiB, 2.65%, 285kB / 284kB, 68.2MB / 207MB
[2J[HOK,3,2,d25509de4802, matrix-multiplication-low.1.fj6fao11wzexluu11xu4ty3gz, 393.76%, 105.2MiB / 3.871GiB, 2.65%, 285kB / 284kB, 68.2MB / 207MB
[2J[HOK,3,2,d25509de4802, matrix-multiplication-low.1.fj6fao11wzexluu11xu4ty3gz, 394.03%, 107MiB / 3.871GiB, 2.70%, 285kB / 284kB, 68.2MB / 207MB
[2J[HOK,3,2,d25509de4802, matrix-multiplication-low.1.fj6fao11wzexluu11xu4ty3gz, 394.03%, 107MiB / 3.871GiB, 2.70%, 285kB / 284kB, 68.2MB / 207MB
[2J[HOK,3,2,d25509de4802, matrix-multiplication-low.1.fj6fao11wzexluu11xu4ty3gz, 378.81%, 117.4MiB / 3.871GiB, 2.96%, 285kB / 284kB, 68.2MB / 207MB
[2J[HOK,3,2,d25509de4802, matrix-multiplication-low.1.fj6fao11wzexluu11xu4ty3gz, 378.81%, 117.4MiB / 3.871GiB, 2.96%, 285kB / 284kB, 68.2MB / 207MB
[2J[HOK,3,2,d25509de4802, matrix-multiplication-low.1.fj6fao11wzexluu11xu4ty3gz, 394.70%, 117.4MiB / 3.871GiB, 2.96%, 285kB / 284kB, 68.2MB / 207MB
[2J[HOK,3,2,d25509de4802, matrix-multiplication-low.1.fj6fao11wzexluu11xu4ty3gz, 394.70%, 117.4MiB / 3.871GiB, 2.96%, 285kB / 284kB, 68.2MB / 207MB
[2J[HOK,3,2,d25509de4802, matrix-multiplication-low.1.fj6fao11wzexluu11xu4ty3gz, 394.98%, 117.3MiB / 3.871GiB, 2.96%, 285kB / 284kB, 68.2MB / 207MB
[2J[HOK,3,2,d25509de4802, matrix-multiplication-low.1.fj6fao11wzexluu11xu4ty3gz, 394.98%, 117.3MiB / 3.871GiB, 2.96%, 285kB / 284kB, 68.2MB / 207MB
[2J[HOK,3,2,d25509de4802, matrix-multiplication-low.1.fj6fao11wzexluu11xu4ty3gz, 385.58%, 117.3MiB / 3.871GiB, 2.96%, 285kB / 284kB, 68.2MB / 207MB
[2J[HOK,3,2,d25509de4802, matrix-multiplication-low.1.fj6fao11wzexluu11xu4ty3gz, 385.58%, 117.3MiB / 3.871GiB, 2.96%, 285kB / 284kB, 68.2MB / 207MB
[2J[HOK,3,2,d25509de4802, matrix-multiplication-low.1.fj6fao11wzexluu11xu4ty3gz, 391.25%, 117.3MiB / 3.871GiB, 2.96%, 285kB / 284kB, 68.2MB / 207MB
[2J[HOK,3,2,d25509de4802, matrix-multiplication-low.1.fj6fao11wzexluu11xu4ty3gz, 391.25%, 117.3MiB / 3.871GiB, 2.96%, 285kB / 284kB, 68.2MB / 207MB
[2J[HOK,3,2,d25509de4802, matrix-multiplication-low.1.fj6fao11wzexluu11xu4ty3gz, 389.98%, 117.3MiB / 3.871GiB, 2.96%, 285kB / 284kB, 68.2MB / 207MB
[2J[HOK,3,2,d25509de4802, matrix-multiplication-low.1.fj6fao11wzexluu11xu4ty3gz, 389.98%, 117.3MiB / 3.871GiB, 2.96%, 285kB / 284kB, 68.2MB / 207MB
[2J[HOK,3,2,d25509de4802, matrix-multiplication-low.1.fj6fao11wzexluu11xu4ty3gz, 386.71%, 118.1MiB / 3.871GiB, 2.98%, 285kB / 284kB, 68.2MB / 207MB
[2J[HOK,3,2,d25509de4802, matrix-multiplication-low.1.fj6fao11wzexluu11xu4ty3gz, 386.71%, 118.1MiB / 3.871GiB, 2.98%, 285kB / 284kB, 68.2MB / 207MB
[2J[HOK,3,2,d25509de4802, matrix-multiplication-low.1.fj6fao11wzexluu11xu4ty3gz, 385.71%, 117.3MiB / 3.871GiB, 2.96%, 285kB / 284kB, 68.2MB / 207MB
[2J[HOK,3,2,d25509de4802, matrix-multiplication-low.1.fj6fao11wzexluu11xu4ty3gz, 385.71%, 117.3MiB / 3.871GiB, 2.96%, 285kB / 284kB, 68.2MB / 207MB
[2J[HOK,3,2,d25509de4802, matrix-multiplication-low.1.fj6fao11wzexluu11xu4ty3gz, 396.43%, 117.3MiB / 3.871GiB, 2.96%, 285kB / 284kB, 68.2MB / 207MB
[2J[HOK,3,2,d25509de4802, matrix-multiplication-low.1.fj6fao11wzexluu11xu4ty3gz, 396.43%, 117.3MiB / 3.871GiB, 2.96%, 285kB / 284kB, 68.2MB / 207MB
[2J[HOK,3,2,d25509de4802, matrix-multiplication-low.1.fj6fao11wzexluu11xu4ty3gz, 394.06%, 117.3MiB / 3.871GiB, 2.96%, 285kB / 284kB, 68.2MB / 207MB
[2J[HOK,3,2,d25509de4802, matrix-multiplication-low.1.fj6fao11wzexluu11xu4ty3gz, 394.06%, 117.3MiB / 3.871GiB, 2.96%, 285kB / 284kB, 68.2MB / 207MB
[2J[HOK,3,2,d25509de4802, matrix-multiplication-low.1.fj6fao11wzexluu11xu4ty3gz, 377.25%, 117.3MiB / 3.871GiB, 2.96%, 285kB / 284kB, 68.2MB / 207MB
[2J[HOK,3,2,d25509de4802, matrix-multiplication-low.1.fj6fao11wzexluu11xu4ty3gz, 377.25%, 117.3MiB / 3.871GiB, 2.96%, 285kB / 284kB, 68.2MB / 207MB
[2J[HOK,3,2,d25509de4802, matrix-multiplication-low.1.fj6fao11wzexluu11xu4ty3gz, 394.77%, 117.3MiB / 3.871GiB, 2.96%, 285kB / 284kB, 68.2MB / 207MB
[2J[HOK,3,2,d25509de4802, matrix-multiplication-low.1.fj6fao11wzexluu11xu4ty3gz, 394.77%, 117.3MiB / 3.871GiB, 2.96%, 285kB / 284kB, 68.2MB / 207MB
[2J[HOK,3,2,d25509de4802, matrix-multiplication-low.1.fj6fao11wzexluu11xu4ty3gz, 391.18%, 117.3MiB / 3.871GiB, 2.96%, 285kB / 284kB, 68.2MB / 207MB
[2J[HOK,3,2,d25509de4802, matrix-multiplication-low.1.fj6fao11wzexluu11xu4ty3gz, 391.18%, 117.3MiB / 3.871GiB, 2.96%, 285kB / 284kB, 68.2MB / 207MB
[2J[HOK,3,2,d25509de4802, matrix-multiplication-low.1.fj6fao11wzexluu11xu4ty3gz, 384.80%, 117.3MiB / 3.871GiB, 2.96%, 285kB / 284kB, 68.2MB / 207MB
[2J[HOK,3,2,d25509de4802, matrix-multiplication-low.1.fj6fao11wzexluu11xu4ty3gz, 384.80%, 117.3MiB / 3.871GiB, 2.96%, 285kB / 284kB, 68.2MB / 207MB
[2J[HOK,3,2,d25509de4802, matrix-multiplication-low.1.fj6fao11wzexluu11xu4ty3gz, 396.80%, 117.3MiB / 3.871GiB, 2.96%, 285kB / 284kB, 68.2MB / 207MB
[2J[HOK,3,2,d25509de4802, matrix-multiplication-low.1.fj6fao11wzexluu11xu4ty3gz, 396.80%, 117.3MiB / 3.871GiB, 2.96%, 285kB / 284kB, 68.2MB / 207MB
[2J[HOK,3,2,d25509de4802, matrix-multiplication-low.1.fj6fao11wzexluu11xu4ty3gz, 390.56%, 117.3MiB / 3.871GiB, 2.96%, 285kB / 284kB, 68.2MB / 207MB
[2J[HOK,3,2,d25509de4802, matrix-multiplication-low.1.fj6fao11wzexluu11xu4ty3gz, 390.56%, 117.3MiB / 3.871GiB, 2.96%, 285kB / 284kB, 68.2MB / 207MB
[2J[HOK,3,2,d25509de4802, matrix-multiplication-low.1.fj6fao11wzexluu11xu4ty3gz, 383.44%, 117.3MiB / 3.871GiB, 2.96%, 285kB / 284kB, 68.2MB / 207MB
[2J[HOK,3,2,d25509de4802, matrix-multiplication-low.1.fj6fao11wzexluu11xu4ty3gz, 383.44%, 117.3MiB / 3.871GiB, 2.96%, 285kB / 284kB, 68.2MB / 207MB
[2J[HOK,3,2,d25509de4802, matrix-multiplication-low.1.fj6fao11wzexluu11xu4ty3gz, 395.97%, 117.3MiB / 3.871GiB, 2.96%, 285kB / 284kB, 68.2MB / 207MB
[2J[HOK,3,2,d25509de4802, matrix-multiplication-low.1.fj6fao11wzexluu11xu4ty3gz, 395.97%, 117.3MiB / 3.871GiB, 2.96%, 285kB / 284kB, 68.2MB / 207MB
[2J[HOK,3,2,d25509de4802, matrix-multiplication-low.1.fj6fao11wzexluu11xu4ty3gz, 395.97%, 117.3MiB / 3.871GiB, 2.96%, 285kB / 284kB, 68.2MB / 207MB
[2J[HOK,3,2,d25509de4802, matrix-multiplication-low.1.fj6fao11wzexluu11xu4ty3gz, 392.74%, 117.3MiB / 3.871GiB, 2.96%, 285kB / 284kB, 68.2MB / 207MB
[2J[HOK,3,2,d25509de4802, matrix-multiplication-low.1.fj6fao11wzexluu11xu4ty3gz, 392.74%, 117.3MiB / 3.871GiB, 2.96%, 285kB / 284kB, 68.2MB / 207MB
[2J[HOK,3,2,d25509de4802, matrix-multiplication-low.1.fj6fao11wzexluu11xu4ty3gz, 383.97%, 117.3MiB / 3.871GiB, 2.96%, 285kB / 284kB, 68.2MB / 207MB
[2J[HOK,3,2,d25509de4802, matrix-multiplication-low.1.fj6fao11wzexluu11xu4ty3gz, 383.97%, 117.3MiB / 3.871GiB, 2.96%, 285kB / 284kB, 68.2MB / 207MB
[2J[HOK,3,2,d25509de4802, matrix-multiplication-low.1.fj6fao11wzexluu11xu4ty3gz, 389.11%, 117.3MiB / 3.871GiB, 2.96%, 285kB / 284kB, 68.2MB / 207MB
[2J[HOK,3,2,d25509de4802, matrix-multiplication-low.1.fj6fao11wzexluu11xu4ty3gz, 389.11%, 117.3MiB / 3.871GiB, 2.96%, 285kB / 284kB, 68.2MB / 207MB
[2J[HOK,3,2,d25509de4802, matrix-multiplication-low.1.fj6fao11wzexluu11xu4ty3gz, 395.70%, 117.3MiB / 3.871GiB, 2.96%, 285kB / 284kB, 68.2MB / 207MB
[2J[HOK,3,2,d25509de4802, matrix-multiplication-low.1.fj6fao11wzexluu11xu4ty3gz, 395.70%, 117.3MiB / 3.871GiB, 2.96%, 285kB / 284kB, 68.2MB / 207MB
[2J[HOK,3,2,d25509de4802, matrix-multiplication-low.1.fj6fao11wzexluu11xu4ty3gz, 388.36%, 97.71MiB / 3.871GiB, 2.46%, 286kB / 285kB, 68.2MB / 208MB
[2J[HOK,3,2,d25509de4802, matrix-multiplication-low.1.fj6fao11wzexluu11xu4ty3gz, 388.36%, 97.71MiB / 3.871GiB, 2.46%, 286kB / 285kB, 68.2MB / 208MB
[2J[HOK,3,2,d25509de4802, matrix-multiplication-low.1.fj6fao11wzexluu11xu4ty3gz, 379.31%, 79.69MiB / 3.871GiB, 2.01%, 286kB / 285kB, 68.2MB / 208MB
[2J[HOK,3,2,d25509de4802, matrix-multiplication-low.1.fj6fao11wzexluu11xu4ty3gz, 379.31%, 79.69MiB / 3.871GiB, 2.01%, 286kB / 285kB, 68.2MB / 208MB
[2J[HOK,3,2,d25509de4802, matrix-multiplication-low.1.fj6fao11wzexluu11xu4ty3gz, 276.45%, 71.47MiB / 3.871GiB, 1.80%, 286kB / 285kB, 68.2MB / 209MB
[2J[HOK,3,2,d25509de4802, matrix-multiplication-low.1.fj6fao11wzexluu11xu4ty3gz, 276.45%, 71.47MiB / 3.871GiB, 1.80%, 286kB / 285kB, 68.2MB / 209MB
