[2J[Hok, 1287f544ecfb, image-classification-with-cuda.1.6a1ul14qutlw7vqizkkjshzlq, 0.00%, 1.793MiB / 3.871GiB, 0.05%, 1.73kB / 0B, 3.4MB / 0B, 9
[2J[Hok, 1287f544ecfb, image-classification-with-cuda.1.6a1ul14qutlw7vqizkkjshzlq, 0.00%, 1.793MiB / 3.871GiB, 0.05%, 1.73kB / 0B, 3.4MB / 0B, 9
[2J[Hok, 1287f544ecfb, image-classification-with-cuda.1.6a1ul14qutlw7vqizkkjshzlq, 0.00%, 1.793MiB / 3.871GiB, 0.05%, 1.73kB / 0B, 3.4MB / 0B, 9
[2J[Hok, 1287f544ecfb, image-classification-with-cuda.1.6a1ul14qutlw7vqizkkjshzlq, 0.00%, 1.793MiB / 3.871GiB, 0.05%, 1.73kB / 0B, 3.4MB / 0B, 9
[2J[Hok, 1287f544ecfb, image-classification-with-cuda.1.6a1ul14qutlw7vqizkkjshzlq, 0.00%, 1.793MiB / 3.871GiB, 0.05%, 2kB / 0B, 3.4MB / 0B, 9
[2J[Hok, 1287f544ecfb, image-classification-with-cuda.1.6a1ul14qutlw7vqizkkjshzlq, 0.00%, 1.793MiB / 3.871GiB, 0.05%, 2kB / 0B, 3.4MB / 0B, 9
[2J[Hok, 1287f544ecfb, image-classification-with-cuda.1.6a1ul14qutlw7vqizkkjshzlq, 4.10%, 1.883MiB / 3.871GiB, 0.05%, 2kB / 0B, 3.4MB / 0B, 9
[2J[Hok, 1287f544ecfb, image-classification-with-cuda.1.6a1ul14qutlw7vqizkkjshzlq, 4.10%, 1.883MiB / 3.871GiB, 0.05%, 2kB / 0B, 3.4MB / 0B, 9
[2J[Hok, 1287f544ecfb, image-classification-with-cuda.1.6a1ul14qutlw7vqizkkjshzlq, 136.21%, 29.92MiB / 3.871GiB, 0.75%, 2.49kB / 182B, 5.96MB / 0B, 13
[2J[Hok, 1287f544ecfb, image-classification-with-cuda.1.6a1ul14qutlw7vqizkkjshzlq, 136.21%, 29.92MiB / 3.871GiB, 0.75%, 2.49kB / 182B, 5.96MB / 0B, 13
[2J[Hok, 1287f544ecfb, image-classification-with-cuda.1.6a1ul14qutlw7vqizkkjshzlq, 105.19%, 57.84MiB / 3.871GiB, 1.46%, 2.49kB / 182B, 5.96MB / 0B, 13
[2J[Hok, 1287f544ecfb, image-classification-with-cuda.1.6a1ul14qutlw7vqizkkjshzlq, 105.19%, 57.84MiB / 3.871GiB, 1.46%, 2.49kB / 182B, 5.96MB / 0B, 13
[2J[Hok, 1287f544ecfb, image-classification-with-cuda.1.6a1ul14qutlw7vqizkkjshzlq, 41.17%, 64.54MiB / 3.871GiB, 1.63%, 26.3kB / 3.54kB, 6.75MB / 0B, 13
[2J[Hok, 1287f544ecfb, image-classification-with-cuda.1.6a1ul14qutlw7vqizkkjshzlq, 41.17%, 64.54MiB / 3.871GiB, 1.63%, 26.3kB / 3.54kB, 6.75MB / 0B, 13
[2J[Hok, 1287f544ecfb, image-classification-with-cuda.1.6a1ul14qutlw7vqizkkjshzlq, 33.81%, 65.34MiB / 3.871GiB, 1.65%, 6.43MB / 155kB, 6.76MB / 0B, 13
[2J[Hok, 1287f544ecfb, image-classification-with-cuda.1.6a1ul14qutlw7vqizkkjshzlq, 33.81%, 65.34MiB / 3.871GiB, 1.65%, 6.43MB / 155kB, 6.76MB / 0B, 13
[2J[Hok, 1287f544ecfb, image-classification-with-cuda.1.6a1ul14qutlw7vqizkkjshzlq, 69.39%, 72.54MiB / 3.871GiB, 1.83%, 11.7MB / 252kB, 6.77MB / 0B, 13
[2J[Hok, 1287f544ecfb, image-classification-with-cuda.1.6a1ul14qutlw7vqizkkjshzlq, 69.39%, 72.54MiB / 3.871GiB, 1.83%, 11.7MB / 252kB, 6.77MB / 0B, 13
[2J[Hok, 1287f544ecfb, image-classification-with-cuda.1.6a1ul14qutlw7vqizkkjshzlq, 100.97%, 186.8MiB / 3.871GiB, 4.71%, 11.7MB / 252kB, 7.06MB / 0B, 17
[2J[Hok, 1287f544ecfb, image-classification-with-cuda.1.6a1ul14qutlw7vqizkkjshzlq, 100.97%, 186.8MiB / 3.871GiB, 4.71%, 11.7MB / 252kB, 7.06MB / 0B, 17
[2J[Hok, 1287f544ecfb, image-classification-with-cuda.1.6a1ul14qutlw7vqizkkjshzlq, 101.22%, 341.8MiB / 3.871GiB, 8.62%, 11.7MB / 252kB, 7.06MB / 0B, 17
[2J[Hok, 1287f544ecfb, image-classification-with-cuda.1.6a1ul14qutlw7vqizkkjshzlq, 101.22%, 341.8MiB / 3.871GiB, 8.62%, 11.7MB / 252kB, 7.06MB / 0B, 17
[2J[Hok, 1287f544ecfb, image-classification-with-cuda.1.6a1ul14qutlw7vqizkkjshzlq, 95.01%, 492.3MiB / 3.871GiB, 12.42%, 11.7MB / 252kB, 7.06MB / 0B, 17
[2J[Hok, 1287f544ecfb, image-classification-with-cuda.1.6a1ul14qutlw7vqizkkjshzlq, 95.01%, 492.3MiB / 3.871GiB, 12.42%, 11.7MB / 252kB, 7.06MB / 0B, 17
[2J[Hok, 1287f544ecfb, image-classification-with-cuda.1.6a1ul14qutlw7vqizkkjshzlq, 93.47%, 608.4MiB / 3.871GiB, 15.35%, 11.7MB / 252kB, 7.06MB / 0B, 17
[2J[Hok, 1287f544ecfb, image-classification-with-cuda.1.6a1ul14qutlw7vqizkkjshzlq, 93.47%, 608.4MiB / 3.871GiB, 15.35%, 11.7MB / 252kB, 7.06MB / 0B, 17
[2J[Hok, 1287f544ecfb, image-classification-with-cuda.1.6a1ul14qutlw7vqizkkjshzlq, 97.72%, 791.9MiB / 3.871GiB, 19.98%, 11.7MB / 252kB, 7.06MB / 0B, 17
[2J[Hok, 1287f544ecfb, image-classification-with-cuda.1.6a1ul14qutlw7vqizkkjshzlq, 97.72%, 791.9MiB / 3.871GiB, 19.98%, 11.7MB / 252kB, 7.06MB / 0B, 17
[2J[Hok, 1287f544ecfb, image-classification-with-cuda.1.6a1ul14qutlw7vqizkkjshzlq, 93.83%, 955.8MiB / 3.871GiB, 24.11%, 11.7MB / 252kB, 7.06MB / 0B, 17
[2J[Hok, 1287f544ecfb, image-classification-with-cuda.1.6a1ul14qutlw7vqizkkjshzlq, 93.83%, 955.8MiB / 3.871GiB, 24.11%, 11.7MB / 252kB, 7.06MB / 0B, 17
[2J[Hok, 1287f544ecfb, image-classification-with-cuda.1.6a1ul14qutlw7vqizkkjshzlq, 96.29%, 1.042GiB / 3.871GiB, 26.93%, 11.7MB / 252kB, 7.06MB / 0B, 17
[2J[Hok, 1287f544ecfb, image-classification-with-cuda.1.6a1ul14qutlw7vqizkkjshzlq, 96.29%, 1.042GiB / 3.871GiB, 26.93%, 11.7MB / 252kB, 7.06MB / 0B, 17
[2J[Hok, 1287f544ecfb, image-classification-with-cuda.1.6a1ul14qutlw7vqizkkjshzlq, 96.04%, 1.161GiB / 3.871GiB, 29.99%, 11.7MB / 252kB, 7.06MB / 0B, 17
[2J[Hok, 1287f544ecfb, image-classification-with-cuda.1.6a1ul14qutlw7vqizkkjshzlq, 96.04%, 1.161GiB / 3.871GiB, 29.99%, 11.7MB / 252kB, 7.06MB / 0B, 17
[2J[Hok, 1287f544ecfb, image-classification-with-cuda.1.6a1ul14qutlw7vqizkkjshzlq, 86.69%, 1.311GiB / 3.871GiB, 33.87%, 11.7MB / 252kB, 10.9MB / 0B, 17
[2J[Hok, 1287f544ecfb, image-classification-with-cuda.1.6a1ul14qutlw7vqizkkjshzlq, 86.69%, 1.311GiB / 3.871GiB, 33.87%, 11.7MB / 252kB, 10.9MB / 0B, 17
[2J[Hok, 1287f544ecfb, image-classification-with-cuda.1.6a1ul14qutlw7vqizkkjshzlq, 67.60%, 1.421GiB / 3.871GiB, 36.72%, 11.7MB / 252kB, 44.5MB / 0B, 17
[2J[Hok, 1287f544ecfb, image-classification-with-cuda.1.6a1ul14qutlw7vqizkkjshzlq, 67.60%, 1.421GiB / 3.871GiB, 36.72%, 11.7MB / 252kB, 44.5MB / 0B, 17
[2J[Hok, 1287f544ecfb, image-classification-with-cuda.1.6a1ul14qutlw7vqizkkjshzlq, 78.42%, 1.42GiB / 3.871GiB, 36.68%, 11.7MB / 252kB, 74.3MB / 0B, 17
[2J[Hok, 1287f544ecfb, image-classification-with-cuda.1.6a1ul14qutlw7vqizkkjshzlq, 78.42%, 1.42GiB / 3.871GiB, 36.68%, 11.7MB / 252kB, 74.3MB / 0B, 17
[2J[Hok, 1287f544ecfb, image-classification-with-cuda.1.6a1ul14qutlw7vqizkkjshzlq, 68.31%, 18.29MiB / 3.871GiB, 0.46%, 11.7MB / 256kB, 91.5MB / 0B, 12
[2J[Hok, 1287f544ecfb, image-classification-with-cuda.1.6a1ul14qutlw7vqizkkjshzlq, 68.31%, 18.29MiB / 3.871GiB, 0.46%, 11.7MB / 256kB, 91.5MB / 0B, 12
[2J[Hok, 1287f544ecfb, image-classification-with-cuda.1.6a1ul14qutlw7vqizkkjshzlq, 162.89%, 49.09MiB / 3.871GiB, 1.24%, 11.7MB / 256kB, 107MB / 0B, 15
[2J[Hok, 1287f544ecfb, image-classification-with-cuda.1.6a1ul14qutlw7vqizkkjshzlq, 162.89%, 49.09MiB / 3.871GiB, 1.24%, 11.7MB / 256kB, 107MB / 0B, 15
[2J[Hok, 1287f544ecfb, image-classification-with-cuda.1.6a1ul14qutlw7vqizkkjshzlq, 78.72%, 67.73MiB / 3.871GiB, 1.71%, 11.7MB / 256kB, 120MB / 0B, 15
[2J[Hok, 1287f544ecfb, image-classification-with-cuda.1.6a1ul14qutlw7vqizkkjshzlq, 78.72%, 67.73MiB / 3.871GiB, 1.71%, 11.7MB / 256kB, 120MB / 0B, 15
[2J[Hok, 1287f544ecfb, image-classification-with-cuda.1.6a1ul14qutlw7vqizkkjshzlq, 93.02%, 182.9MiB / 3.871GiB, 4.61%, 11.7MB / 256kB, 122MB / 0B, 19
[2J[Hok, 1287f544ecfb, image-classification-with-cuda.1.6a1ul14qutlw7vqizkkjshzlq, 93.02%, 182.9MiB / 3.871GiB, 4.61%, 11.7MB / 256kB, 122MB / 0B, 19
[2J[Hok, 1287f544ecfb, image-classification-with-cuda.1.6a1ul14qutlw7vqizkkjshzlq, 101.81%, 341.7MiB / 3.871GiB, 8.62%, 11.7MB / 256kB, 124MB / 0B, 19
[2J[Hok, 1287f544ecfb, image-classification-with-cuda.1.6a1ul14qutlw7vqizkkjshzlq, 101.81%, 341.7MiB / 3.871GiB, 8.62%, 11.7MB / 256kB, 124MB / 0B, 19
[2J[Hok, 1287f544ecfb, image-classification-with-cuda.1.6a1ul14qutlw7vqizkkjshzlq, 102.77%, 487.3MiB / 3.871GiB, 12.29%, 11.7MB / 256kB, 124MB / 0B, 19
[2J[Hok, 1287f544ecfb, image-classification-with-cuda.1.6a1ul14qutlw7vqizkkjshzlq, 102.77%, 487.3MiB / 3.871GiB, 12.29%, 11.7MB / 256kB, 124MB / 0B, 19
[2J[Hok, 1287f544ecfb, image-classification-with-cuda.1.6a1ul14qutlw7vqizkkjshzlq, 94.02%, 620.3MiB / 3.871GiB, 15.65%, 11.7MB / 256kB, 124MB / 0B, 19
[2J[Hok, 1287f544ecfb, image-classification-with-cuda.1.6a1ul14qutlw7vqizkkjshzlq, 94.02%, 620.3MiB / 3.871GiB, 15.65%, 11.7MB / 256kB, 124MB / 0B, 19
[2J[Hok, 1287f544ecfb, image-classification-with-cuda.1.6a1ul14qutlw7vqizkkjshzlq, 95.26%, 769.5MiB / 3.871GiB, 19.41%, 11.7MB / 256kB, 127MB / 0B, 19
[2J[Hok, 1287f544ecfb, image-classification-with-cuda.1.6a1ul14qutlw7vqizkkjshzlq, 95.26%, 769.5MiB / 3.871GiB, 19.41%, 11.7MB / 256kB, 127MB / 0B, 19
[2J[Hok, 1287f544ecfb, image-classification-with-cuda.1.6a1ul14qutlw7vqizkkjshzlq, 99.71%, 949.9MiB / 3.871GiB, 23.96%, 11.7MB / 256kB, 128MB / 0B, 19
[2J[Hok, 1287f544ecfb, image-classification-with-cuda.1.6a1ul14qutlw7vqizkkjshzlq, 99.71%, 949.9MiB / 3.871GiB, 23.96%, 11.7MB / 256kB, 128MB / 0B, 19
[2J[Hok, 1287f544ecfb, image-classification-with-cuda.1.6a1ul14qutlw7vqizkkjshzlq, 94.81%, 1.033GiB / 3.871GiB, 26.68%, 11.7MB / 256kB, 128MB / 0B, 19
[2J[Hok, 1287f544ecfb, image-classification-with-cuda.1.6a1ul14qutlw7vqizkkjshzlq, 94.81%, 1.033GiB / 3.871GiB, 26.68%, 11.7MB / 256kB, 128MB / 0B, 19
[2J[Hok, 1287f544ecfb, image-classification-with-cuda.1.6a1ul14qutlw7vqizkkjshzlq, 93.08%, 1.167GiB / 3.871GiB, 30.15%, 11.7MB / 256kB, 130MB / 0B, 19
[2J[Hok, 1287f544ecfb, image-classification-with-cuda.1.6a1ul14qutlw7vqizkkjshzlq, 93.08%, 1.167GiB / 3.871GiB, 30.15%, 11.7MB / 256kB, 130MB / 0B, 19
[2J[Hok, 1287f544ecfb, image-classification-with-cuda.1.6a1ul14qutlw7vqizkkjshzlq, 69.92%, 1.271GiB / 3.871GiB, 32.84%, 11.7MB / 256kB, 179MB / 0B, 25
[2J[Hok, 1287f544ecfb, image-classification-with-cuda.1.6a1ul14qutlw7vqizkkjshzlq, 69.92%, 1.271GiB / 3.871GiB, 32.84%, 11.7MB / 256kB, 179MB / 0B, 25
[2J[Hok, 1287f544ecfb, image-classification-with-cuda.1.6a1ul14qutlw7vqizkkjshzlq, 87.88%, 1.41GiB / 3.871GiB, 36.42%, 11.7MB / 256kB, 195MB / 0B, 19
[2J[Hok, 1287f544ecfb, image-classification-with-cuda.1.6a1ul14qutlw7vqizkkjshzlq, 87.88%, 1.41GiB / 3.871GiB, 36.42%, 11.7MB / 256kB, 195MB / 0B, 19
[2J[Hok, 1287f544ecfb, image-classification-with-cuda.1.6a1ul14qutlw7vqizkkjshzlq, 61.47%, 1.428GiB / 3.871GiB, 36.88%, 11.7MB / 256kB, 225MB / 0B, 19
[2J[Hok, 1287f544ecfb, image-classification-with-cuda.1.6a1ul14qutlw7vqizkkjshzlq, 61.47%, 1.428GiB / 3.871GiB, 36.88%, 11.7MB / 256kB, 225MB / 0B, 19
[2J[Hok, 1287f544ecfb, image-classification-with-cuda.1.6a1ul14qutlw7vqizkkjshzlq, 72.27%, 22.21MiB / 3.871GiB, 0.56%, 11.7MB / 257kB, 229MB / 0B, 12
[2J[Hok, 1287f544ecfb, image-classification-with-cuda.1.6a1ul14qutlw7vqizkkjshzlq, 72.27%, 22.21MiB / 3.871GiB, 0.56%, 11.7MB / 257kB, 229MB / 0B, 12
[2J[Hok, 1287f544ecfb, image-classification-with-cuda.1.6a1ul14qutlw7vqizkkjshzlq, 177.61%, 61.43MiB / 3.871GiB, 1.55%, 11.7MB / 257kB, 230MB / 0B, 15
[2J[Hok, 1287f544ecfb, image-classification-with-cuda.1.6a1ul14qutlw7vqizkkjshzlq, 177.61%, 61.43MiB / 3.871GiB, 1.55%, 11.7MB / 257kB, 230MB / 0B, 15
[2J[Hok, 1287f544ecfb, image-classification-with-cuda.1.6a1ul14qutlw7vqizkkjshzlq, 94.25%, 91.75MiB / 3.871GiB, 2.31%, 11.7MB / 257kB, 234MB / 0B, 15
[2J[Hok, 1287f544ecfb, image-classification-with-cuda.1.6a1ul14qutlw7vqizkkjshzlq, 94.25%, 91.75MiB / 3.871GiB, 2.31%, 11.7MB / 257kB, 234MB / 0B, 15
[2J[Hok, 1287f544ecfb, image-classification-with-cuda.1.6a1ul14qutlw7vqizkkjshzlq, 91.39%, 226.8MiB / 3.871GiB, 5.72%, 11.7MB / 257kB, 240MB / 0B, 19
[2J[Hok, 1287f544ecfb, image-classification-with-cuda.1.6a1ul14qutlw7vqizkkjshzlq, 91.39%, 226.8MiB / 3.871GiB, 5.72%, 11.7MB / 257kB, 240MB / 0B, 19
[2J[Hok, 1287f544ecfb, image-classification-with-cuda.1.6a1ul14qutlw7vqizkkjshzlq, 86.85%, 341.7MiB / 3.871GiB, 8.62%, 11.7MB / 257kB, 247MB / 0B, 19
[2J[Hok, 1287f544ecfb, image-classification-with-cuda.1.6a1ul14qutlw7vqizkkjshzlq, 86.85%, 341.7MiB / 3.871GiB, 8.62%, 11.7MB / 257kB, 247MB / 0B, 19
[2J[Hok, 1287f544ecfb, image-classification-with-cuda.1.6a1ul14qutlw7vqizkkjshzlq, 74.70%, 494.8MiB / 3.871GiB, 12.48%, 11.7MB / 257kB, 253MB / 0B, 19
[2J[Hok, 1287f544ecfb, image-classification-with-cuda.1.6a1ul14qutlw7vqizkkjshzlq, 74.70%, 494.8MiB / 3.871GiB, 12.48%, 11.7MB / 257kB, 253MB / 0B, 19
[2J[Hok, 1287f544ecfb, image-classification-with-cuda.1.6a1ul14qutlw7vqizkkjshzlq, 92.67%, 598.8MiB / 3.871GiB, 15.10%, 11.7MB / 257kB, 255MB / 0B, 19
[2J[Hok, 1287f544ecfb, image-classification-with-cuda.1.6a1ul14qutlw7vqizkkjshzlq, 92.67%, 598.8MiB / 3.871GiB, 15.10%, 11.7MB / 257kB, 255MB / 0B, 19
[2J[Hok, 1287f544ecfb, image-classification-with-cuda.1.6a1ul14qutlw7vqizkkjshzlq, 98.28%, 717.9MiB / 3.871GiB, 18.11%, 11.7MB / 257kB, 256MB / 0B, 19
[2J[Hok, 1287f544ecfb, image-classification-with-cuda.1.6a1ul14qutlw7vqizkkjshzlq, 98.28%, 717.9MiB / 3.871GiB, 18.11%, 11.7MB / 257kB, 256MB / 0B, 19
[2J[Hok, 1287f544ecfb, image-classification-with-cuda.1.6a1ul14qutlw7vqizkkjshzlq, 98.73%, 882.6MiB / 3.871GiB, 22.26%, 11.7MB / 257kB, 259MB / 0B, 19
[2J[Hok, 1287f544ecfb, image-classification-with-cuda.1.6a1ul14qutlw7vqizkkjshzlq, 98.73%, 882.6MiB / 3.871GiB, 22.26%, 11.7MB / 257kB, 259MB / 0B, 19
[2J[Hok, 1287f544ecfb, image-classification-with-cuda.1.6a1ul14qutlw7vqizkkjshzlq, 91.14%, 1.029GiB / 3.871GiB, 26.59%, 11.7MB / 257kB, 261MB / 0B, 19
[2J[Hok, 1287f544ecfb, image-classification-with-cuda.1.6a1ul14qutlw7vqizkkjshzlq, 91.14%, 1.029GiB / 3.871GiB, 26.59%, 11.7MB / 257kB, 261MB / 0B, 19
[2J[Hok, 1287f544ecfb, image-classification-with-cuda.1.6a1ul14qutlw7vqizkkjshzlq, 90.92%, 1.127GiB / 3.871GiB, 29.11%, 11.7MB / 257kB, 264MB / 0B, 19
[2J[Hok, 1287f544ecfb, image-classification-with-cuda.1.6a1ul14qutlw7vqizkkjshzlq, 90.92%, 1.127GiB / 3.871GiB, 29.11%, 11.7MB / 257kB, 264MB / 0B, 19
[2J[Hok, 1287f544ecfb, image-classification-with-cuda.1.6a1ul14qutlw7vqizkkjshzlq, 92.77%, 1.241GiB / 3.871GiB, 32.06%, 11.7MB / 257kB, 264MB / 0B, 19
[2J[Hok, 1287f544ecfb, image-classification-with-cuda.1.6a1ul14qutlw7vqizkkjshzlq, 92.77%, 1.241GiB / 3.871GiB, 32.06%, 11.7MB / 257kB, 264MB / 0B, 19
[2J[Hok, 1287f544ecfb, image-classification-with-cuda.1.6a1ul14qutlw7vqizkkjshzlq, 36.11%, 1.321GiB / 3.871GiB, 34.14%, 11.7MB / 257kB, 358MB / 0B, 19
[2J[Hok, 1287f544ecfb, image-classification-with-cuda.1.6a1ul14qutlw7vqizkkjshzlq, 36.11%, 1.321GiB / 3.871GiB, 34.14%, 11.7MB / 257kB, 358MB / 0B, 19
[2J[Hok, 1287f544ecfb, image-classification-with-cuda.1.6a1ul14qutlw7vqizkkjshzlq, 36.11%, 1.321GiB / 3.871GiB, 34.14%, 11.7MB / 257kB, 358MB / 0B, 19
[2J[Hok, 1287f544ecfb, image-classification-with-cuda.1.6a1ul14qutlw7vqizkkjshzlq, 90.85%, 1.449GiB / 3.871GiB, 37.43%, 11.7MB / 257kB, 362MB / 0B, 19
[2J[Hok, 1287f544ecfb, image-classification-with-cuda.1.6a1ul14qutlw7vqizkkjshzlq, 90.85%, 1.449GiB / 3.871GiB, 37.43%, 11.7MB / 257kB, 362MB / 0B, 19
[2J[Hok, 1287f544ecfb, image-classification-with-cuda.1.6a1ul14qutlw7vqizkkjshzlq, 100.01%, 44.84MiB / 3.871GiB, 1.13%, 11.7MB / 257kB, 362MB / 0B, 12
[2J[Hok, 1287f544ecfb, image-classification-with-cuda.1.6a1ul14qutlw7vqizkkjshzlq, 100.01%, 44.84MiB / 3.871GiB, 1.13%, 11.7MB / 257kB, 362MB / 0B, 12
[2J[Hok, 1287f544ecfb, image-classification-with-cuda.1.6a1ul14qutlw7vqizkkjshzlq, 149.85%, 83.76MiB / 3.871GiB, 2.11%, 11.7MB / 257kB, 375MB / 0B, 15
[2J[Hok, 1287f544ecfb, image-classification-with-cuda.1.6a1ul14qutlw7vqizkkjshzlq, 149.85%, 83.76MiB / 3.871GiB, 2.11%, 11.7MB / 257kB, 375MB / 0B, 15
[2J[Hok, 1287f544ecfb, image-classification-with-cuda.1.6a1ul14qutlw7vqizkkjshzlq, 95.00%, 109.6MiB / 3.871GiB, 2.76%, 11.7MB / 257kB, 377MB / 0B, 15
[2J[Hok, 1287f544ecfb, image-classification-with-cuda.1.6a1ul14qutlw7vqizkkjshzlq, 95.00%, 109.6MiB / 3.871GiB, 2.76%, 11.7MB / 257kB, 377MB / 0B, 15
[2J[Hok, 1287f544ecfb, image-classification-with-cuda.1.6a1ul14qutlw7vqizkkjshzlq, 95.56%, 228.4MiB / 3.871GiB, 5.76%, 11.7MB / 257kB, 383MB / 0B, 19
[2J[Hok, 1287f544ecfb, image-classification-with-cuda.1.6a1ul14qutlw7vqizkkjshzlq, 95.56%, 228.4MiB / 3.871GiB, 5.76%, 11.7MB / 257kB, 383MB / 0B, 19
[2J[Hok, 1287f544ecfb, image-classification-with-cuda.1.6a1ul14qutlw7vqizkkjshzlq, 92.83%, 388.9MiB / 3.871GiB, 9.81%, 11.7MB / 257kB, 383MB / 0B, 19
[2J[Hok, 1287f544ecfb, image-classification-with-cuda.1.6a1ul14qutlw7vqizkkjshzlq, 92.83%, 388.9MiB / 3.871GiB, 9.81%, 11.7MB / 257kB, 383MB / 0B, 19
[2J[Hok, 1287f544ecfb, image-classification-with-cuda.1.6a1ul14qutlw7vqizkkjshzlq, 90.07%, 536.2MiB / 3.871GiB, 13.53%, 11.7MB / 257kB, 383MB / 0B, 19
[2J[Hok, 1287f544ecfb, image-classification-with-cuda.1.6a1ul14qutlw7vqizkkjshzlq, 90.07%, 536.2MiB / 3.871GiB, 13.53%, 11.7MB / 257kB, 383MB / 0B, 19
[2J[Hok, 1287f544ecfb, image-classification-with-cuda.1.6a1ul14qutlw7vqizkkjshzlq, 99.45%, 683.2MiB / 3.871GiB, 17.23%, 11.7MB / 257kB, 383MB / 0B, 19
[2J[Hok, 1287f544ecfb, image-classification-with-cuda.1.6a1ul14qutlw7vqizkkjshzlq, 99.45%, 683.2MiB / 3.871GiB, 17.23%, 11.7MB / 257kB, 383MB / 0B, 19
[2J[Hok, 1287f544ecfb, image-classification-with-cuda.1.6a1ul14qutlw7vqizkkjshzlq, 97.69%, 847.1MiB / 3.871GiB, 21.37%, 11.7MB / 257kB, 383MB / 0B, 19
[2J[Hok, 1287f544ecfb, image-classification-with-cuda.1.6a1ul14qutlw7vqizkkjshzlq, 97.69%, 847.1MiB / 3.871GiB, 21.37%, 11.7MB / 257kB, 383MB / 0B, 19
[2J[Hok, 1287f544ecfb, image-classification-with-cuda.1.6a1ul14qutlw7vqizkkjshzlq, 95.61%, 963.5MiB / 3.871GiB, 24.31%, 11.7MB / 257kB, 383MB / 0B, 19
[2J[Hok, 1287f544ecfb, image-classification-with-cuda.1.6a1ul14qutlw7vqizkkjshzlq, 95.61%, 963.5MiB / 3.871GiB, 24.31%, 11.7MB / 257kB, 383MB / 0B, 19
[2J[Hok, 1287f544ecfb, image-classification-with-cuda.1.6a1ul14qutlw7vqizkkjshzlq, 101.18%, 1.081GiB / 3.871GiB, 27.92%, 11.7MB / 257kB, 383MB / 0B, 19
[2J[Hok, 1287f544ecfb, image-classification-with-cuda.1.6a1ul14qutlw7vqizkkjshzlq, 101.18%, 1.081GiB / 3.871GiB, 27.92%, 11.7MB / 257kB, 383MB / 0B, 19
[2J[Hok, 1287f544ecfb, image-classification-with-cuda.1.6a1ul14qutlw7vqizkkjshzlq, 100.22%, 1.222GiB / 3.871GiB, 31.56%, 11.7MB / 257kB, 383MB / 0B, 19
[2J[Hok, 1287f544ecfb, image-classification-with-cuda.1.6a1ul14qutlw7vqizkkjshzlq, 100.22%, 1.222GiB / 3.871GiB, 31.56%, 11.7MB / 257kB, 383MB / 0B, 19
[2J[Hok, 1287f544ecfb, image-classification-with-cuda.1.6a1ul14qutlw7vqizkkjshzlq, 86.34%, 1.375GiB / 3.871GiB, 35.52%, 11.7MB / 257kB, 388MB / 0B, 19
[2J[Hok, 1287f544ecfb, image-classification-with-cuda.1.6a1ul14qutlw7vqizkkjshzlq, 86.34%, 1.375GiB / 3.871GiB, 35.52%, 11.7MB / 257kB, 388MB / 0B, 19
[2J[Hok, 1287f544ecfb, image-classification-with-cuda.1.6a1ul14qutlw7vqizkkjshzlq, 96.02%, 1.469GiB / 3.871GiB, 37.95%, 11.7MB / 257kB, 392MB / 0B, 19
[2J[Hok, 1287f544ecfb, image-classification-with-cuda.1.6a1ul14qutlw7vqizkkjshzlq, 96.02%, 1.469GiB / 3.871GiB, 37.95%, 11.7MB / 257kB, 392MB / 0B, 19
[2J[Hok, 1287f544ecfb, image-classification-with-cuda.1.6a1ul14qutlw7vqizkkjshzlq, 94.97%, 72.55MiB / 3.871GiB, 1.83%, 11.7MB / 258kB, 393MB / 0B, 12
[2J[Hok, 1287f544ecfb, image-classification-with-cuda.1.6a1ul14qutlw7vqizkkjshzlq, 94.97%, 72.55MiB / 3.871GiB, 1.83%, 11.7MB / 258kB, 393MB / 0B, 12
[2J[Hok, 1287f544ecfb, image-classification-with-cuda.1.6a1ul14qutlw7vqizkkjshzlq, 171.18%, 106.6MiB / 3.871GiB, 2.69%, 11.7MB / 258kB, 393MB / 0B, 15
[2J[Hok, 1287f544ecfb, image-classification-with-cuda.1.6a1ul14qutlw7vqizkkjshzlq, 171.18%, 106.6MiB / 3.871GiB, 2.69%, 11.7MB / 258kB, 393MB / 0B, 15
[2J[Hok, 1287f544ecfb, image-classification-with-cuda.1.6a1ul14qutlw7vqizkkjshzlq, 105.25%, 135.5MiB / 3.871GiB, 3.42%, 11.7MB / 258kB, 393MB / 0B, 19
[2J[Hok, 1287f544ecfb, image-classification-with-cuda.1.6a1ul14qutlw7vqizkkjshzlq, 105.25%, 135.5MiB / 3.871GiB, 3.42%, 11.7MB / 258kB, 393MB / 0B, 19
[2J[Hok, 1287f544ecfb, image-classification-with-cuda.1.6a1ul14qutlw7vqizkkjshzlq, 96.19%, 317.7MiB / 3.871GiB, 8.01%, 11.7MB / 258kB, 393MB / 0B, 19
[2J[Hok, 1287f544ecfb, image-classification-with-cuda.1.6a1ul14qutlw7vqizkkjshzlq, 96.19%, 317.7MiB / 3.871GiB, 8.01%, 11.7MB / 258kB, 393MB / 0B, 19
[2J[Hok, 1287f544ecfb, image-classification-with-cuda.1.6a1ul14qutlw7vqizkkjshzlq, 95.12%, 455.9MiB / 3.871GiB, 11.50%, 11.7MB / 258kB, 393MB / 0B, 19
[2J[Hok, 1287f544ecfb, image-classification-with-cuda.1.6a1ul14qutlw7vqizkkjshzlq, 95.12%, 455.9MiB / 3.871GiB, 11.50%, 11.7MB / 258kB, 393MB / 0B, 19
[2J[Hok, 1287f544ecfb, image-classification-with-cuda.1.6a1ul14qutlw7vqizkkjshzlq, 102.80%, 658.5MiB / 3.871GiB, 16.61%, 11.7MB / 258kB, 393MB / 0B, 19
[2J[Hok, 1287f544ecfb, image-classification-with-cuda.1.6a1ul14qutlw7vqizkkjshzlq, 102.80%, 658.5MiB / 3.871GiB, 16.61%, 11.7MB / 258kB, 393MB / 0B, 19
[2J[Hok, 1287f544ecfb, image-classification-with-cuda.1.6a1ul14qutlw7vqizkkjshzlq, 98.06%, 753.9MiB / 3.871GiB, 19.02%, 11.7MB / 258kB, 393MB / 0B, 19
[2J[Hok, 1287f544ecfb, image-classification-with-cuda.1.6a1ul14qutlw7vqizkkjshzlq, 98.06%, 753.9MiB / 3.871GiB, 19.02%, 11.7MB / 258kB, 393MB / 0B, 19
[2J[Hok, 1287f544ecfb, image-classification-with-cuda.1.6a1ul14qutlw7vqizkkjshzlq, 99.21%, 899.1MiB / 3.871GiB, 22.68%, 11.7MB / 258kB, 393MB / 0B, 19
[2J[Hok, 1287f544ecfb, image-classification-with-cuda.1.6a1ul14qutlw7vqizkkjshzlq, 99.21%, 899.1MiB / 3.871GiB, 22.68%, 11.7MB / 258kB, 393MB / 0B, 19
[2J[Hok, 1287f544ecfb, image-classification-with-cuda.1.6a1ul14qutlw7vqizkkjshzlq, 94.28%, 1.05GiB / 3.871GiB, 27.11%, 11.7MB / 258kB, 393MB / 0B, 19
[2J[Hok, 1287f544ecfb, image-classification-with-cuda.1.6a1ul14qutlw7vqizkkjshzlq, 94.28%, 1.05GiB / 3.871GiB, 27.11%, 11.7MB / 258kB, 393MB / 0B, 19
[2J[Hok, 1287f544ecfb, image-classification-with-cuda.1.6a1ul14qutlw7vqizkkjshzlq, 96.49%, 1.146GiB / 3.871GiB, 29.61%, 11.7MB / 258kB, 393MB / 0B, 19
[2J[Hok, 1287f544ecfb, image-classification-with-cuda.1.6a1ul14qutlw7vqizkkjshzlq, 96.49%, 1.146GiB / 3.871GiB, 29.61%, 11.7MB / 258kB, 393MB / 0B, 19
[2J[Hok, 1287f544ecfb, image-classification-with-cuda.1.6a1ul14qutlw7vqizkkjshzlq, 93.54%, 1.275GiB / 3.871GiB, 32.95%, 11.7MB / 258kB, 393MB / 0B, 19
[2J[Hok, 1287f544ecfb, image-classification-with-cuda.1.6a1ul14qutlw7vqizkkjshzlq, 93.54%, 1.275GiB / 3.871GiB, 32.95%, 11.7MB / 258kB, 393MB / 0B, 19
[2J[Hok, 1287f544ecfb, image-classification-with-cuda.1.6a1ul14qutlw7vqizkkjshzlq, 92.72%, 1.457GiB / 3.871GiB, 37.63%, 11.7MB / 258kB, 394MB / 0B, 19
[2J[Hok, 1287f544ecfb, image-classification-with-cuda.1.6a1ul14qutlw7vqizkkjshzlq, 92.72%, 1.457GiB / 3.871GiB, 37.63%, 11.7MB / 258kB, 394MB / 0B, 19
[2J[Hok, 1287f544ecfb, image-classification-with-cuda.1.6a1ul14qutlw7vqizkkjshzlq, 99.62%, 306.8MiB / 3.871GiB, 7.74%, 11.7MB / 258kB, 394MB / 0B, 13
[2J[Hok, 1287f544ecfb, image-classification-with-cuda.1.6a1ul14qutlw7vqizkkjshzlq, 99.62%, 306.8MiB / 3.871GiB, 7.74%, 11.7MB / 258kB, 394MB / 0B, 13
