[2J[HOK,10,2,ace8a59de7ff, dd-cmd.1.siadexe6gunpbu5kwdau3g796, 6.55%, 46.64MiB / 3.703GiB, 1.23%, 212kB / 271kB, 1.79MB / 103GB
[2J[HOK,10,2,ace8a59de7ff, dd-cmd.1.siadexe6gunpbu5kwdau3g796, 6.55%, 46.64MiB / 3.703GiB, 1.23%, 212kB / 271kB, 1.79MB / 103GB
[2J[HOK,10,2,ace8a59de7ff, dd-cmd.1.siadexe6gunpbu5kwdau3g796, 53.56%, 27.18MiB / 3.703GiB, 0.72%, 212kB / 271kB, 1.79MB / 103GB
[2J[HOK,10,2,ace8a59de7ff, dd-cmd.1.siadexe6gunpbu5kwdau3g796, 53.56%, 27.18MiB / 3.703GiB, 0.72%, 212kB / 271kB, 1.79MB / 103GB
[2J[HOK,10,2,ace8a59de7ff, dd-cmd.1.siadexe6gunpbu5kwdau3g796, 15.69%, 27.21MiB / 3.703GiB, 0.72%, 212kB / 271kB, 1.79MB / 103GB
[2J[HOK,10,2,ace8a59de7ff, dd-cmd.1.siadexe6gunpbu5kwdau3g796, 15.69%, 27.21MiB / 3.703GiB, 0.72%, 212kB / 271kB, 1.79MB / 103GB
[2J[HOK,10,2,ace8a59de7ff, dd-cmd.1.siadexe6gunpbu5kwdau3g796, 18.89%, 27.29MiB / 3.703GiB, 0.72%, 212kB / 271kB, 1.79MB / 103GB
[2J[HOK,10,2,ace8a59de7ff, dd-cmd.1.siadexe6gunpbu5kwdau3g796, 18.89%, 27.29MiB / 3.703GiB, 0.72%, 212kB / 271kB, 1.79MB / 103GB
[2J[HOK,10,2,ace8a59de7ff, dd-cmd.1.siadexe6gunpbu5kwdau3g796, 17.72%, 27.67MiB / 3.703GiB, 0.73%, 212kB / 271kB, 1.79MB / 103GB
[2J[HOK,10,2,ace8a59de7ff, dd-cmd.1.siadexe6gunpbu5kwdau3g796, 17.72%, 27.67MiB / 3.703GiB, 0.73%, 212kB / 271kB, 1.79MB / 103GB
[2J[HOK,10,2,ace8a59de7ff, dd-cmd.1.siadexe6gunpbu5kwdau3g796, 12.49%, 27.98MiB / 3.703GiB, 0.74%, 213kB / 271kB, 1.79MB / 103GB
[2J[HOK,10,2,ace8a59de7ff, dd-cmd.1.siadexe6gunpbu5kwdau3g796, 12.49%, 27.98MiB / 3.703GiB, 0.74%, 213kB / 271kB, 1.79MB / 103GB
[2J[HOK,10,2,ace8a59de7ff, dd-cmd.1.siadexe6gunpbu5kwdau3g796, 16.13%, 28.27MiB / 3.703GiB, 0.75%, 213kB / 271kB, 1.79MB / 103GB
[2J[HOK,10,2,ace8a59de7ff, dd-cmd.1.siadexe6gunpbu5kwdau3g796, 16.13%, 28.27MiB / 3.703GiB, 0.75%, 213kB / 271kB, 1.79MB / 103GB
[2J[HOK,10,2,ace8a59de7ff, dd-cmd.1.siadexe6gunpbu5kwdau3g796, 13.48%, 28.63MiB / 3.703GiB, 0.76%, 213kB / 271kB, 1.79MB / 103GB
[2J[HOK,10,2,ace8a59de7ff, dd-cmd.1.siadexe6gunpbu5kwdau3g796, 13.48%, 28.63MiB / 3.703GiB, 0.76%, 213kB / 271kB, 1.79MB / 103GB
[2J[HOK,10,2,ace8a59de7ff, dd-cmd.1.siadexe6gunpbu5kwdau3g796, 12.49%, 29.02MiB / 3.703GiB, 0.77%, 213kB / 271kB, 1.79MB / 103GB
[2J[HOK,10,2,ace8a59de7ff, dd-cmd.1.siadexe6gunpbu5kwdau3g796, 12.49%, 29.02MiB / 3.703GiB, 0.77%, 213kB / 271kB, 1.79MB / 103GB
[2J[HOK,10,2,ace8a59de7ff, dd-cmd.1.siadexe6gunpbu5kwdau3g796, 15.59%, 29.23MiB / 3.703GiB, 0.77%, 213kB / 271kB, 1.79MB / 103GB
[2J[HOK,10,2,ace8a59de7ff, dd-cmd.1.siadexe6gunpbu5kwdau3g796, 15.59%, 29.23MiB / 3.703GiB, 0.77%, 213kB / 271kB, 1.79MB / 103GB
[2J[HOK,10,2,ace8a59de7ff, dd-cmd.1.siadexe6gunpbu5kwdau3g796, 12.32%, 29.86MiB / 3.703GiB, 0.79%, 213kB / 271kB, 1.8MB / 103GB
[2J[HOK,10,2,ace8a59de7ff, dd-cmd.1.siadexe6gunpbu5kwdau3g796, 12.32%, 29.86MiB / 3.703GiB, 0.79%, 213kB / 271kB, 1.8MB / 103GB
[2J[HOK,10,2,ace8a59de7ff, dd-cmd.1.siadexe6gunpbu5kwdau3g796, 11.42%, 29.99MiB / 3.703GiB, 0.79%, 213kB / 271kB, 1.8MB / 103GB
[2J[HOK,10,2,ace8a59de7ff, dd-cmd.1.siadexe6gunpbu5kwdau3g796, 11.42%, 29.99MiB / 3.703GiB, 0.79%, 213kB / 271kB, 1.8MB / 103GB
[2J[HOK,10,2,ace8a59de7ff, dd-cmd.1.siadexe6gunpbu5kwdau3g796, 15.26%, 30.44MiB / 3.703GiB, 0.80%, 213kB / 271kB, 1.8MB / 103GB
[2J[HOK,10,2,ace8a59de7ff, dd-cmd.1.siadexe6gunpbu5kwdau3g796, 15.26%, 30.44MiB / 3.703GiB, 0.80%, 213kB / 271kB, 1.8MB / 103GB
[2J[HOK,10,2,ace8a59de7ff, dd-cmd.1.siadexe6gunpbu5kwdau3g796, 11.25%, 30.57MiB / 3.703GiB, 0.81%, 213kB / 271kB, 1.8MB / 103GB
[2J[HOK,10,2,ace8a59de7ff, dd-cmd.1.siadexe6gunpbu5kwdau3g796, 11.25%, 30.57MiB / 3.703GiB, 0.81%, 213kB / 271kB, 1.8MB / 103GB
[2J[HOK,10,2,ace8a59de7ff, dd-cmd.1.siadexe6gunpbu5kwdau3g796, 13.91%, 30.88MiB / 3.703GiB, 0.81%, 213kB / 271kB, 1.8MB / 103GB
[2J[HOK,10,2,ace8a59de7ff, dd-cmd.1.siadexe6gunpbu5kwdau3g796, 13.91%, 30.88MiB / 3.703GiB, 0.81%, 213kB / 271kB, 1.8MB / 103GB
[2J[HOK,10,2,ace8a59de7ff, dd-cmd.1.siadexe6gunpbu5kwdau3g796, 13.22%, 32.51MiB / 3.703GiB, 0.86%, 213kB / 271kB, 1.8MB / 103GB
[2J[HOK,10,2,ace8a59de7ff, dd-cmd.1.siadexe6gunpbu5kwdau3g796, 13.22%, 32.51MiB / 3.703GiB, 0.86%, 213kB / 271kB, 1.8MB / 103GB
[2J[HOK,10,2,ace8a59de7ff, dd-cmd.1.siadexe6gunpbu5kwdau3g796, 14.77%, 31.55MiB / 3.703GiB, 0.83%, 213kB / 271kB, 1.8MB / 103GB
[2J[HOK,10,2,ace8a59de7ff, dd-cmd.1.siadexe6gunpbu5kwdau3g796, 14.77%, 31.55MiB / 3.703GiB, 0.83%, 213kB / 271kB, 1.8MB / 103GB
[2J[HOK,10,2,ace8a59de7ff, dd-cmd.1.siadexe6gunpbu5kwdau3g796, 13.79%, 32.08MiB / 3.703GiB, 0.85%, 213kB / 271kB, 1.8MB / 103GB
[2J[HOK,10,2,ace8a59de7ff, dd-cmd.1.siadexe6gunpbu5kwdau3g796, 13.79%, 32.08MiB / 3.703GiB, 0.85%, 213kB / 271kB, 1.8MB / 103GB
[2J[HOK,10,2,ace8a59de7ff, dd-cmd.1.siadexe6gunpbu5kwdau3g796, 12.94%, 32.27MiB / 3.703GiB, 0.85%, 213kB / 271kB, 1.8MB / 103GB
[2J[HOK,10,2,ace8a59de7ff, dd-cmd.1.siadexe6gunpbu5kwdau3g796, 12.94%, 32.27MiB / 3.703GiB, 0.85%, 213kB / 271kB, 1.8MB / 103GB
[2J[HOK,10,2,ace8a59de7ff, dd-cmd.1.siadexe6gunpbu5kwdau3g796, 16.22%, 32.82MiB / 3.703GiB, 0.87%, 213kB / 271kB, 1.8MB / 103GB
[2J[HOK,10,2,ace8a59de7ff, dd-cmd.1.siadexe6gunpbu5kwdau3g796, 16.22%, 32.82MiB / 3.703GiB, 0.87%, 213kB / 271kB, 1.8MB / 103GB
[2J[HOK,10,2,ace8a59de7ff, dd-cmd.1.siadexe6gunpbu5kwdau3g796, 11.08%, 33.05MiB / 3.703GiB, 0.87%, 213kB / 271kB, 1.8MB / 103GB
[2J[HOK,10,2,ace8a59de7ff, dd-cmd.1.siadexe6gunpbu5kwdau3g796, 11.08%, 33.05MiB / 3.703GiB, 0.87%, 213kB / 271kB, 1.8MB / 103GB
[2J[HOK,10,2,ace8a59de7ff, dd-cmd.1.siadexe6gunpbu5kwdau3g796, 13.02%, 33.32MiB / 3.703GiB, 0.88%, 213kB / 271kB, 1.8MB / 103GB
[2J[HOK,10,2,ace8a59de7ff, dd-cmd.1.siadexe6gunpbu5kwdau3g796, 13.02%, 33.32MiB / 3.703GiB, 0.88%, 213kB / 271kB, 1.8MB / 103GB
[2J[HOK,10,2,ace8a59de7ff, dd-cmd.1.siadexe6gunpbu5kwdau3g796, 15.60%, 33.51MiB / 3.703GiB, 0.88%, 213kB / 271kB, 1.8MB / 103GB
[2J[HOK,10,2,ace8a59de7ff, dd-cmd.1.siadexe6gunpbu5kwdau3g796, 15.60%, 33.51MiB / 3.703GiB, 0.88%, 213kB / 271kB, 1.8MB / 103GB
[2J[HOK,10,2,ace8a59de7ff, dd-cmd.1.siadexe6gunpbu5kwdau3g796, 13.73%, 34.19MiB / 3.703GiB, 0.90%, 213kB / 271kB, 1.8MB / 103GB
[2J[HOK,10,2,ace8a59de7ff, dd-cmd.1.siadexe6gunpbu5kwdau3g796, 13.73%, 34.19MiB / 3.703GiB, 0.90%, 213kB / 271kB, 1.8MB / 103GB
[2J[HOK,10,2,ace8a59de7ff, dd-cmd.1.siadexe6gunpbu5kwdau3g796, 13.46%, 34.22MiB / 3.703GiB, 0.90%, 213kB / 271kB, 1.8MB / 103GB
[2J[HOK,10,2,ace8a59de7ff, dd-cmd.1.siadexe6gunpbu5kwdau3g796, 13.46%, 34.22MiB / 3.703GiB, 0.90%, 213kB / 271kB, 1.8MB / 103GB
[2J[HOK,10,2,ace8a59de7ff, dd-cmd.1.siadexe6gunpbu5kwdau3g796, 16.01%, 34.67MiB / 3.703GiB, 0.91%, 213kB / 271kB, 1.8MB / 103GB
[2J[HOK,10,2,ace8a59de7ff, dd-cmd.1.siadexe6gunpbu5kwdau3g796, 16.01%, 34.67MiB / 3.703GiB, 0.91%, 213kB / 271kB, 1.8MB / 103GB
[2J[HOK,10,2,ace8a59de7ff, dd-cmd.1.siadexe6gunpbu5kwdau3g796, 12.70%, 34.97MiB / 3.703GiB, 0.92%, 213kB / 271kB, 1.8MB / 103GB
[2J[HOK,10,2,ace8a59de7ff, dd-cmd.1.siadexe6gunpbu5kwdau3g796, 12.70%, 34.97MiB / 3.703GiB, 0.92%, 213kB / 271kB, 1.8MB / 103GB
[2J[HOK,10,2,ace8a59de7ff, dd-cmd.1.siadexe6gunpbu5kwdau3g796, 12.77%, 35.33MiB / 3.703GiB, 0.93%, 213kB / 271kB, 1.8MB / 103GB
[2J[HOK,10,2,ace8a59de7ff, dd-cmd.1.siadexe6gunpbu5kwdau3g796, 12.77%, 35.33MiB / 3.703GiB, 0.93%, 213kB / 271kB, 1.8MB / 103GB
[2J[HOK,10,2,ace8a59de7ff, dd-cmd.1.siadexe6gunpbu5kwdau3g796, 15.37%, 35.62MiB / 3.703GiB, 0.94%, 213kB / 271kB, 1.8MB / 103GB
[2J[HOK,10,2,ace8a59de7ff, dd-cmd.1.siadexe6gunpbu5kwdau3g796, 15.37%, 35.62MiB / 3.703GiB, 0.94%, 213kB / 271kB, 1.8MB / 103GB
[2J[HOK,10,2,ace8a59de7ff, dd-cmd.1.siadexe6gunpbu5kwdau3g796, 13.39%, 35.98MiB / 3.703GiB, 0.95%, 213kB / 271kB, 1.8MB / 103GB
[2J[HOK,10,2,ace8a59de7ff, dd-cmd.1.siadexe6gunpbu5kwdau3g796, 13.39%, 35.98MiB / 3.703GiB, 0.95%, 213kB / 271kB, 1.8MB / 103GB
[2J[HOK,10,2,ace8a59de7ff, dd-cmd.1.siadexe6gunpbu5kwdau3g796, 12.48%, 36.48MiB / 3.703GiB, 0.96%, 213kB / 271kB, 1.8MB / 103GB
[2J[HOK,10,2,ace8a59de7ff, dd-cmd.1.siadexe6gunpbu5kwdau3g796, 12.48%, 36.48MiB / 3.703GiB, 0.96%, 213kB / 271kB, 1.8MB / 103GB
[2J[HOK,10,2,ace8a59de7ff, dd-cmd.1.siadexe6gunpbu5kwdau3g796, 13.68%, 36.73MiB / 3.703GiB, 0.97%, 213kB / 271kB, 1.81MB / 103GB
[2J[HOK,10,2,ace8a59de7ff, dd-cmd.1.siadexe6gunpbu5kwdau3g796, 13.68%, 36.73MiB / 3.703GiB, 0.97%, 213kB / 271kB, 1.81MB / 103GB
[2J[HOK,10,2,ace8a59de7ff, dd-cmd.1.siadexe6gunpbu5kwdau3g796, 14.03%, 37.19MiB / 3.703GiB, 0.98%, 213kB / 271kB, 1.81MB / 103GB
[2J[HOK,10,2,ace8a59de7ff, dd-cmd.1.siadexe6gunpbu5kwdau3g796, 14.03%, 37.19MiB / 3.703GiB, 0.98%, 213kB / 271kB, 1.81MB / 103GB
[2J[HOK,10,2,ace8a59de7ff, dd-cmd.1.siadexe6gunpbu5kwdau3g796, 11.98%, 37.48MiB / 3.703GiB, 0.99%, 213kB / 271kB, 1.81MB / 103GB
[2J[HOK,10,2,ace8a59de7ff, dd-cmd.1.siadexe6gunpbu5kwdau3g796, 11.98%, 37.48MiB / 3.703GiB, 0.99%, 213kB / 271kB, 1.81MB / 103GB
[2J[HOK,10,2,ace8a59de7ff, dd-cmd.1.siadexe6gunpbu5kwdau3g796, 13.25%, 37.77MiB / 3.703GiB, 1.00%, 213kB / 271kB, 1.81MB / 103GB
[2J[HOK,10,2,ace8a59de7ff, dd-cmd.1.siadexe6gunpbu5kwdau3g796, 13.25%, 37.77MiB / 3.703GiB, 1.00%, 213kB / 271kB, 1.81MB / 103GB
[2J[HOK,10,2,ace8a59de7ff, dd-cmd.1.siadexe6gunpbu5kwdau3g796, 15.21%, 38.16MiB / 3.703GiB, 1.01%, 213kB / 271kB, 1.81MB / 103GB
[2J[HOK,10,2,ace8a59de7ff, dd-cmd.1.siadexe6gunpbu5kwdau3g796, 15.21%, 38.16MiB / 3.703GiB, 1.01%, 213kB / 271kB, 1.81MB / 103GB
[2J[HOK,10,2,ace8a59de7ff, dd-cmd.1.siadexe6gunpbu5kwdau3g796, 15.21%, 38.16MiB / 3.703GiB, 1.01%, 213kB / 271kB, 1.81MB / 103GB
[2J[HOK,10,2,ace8a59de7ff, dd-cmd.1.siadexe6gunpbu5kwdau3g796, 13.56%, 38.46MiB / 3.703GiB, 1.01%, 213kB / 271kB, 1.81MB / 103GB
[2J[HOK,10,2,ace8a59de7ff, dd-cmd.1.siadexe6gunpbu5kwdau3g796, 13.56%, 38.46MiB / 3.703GiB, 1.01%, 213kB / 271kB, 1.81MB / 103GB
[2J[HOK,10,2,ace8a59de7ff, dd-cmd.1.siadexe6gunpbu5kwdau3g796, 12.95%, 38.82MiB / 3.703GiB, 1.02%, 213kB / 271kB, 1.81MB / 103GB
[2J[HOK,10,2,ace8a59de7ff, dd-cmd.1.siadexe6gunpbu5kwdau3g796, 12.95%, 38.82MiB / 3.703GiB, 1.02%, 213kB / 271kB, 1.81MB / 103GB
[2J[HOK,10,2,ace8a59de7ff, dd-cmd.1.siadexe6gunpbu5kwdau3g796, 15.37%, 38.95MiB / 3.703GiB, 1.03%, 213kB / 271kB, 1.81MB / 103GB
[2J[HOK,10,2,ace8a59de7ff, dd-cmd.1.siadexe6gunpbu5kwdau3g796, 15.37%, 38.95MiB / 3.703GiB, 1.03%, 213kB / 271kB, 1.81MB / 103GB
[2J[HOK,10,2,ace8a59de7ff, dd-cmd.1.siadexe6gunpbu5kwdau3g796, 12.02%, 39.29MiB / 3.703GiB, 1.04%, 213kB / 271kB, 1.81MB / 103GB
[2J[HOK,10,2,ace8a59de7ff, dd-cmd.1.siadexe6gunpbu5kwdau3g796, 12.02%, 39.29MiB / 3.703GiB, 1.04%, 213kB / 271kB, 1.81MB / 103GB
[2J[HOK,10,2,ace8a59de7ff, dd-cmd.1.siadexe6gunpbu5kwdau3g796, 13.33%, 39.63MiB / 3.703GiB, 1.05%, 213kB / 271kB, 1.81MB / 103GB
[2J[HOK,10,2,ace8a59de7ff, dd-cmd.1.siadexe6gunpbu5kwdau3g796, 13.33%, 39.63MiB / 3.703GiB, 1.05%, 213kB / 271kB, 1.81MB / 103GB
[2J[HOK,10,2,ace8a59de7ff, dd-cmd.1.siadexe6gunpbu5kwdau3g796, 124.59%, 68.21MiB / 3.703GiB, 1.80%, 216kB / 273kB, 1.82MB / 103GB
[2J[HOK,10,2,ace8a59de7ff, dd-cmd.1.siadexe6gunpbu5kwdau3g796, 124.59%, 68.21MiB / 3.703GiB, 1.80%, 216kB / 273kB, 1.82MB / 103GB
[2J[HOK,10,2,ace8a59de7ff, dd-cmd.1.siadexe6gunpbu5kwdau3g796, 342.07%, 83.44MiB / 3.703GiB, 2.20%, 216kB / 273kB, 1.82MB / 103GB
[2J[HOK,10,2,ace8a59de7ff, dd-cmd.1.siadexe6gunpbu5kwdau3g796, 342.07%, 83.44MiB / 3.703GiB, 2.20%, 216kB / 273kB, 1.82MB / 103GB
[2J[HOK,10,2,ace8a59de7ff, dd-cmd.1.siadexe6gunpbu5kwdau3g796, 18.74%, 88.39MiB / 3.703GiB, 2.33%, 216kB / 273kB, 1.82MB / 103GB
[2J[HOK,10,2,ace8a59de7ff, dd-cmd.1.siadexe6gunpbu5kwdau3g796, 18.74%, 88.39MiB / 3.703GiB, 2.33%, 216kB / 273kB, 1.82MB / 103GB
[2J[HOK,10,2,ace8a59de7ff, dd-cmd.1.siadexe6gunpbu5kwdau3g796, 19.75%, 88.09MiB / 3.703GiB, 2.32%, 216kB / 273kB, 1.82MB / 103GB
[2J[HOK,10,2,ace8a59de7ff, dd-cmd.1.siadexe6gunpbu5kwdau3g796, 19.75%, 88.09MiB / 3.703GiB, 2.32%, 216kB / 273kB, 1.82MB / 103GB
[2J[HOK,10,2,ace8a59de7ff, dd-cmd.1.siadexe6gunpbu5kwdau3g796, 15.60%, 88.03MiB / 3.703GiB, 2.32%, 216kB / 273kB, 1.82MB / 103GB
[2J[HOK,10,2,ace8a59de7ff, dd-cmd.1.siadexe6gunpbu5kwdau3g796, 15.60%, 88.03MiB / 3.703GiB, 2.32%, 216kB / 273kB, 1.82MB / 103GB
[2J[HOK,10,2,ace8a59de7ff, dd-cmd.1.siadexe6gunpbu5kwdau3g796, 15.49%, 88.07MiB / 3.703GiB, 2.32%, 216kB / 273kB, 1.82MB / 103GB
[2J[HOK,10,2,ace8a59de7ff, dd-cmd.1.siadexe6gunpbu5kwdau3g796, 15.49%, 88.07MiB / 3.703GiB, 2.32%, 216kB / 273kB, 1.82MB / 103GB
[2J[HOK,10,2,ace8a59de7ff, dd-cmd.1.siadexe6gunpbu5kwdau3g796, 19.32%, 88.04MiB / 3.703GiB, 2.32%, 216kB / 273kB, 1.82MB / 103GB
[2J[HOK,10,2,ace8a59de7ff, dd-cmd.1.siadexe6gunpbu5kwdau3g796, 19.32%, 88.04MiB / 3.703GiB, 2.32%, 216kB / 273kB, 1.82MB / 103GB
[2J[HOK,10,2,ace8a59de7ff, dd-cmd.1.siadexe6gunpbu5kwdau3g796, 16.35%, 88.11MiB / 3.703GiB, 2.32%, 216kB / 273kB, 1.82MB / 103GB
[2J[HOK,10,2,ace8a59de7ff, dd-cmd.1.siadexe6gunpbu5kwdau3g796, 16.35%, 88.11MiB / 3.703GiB, 2.32%, 216kB / 273kB, 1.82MB / 103GB
[2J[HOK,10,2,ace8a59de7ff, dd-cmd.1.siadexe6gunpbu5kwdau3g796, 14.66%, 88.07MiB / 3.703GiB, 2.32%, 216kB / 273kB, 1.82MB / 103GB
[2J[HOK,10,2,ace8a59de7ff, dd-cmd.1.siadexe6gunpbu5kwdau3g796, 14.66%, 88.07MiB / 3.703GiB, 2.32%, 216kB / 273kB, 1.82MB / 103GB
[2J[HOK,10,2,ace8a59de7ff, dd-cmd.1.siadexe6gunpbu5kwdau3g796, 20.56%, 91.16MiB / 3.703GiB, 2.40%, 216kB / 273kB, 1.82MB / 103GB
[2J[HOK,10,2,ace8a59de7ff, dd-cmd.1.siadexe6gunpbu5kwdau3g796, 20.56%, 91.16MiB / 3.703GiB, 2.40%, 216kB / 273kB, 1.82MB / 103GB
[2J[HOK,10,2,ace8a59de7ff, dd-cmd.1.siadexe6gunpbu5kwdau3g796, 16.12%, 88.27MiB / 3.703GiB, 2.33%, 216kB / 273kB, 1.82MB / 103GB
[2J[HOK,10,2,ace8a59de7ff, dd-cmd.1.siadexe6gunpbu5kwdau3g796, 16.12%, 88.27MiB / 3.703GiB, 2.33%, 216kB / 273kB, 1.82MB / 103GB
[2J[HOK,10,2,ace8a59de7ff, dd-cmd.1.siadexe6gunpbu5kwdau3g796, 16.13%, 88.3MiB / 3.703GiB, 2.33%, 216kB / 273kB, 1.82MB / 103GB
[2J[HOK,10,2,ace8a59de7ff, dd-cmd.1.siadexe6gunpbu5kwdau3g796, 16.13%, 88.3MiB / 3.703GiB, 2.33%, 216kB / 273kB, 1.82MB / 103GB
[2J[HOK,10,2,ace8a59de7ff, dd-cmd.1.siadexe6gunpbu5kwdau3g796, 16.78%, 88.24MiB / 3.703GiB, 2.33%, 216kB / 273kB, 1.82MB / 103GB
[2J[HOK,10,2,ace8a59de7ff, dd-cmd.1.siadexe6gunpbu5kwdau3g796, 16.78%, 88.24MiB / 3.703GiB, 2.33%, 216kB / 273kB, 1.82MB / 103GB
[2J[HOK,10,2,ace8a59de7ff, dd-cmd.1.siadexe6gunpbu5kwdau3g796, 17.62%, 88.21MiB / 3.703GiB, 2.33%, 216kB / 273kB, 1.82MB / 103GB
[2J[HOK,10,2,ace8a59de7ff, dd-cmd.1.siadexe6gunpbu5kwdau3g796, 17.62%, 88.21MiB / 3.703GiB, 2.33%, 216kB / 273kB, 1.82MB / 103GB
[2J[HOK,10,2,ace8a59de7ff, dd-cmd.1.siadexe6gunpbu5kwdau3g796, 15.68%, 88.18MiB / 3.703GiB, 2.33%, 216kB / 273kB, 1.82MB / 103GB
[2J[HOK,10,2,ace8a59de7ff, dd-cmd.1.siadexe6gunpbu5kwdau3g796, 15.68%, 88.18MiB / 3.703GiB, 2.33%, 216kB / 273kB, 1.82MB / 103GB
[2J[HOK,10,2,ace8a59de7ff, dd-cmd.1.siadexe6gunpbu5kwdau3g796, 15.64%, 88.25MiB / 3.703GiB, 2.33%, 217kB / 273kB, 1.82MB / 103GB
[2J[HOK,10,2,ace8a59de7ff, dd-cmd.1.siadexe6gunpbu5kwdau3g796, 15.64%, 88.25MiB / 3.703GiB, 2.33%, 217kB / 273kB, 1.82MB / 103GB
[2J[HOK,10,2,ace8a59de7ff, dd-cmd.1.siadexe6gunpbu5kwdau3g796, 19.49%, 88.4MiB / 3.703GiB, 2.33%, 217kB / 273kB, 1.82MB / 103GB
[2J[HOK,10,2,ace8a59de7ff, dd-cmd.1.siadexe6gunpbu5kwdau3g796, 19.49%, 88.4MiB / 3.703GiB, 2.33%, 217kB / 273kB, 1.82MB / 103GB
[2J[HOK,10,2,ace8a59de7ff, dd-cmd.1.siadexe6gunpbu5kwdau3g796, 17.03%, 88.46MiB / 3.703GiB, 2.33%, 217kB / 273kB, 1.82MB / 104GB
[2J[HOK,10,2,ace8a59de7ff, dd-cmd.1.siadexe6gunpbu5kwdau3g796, 17.03%, 88.46MiB / 3.703GiB, 2.33%, 217kB / 273kB, 1.82MB / 104GB
[2J[HOK,10,2,ace8a59de7ff, dd-cmd.1.siadexe6gunpbu5kwdau3g796, 17.73%, 88.46MiB / 3.703GiB, 2.33%, 217kB / 273kB, 1.82MB / 104GB
[2J[HOK,10,2,ace8a59de7ff, dd-cmd.1.siadexe6gunpbu5kwdau3g796, 17.73%, 88.46MiB / 3.703GiB, 2.33%, 217kB / 273kB, 1.82MB / 104GB
[2J[HOK,10,2,ace8a59de7ff, dd-cmd.1.siadexe6gunpbu5kwdau3g796, 17.42%, 88.45MiB / 3.703GiB, 2.33%, 217kB / 273kB, 1.82MB / 104GB
[2J[HOK,10,2,ace8a59de7ff, dd-cmd.1.siadexe6gunpbu5kwdau3g796, 17.42%, 88.45MiB / 3.703GiB, 2.33%, 217kB / 273kB, 1.82MB / 104GB
[2J[HOK,10,2,ace8a59de7ff, dd-cmd.1.siadexe6gunpbu5kwdau3g796, 14.75%, 88.42MiB / 3.703GiB, 2.33%, 217kB / 273kB, 1.82MB / 104GB
[2J[HOK,10,2,ace8a59de7ff, dd-cmd.1.siadexe6gunpbu5kwdau3g796, 14.75%, 88.42MiB / 3.703GiB, 2.33%, 217kB / 273kB, 1.82MB / 104GB
[2J[HOK,10,2,ace8a59de7ff, dd-cmd.1.siadexe6gunpbu5kwdau3g796, 14.86%, 88.36MiB / 3.703GiB, 2.33%, 217kB / 273kB, 1.82MB / 104GB
[2J[HOK,10,2,ace8a59de7ff, dd-cmd.1.siadexe6gunpbu5kwdau3g796, 14.86%, 88.36MiB / 3.703GiB, 2.33%, 217kB / 273kB, 1.82MB / 104GB
[2J[HOK,10,2,ace8a59de7ff, dd-cmd.1.siadexe6gunpbu5kwdau3g796, 15.95%, 88.33MiB / 3.703GiB, 2.33%, 217kB / 273kB, 1.82MB / 104GB
[2J[HOK,10,2,ace8a59de7ff, dd-cmd.1.siadexe6gunpbu5kwdau3g796, 15.95%, 88.33MiB / 3.703GiB, 2.33%, 217kB / 273kB, 1.82MB / 104GB
[2J[HOK,10,2,ace8a59de7ff, dd-cmd.1.siadexe6gunpbu5kwdau3g796, 19.17%, 88.45MiB / 3.703GiB, 2.33%, 217kB / 273kB, 1.82MB / 104GB
[2J[HOK,10,2,ace8a59de7ff, dd-cmd.1.siadexe6gunpbu5kwdau3g796, 19.17%, 88.45MiB / 3.703GiB, 2.33%, 217kB / 273kB, 1.82MB / 104GB
[2J[HOK,10,2,ace8a59de7ff, dd-cmd.1.siadexe6gunpbu5kwdau3g796, 17.06%, 88.36MiB / 3.703GiB, 2.33%, 217kB / 273kB, 1.82MB / 104GB
[2J[HOK,10,2,ace8a59de7ff, dd-cmd.1.siadexe6gunpbu5kwdau3g796, 17.06%, 88.36MiB / 3.703GiB, 2.33%, 217kB / 273kB, 1.82MB / 104GB
[2J[HOK,10,2,ace8a59de7ff, dd-cmd.1.siadexe6gunpbu5kwdau3g796, 15.94%, 88.3MiB / 3.703GiB, 2.33%, 217kB / 273kB, 1.82MB / 104GB
[2J[HOK,10,2,ace8a59de7ff, dd-cmd.1.siadexe6gunpbu5kwdau3g796, 15.94%, 88.3MiB / 3.703GiB, 2.33%, 217kB / 273kB, 1.82MB / 104GB
[2J[HOK,10,2,ace8a59de7ff, dd-cmd.1.siadexe6gunpbu5kwdau3g796, 17.16%, 88.27MiB / 3.703GiB, 2.33%, 217kB / 273kB, 1.82MB / 104GB
[2J[HOK,10,2,ace8a59de7ff, dd-cmd.1.siadexe6gunpbu5kwdau3g796, 17.16%, 88.27MiB / 3.703GiB, 2.33%, 217kB / 273kB, 1.82MB / 104GB
[2J[HOK,10,2,ace8a59de7ff, dd-cmd.1.siadexe6gunpbu5kwdau3g796, 18.02%, 88.37MiB / 3.703GiB, 2.33%, 217kB / 273kB, 1.82MB / 104GB
[2J[HOK,10,2,ace8a59de7ff, dd-cmd.1.siadexe6gunpbu5kwdau3g796, 18.02%, 88.37MiB / 3.703GiB, 2.33%, 217kB / 273kB, 1.82MB / 104GB
[2J[HOK,10,2,ace8a59de7ff, dd-cmd.1.siadexe6gunpbu5kwdau3g796, 14.43%, 88.46MiB / 3.703GiB, 2.33%, 217kB / 273kB, 1.82MB / 104GB
[2J[HOK,10,2,ace8a59de7ff, dd-cmd.1.siadexe6gunpbu5kwdau3g796, 14.43%, 88.46MiB / 3.703GiB, 2.33%, 217kB / 273kB, 1.82MB / 104GB
[2J[HOK,10,2,ace8a59de7ff, dd-cmd.1.siadexe6gunpbu5kwdau3g796, 18.74%, 88.59MiB / 3.703GiB, 2.34%, 217kB / 273kB, 1.82MB / 104GB
[2J[HOK,10,2,ace8a59de7ff, dd-cmd.1.siadexe6gunpbu5kwdau3g796, 18.74%, 88.59MiB / 3.703GiB, 2.34%, 217kB / 273kB, 1.82MB / 104GB
[2J[HOK,10,2,ace8a59de7ff, dd-cmd.1.siadexe6gunpbu5kwdau3g796, 17.11%, 88.58MiB / 3.703GiB, 2.34%, 217kB / 274kB, 1.82MB / 104GB
[2J[HOK,10,2,ace8a59de7ff, dd-cmd.1.siadexe6gunpbu5kwdau3g796, 17.11%, 88.58MiB / 3.703GiB, 2.34%, 217kB / 274kB, 1.82MB / 104GB
[2J[HOK,10,2,ace8a59de7ff, dd-cmd.1.siadexe6gunpbu5kwdau3g796, 15.95%, 88.57MiB / 3.703GiB, 2.34%, 217kB / 274kB, 1.82MB / 104GB
[2J[HOK,10,2,ace8a59de7ff, dd-cmd.1.siadexe6gunpbu5kwdau3g796, 15.95%, 88.57MiB / 3.703GiB, 2.34%, 217kB / 274kB, 1.82MB / 104GB
[2J[HOK,10,2,ace8a59de7ff, dd-cmd.1.siadexe6gunpbu5kwdau3g796, 15.95%, 88.57MiB / 3.703GiB, 2.34%, 217kB / 274kB, 1.82MB / 104GB
[2J[HOK,10,2,ace8a59de7ff, dd-cmd.1.siadexe6gunpbu5kwdau3g796, 18.27%, 88.74MiB / 3.703GiB, 2.34%, 217kB / 274kB, 1.82MB / 104GB
[2J[HOK,10,2,ace8a59de7ff, dd-cmd.1.siadexe6gunpbu5kwdau3g796, 18.27%, 88.74MiB / 3.703GiB, 2.34%, 217kB / 274kB, 1.82MB / 104GB
[2J[HOK,10,2,ace8a59de7ff, dd-cmd.1.siadexe6gunpbu5kwdau3g796, 13.66%, 88.58MiB / 3.703GiB, 2.34%, 217kB / 274kB, 1.82MB / 104GB
[2J[HOK,10,2,ace8a59de7ff, dd-cmd.1.siadexe6gunpbu5kwdau3g796, 13.66%, 88.58MiB / 3.703GiB, 2.34%, 217kB / 274kB, 1.82MB / 104GB
[2J[HOK,10,2,ace8a59de7ff, dd-cmd.1.siadexe6gunpbu5kwdau3g796, 14.61%, 88.57MiB / 3.703GiB, 2.34%, 217kB / 274kB, 1.82MB / 104GB
[2J[HOK,10,2,ace8a59de7ff, dd-cmd.1.siadexe6gunpbu5kwdau3g796, 14.61%, 88.57MiB / 3.703GiB, 2.34%, 217kB / 274kB, 1.82MB / 104GB
[2J[HOK,10,2,ace8a59de7ff, dd-cmd.1.siadexe6gunpbu5kwdau3g796, 18.41%, 88.86MiB / 3.703GiB, 2.34%, 217kB / 274kB, 1.82MB / 104GB
[2J[HOK,10,2,ace8a59de7ff, dd-cmd.1.siadexe6gunpbu5kwdau3g796, 18.41%, 88.86MiB / 3.703GiB, 2.34%, 217kB / 274kB, 1.82MB / 104GB
[2J[HOK,10,2,ace8a59de7ff, dd-cmd.1.siadexe6gunpbu5kwdau3g796, 17.44%, 88.76MiB / 3.703GiB, 2.34%, 217kB / 274kB, 1.82MB / 104GB
[2J[HOK,10,2,ace8a59de7ff, dd-cmd.1.siadexe6gunpbu5kwdau3g796, 17.44%, 88.76MiB / 3.703GiB, 2.34%, 217kB / 274kB, 1.82MB / 104GB
[2J[HOK,10,2,ace8a59de7ff, dd-cmd.1.siadexe6gunpbu5kwdau3g796, 16.02%, 88.82MiB / 3.703GiB, 2.34%, 217kB / 274kB, 1.82MB / 104GB
[2J[HOK,10,2,ace8a59de7ff, dd-cmd.1.siadexe6gunpbu5kwdau3g796, 16.02%, 88.82MiB / 3.703GiB, 2.34%, 217kB / 274kB, 1.82MB / 104GB
[2J[HOK,10,2,ace8a59de7ff, dd-cmd.1.siadexe6gunpbu5kwdau3g796, 18.59%, 88.76MiB / 3.703GiB, 2.34%, 217kB / 274kB, 1.82MB / 104GB
[2J[HOK,10,2,ace8a59de7ff, dd-cmd.1.siadexe6gunpbu5kwdau3g796, 18.59%, 88.76MiB / 3.703GiB, 2.34%, 217kB / 274kB, 1.82MB / 104GB
[2J[HOK,10,2,ace8a59de7ff, dd-cmd.1.siadexe6gunpbu5kwdau3g796, 14.33%, 88.79MiB / 3.703GiB, 2.34%, 217kB / 274kB, 1.82MB / 104GB
[2J[HOK,10,2,ace8a59de7ff, dd-cmd.1.siadexe6gunpbu5kwdau3g796, 14.33%, 88.79MiB / 3.703GiB, 2.34%, 217kB / 274kB, 1.82MB / 104GB
[2J[HOK,10,2,ace8a59de7ff, dd-cmd.1.siadexe6gunpbu5kwdau3g796, 15.56%, 88.78MiB / 3.703GiB, 2.34%, 217kB / 274kB, 1.82MB / 104GB
[2J[HOK,10,2,ace8a59de7ff, dd-cmd.1.siadexe6gunpbu5kwdau3g796, 15.56%, 88.78MiB / 3.703GiB, 2.34%, 217kB / 274kB, 1.82MB / 104GB
[2J[HOK,10,2,ace8a59de7ff, dd-cmd.1.siadexe6gunpbu5kwdau3g796, 18.70%, 88.77MiB / 3.703GiB, 2.34%, 217kB / 274kB, 1.82MB / 104GB
[2J[HOK,10,2,ace8a59de7ff, dd-cmd.1.siadexe6gunpbu5kwdau3g796, 18.70%, 88.77MiB / 3.703GiB, 2.34%, 217kB / 274kB, 1.82MB / 104GB
[2J[HOK,10,2,ace8a59de7ff, dd-cmd.1.siadexe6gunpbu5kwdau3g796, 19.22%, 88.89MiB / 3.703GiB, 2.34%, 217kB / 274kB, 1.82MB / 104GB
[2J[HOK,10,2,ace8a59de7ff, dd-cmd.1.siadexe6gunpbu5kwdau3g796, 19.22%, 88.89MiB / 3.703GiB, 2.34%, 217kB / 274kB, 1.82MB / 104GB
[2J[HOK,10,2,ace8a59de7ff, dd-cmd.1.siadexe6gunpbu5kwdau3g796, 15.24%, 88.88MiB / 3.703GiB, 2.34%, 217kB / 274kB, 1.82MB / 104GB
[2J[HOK,10,2,ace8a59de7ff, dd-cmd.1.siadexe6gunpbu5kwdau3g796, 15.24%, 88.88MiB / 3.703GiB, 2.34%, 217kB / 274kB, 1.82MB / 104GB
[2J[HOK,10,2,ace8a59de7ff, dd-cmd.1.siadexe6gunpbu5kwdau3g796, 16.70%, 89.07MiB / 3.703GiB, 2.35%, 217kB / 274kB, 1.82MB / 104GB
[2J[HOK,10,2,ace8a59de7ff, dd-cmd.1.siadexe6gunpbu5kwdau3g796, 16.70%, 89.07MiB / 3.703GiB, 2.35%, 217kB / 274kB, 1.82MB / 104GB
[2J[HOK,10,2,ace8a59de7ff, dd-cmd.1.siadexe6gunpbu5kwdau3g796, 19.54%, 89.08MiB / 3.703GiB, 2.35%, 218kB / 274kB, 1.82MB / 104GB
[2J[HOK,10,2,ace8a59de7ff, dd-cmd.1.siadexe6gunpbu5kwdau3g796, 19.54%, 89.08MiB / 3.703GiB, 2.35%, 218kB / 274kB, 1.82MB / 104GB
[2J[HOK,10,2,ace8a59de7ff, dd-cmd.1.siadexe6gunpbu5kwdau3g796, 15.02%, 89.06MiB / 3.703GiB, 2.35%, 218kB / 274kB, 1.82MB / 104GB
[2J[HOK,10,2,ace8a59de7ff, dd-cmd.1.siadexe6gunpbu5kwdau3g796, 15.02%, 89.06MiB / 3.703GiB, 2.35%, 218kB / 274kB, 1.82MB / 104GB
[2J[HOK,10,2,ace8a59de7ff, dd-cmd.1.siadexe6gunpbu5kwdau3g796, 17.31%, 89.16MiB / 3.703GiB, 2.35%, 218kB / 274kB, 1.82MB / 104GB
[2J[HOK,10,2,ace8a59de7ff, dd-cmd.1.siadexe6gunpbu5kwdau3g796, 17.31%, 89.16MiB / 3.703GiB, 2.35%, 218kB / 274kB, 1.82MB / 104GB
[2J[HOK,10,2,ace8a59de7ff, dd-cmd.1.siadexe6gunpbu5kwdau3g796, 18.99%, 89.32MiB / 3.703GiB, 2.36%, 218kB / 274kB, 1.82MB / 104GB
[2J[HOK,10,2,ace8a59de7ff, dd-cmd.1.siadexe6gunpbu5kwdau3g796, 18.99%, 89.32MiB / 3.703GiB, 2.36%, 218kB / 274kB, 1.82MB / 104GB
[2J[HOK,10,2,ace8a59de7ff, dd-cmd.1.siadexe6gunpbu5kwdau3g796, 16.18%, 89.22MiB / 3.703GiB, 2.35%, 218kB / 274kB, 1.82MB / 104GB
[2J[HOK,10,2,ace8a59de7ff, dd-cmd.1.siadexe6gunpbu5kwdau3g796, 16.18%, 89.22MiB / 3.703GiB, 2.35%, 218kB / 274kB, 1.82MB / 104GB
[2J[HOK,10,2,ace8a59de7ff, dd-cmd.1.siadexe6gunpbu5kwdau3g796, 17.71%, 89.31MiB / 3.703GiB, 2.36%, 218kB / 274kB, 1.82MB / 104GB
[2J[HOK,10,2,ace8a59de7ff, dd-cmd.1.siadexe6gunpbu5kwdau3g796, 17.71%, 89.31MiB / 3.703GiB, 2.36%, 218kB / 274kB, 1.82MB / 104GB
[2J[HOK,10,2,ace8a59de7ff, dd-cmd.1.siadexe6gunpbu5kwdau3g796, 19.40%, 89.43MiB / 3.703GiB, 2.36%, 218kB / 274kB, 1.82MB / 104GB
[2J[HOK,10,2,ace8a59de7ff, dd-cmd.1.siadexe6gunpbu5kwdau3g796, 19.40%, 89.43MiB / 3.703GiB, 2.36%, 218kB / 274kB, 1.82MB / 104GB
[2J[HOK,10,2,ace8a59de7ff, dd-cmd.1.siadexe6gunpbu5kwdau3g796, 16.64%, 89.39MiB / 3.703GiB, 2.36%, 218kB / 274kB, 1.82MB / 104GB
[2J[HOK,10,2,ace8a59de7ff, dd-cmd.1.siadexe6gunpbu5kwdau3g796, 16.64%, 89.39MiB / 3.703GiB, 2.36%, 218kB / 274kB, 1.82MB / 104GB
[2J[HOK,10,2,ace8a59de7ff, dd-cmd.1.siadexe6gunpbu5kwdau3g796, 17.55%, 89.32MiB / 3.703GiB, 2.36%, 218kB / 274kB, 1.82MB / 104GB
[2J[HOK,10,2,ace8a59de7ff, dd-cmd.1.siadexe6gunpbu5kwdau3g796, 17.55%, 89.32MiB / 3.703GiB, 2.36%, 218kB / 274kB, 1.82MB / 104GB
[2J[HOK,10,2,ace8a59de7ff, dd-cmd.1.siadexe6gunpbu5kwdau3g796, 15.65%, 89.43MiB / 3.703GiB, 2.36%, 218kB / 274kB, 1.82MB / 104GB
[2J[HOK,10,2,ace8a59de7ff, dd-cmd.1.siadexe6gunpbu5kwdau3g796, 15.65%, 89.43MiB / 3.703GiB, 2.36%, 218kB / 274kB, 1.82MB / 104GB
[2J[HOK,10,2,ace8a59de7ff, dd-cmd.1.siadexe6gunpbu5kwdau3g796, 15.65%, 89.43MiB / 3.703GiB, 2.36%, 218kB / 274kB, 1.82MB / 104GB
[2J[HOK,10,2,ace8a59de7ff, dd-cmd.1.siadexe6gunpbu5kwdau3g796, 17.35%, 89.45MiB / 3.703GiB, 2.36%, 218kB / 274kB, 1.82MB / 104GB
[2J[HOK,10,2,ace8a59de7ff, dd-cmd.1.siadexe6gunpbu5kwdau3g796, 17.35%, 89.45MiB / 3.703GiB, 2.36%, 218kB / 274kB, 1.82MB / 104GB
[2J[HOK,10,2,ace8a59de7ff, dd-cmd.1.siadexe6gunpbu5kwdau3g796, 15.90%, 89.49MiB / 3.703GiB, 2.36%, 218kB / 274kB, 1.82MB / 104GB
[2J[HOK,10,2,ace8a59de7ff, dd-cmd.1.siadexe6gunpbu5kwdau3g796, 15.90%, 89.49MiB / 3.703GiB, 2.36%, 218kB / 274kB, 1.82MB / 104GB
[2J[HOK,10,2,ace8a59de7ff, dd-cmd.1.siadexe6gunpbu5kwdau3g796, 15.34%, 89.46MiB / 3.703GiB, 2.36%, 218kB / 274kB, 1.82MB / 104GB
[2J[HOK,10,2,ace8a59de7ff, dd-cmd.1.siadexe6gunpbu5kwdau3g796, 15.34%, 89.46MiB / 3.703GiB, 2.36%, 218kB / 274kB, 1.82MB / 104GB
[2J[HOK,10,2,ace8a59de7ff, dd-cmd.1.siadexe6gunpbu5kwdau3g796, 19.60%, 89.53MiB / 3.703GiB, 2.36%, 218kB / 274kB, 1.82MB / 104GB
[2J[HOK,10,2,ace8a59de7ff, dd-cmd.1.siadexe6gunpbu5kwdau3g796, 19.60%, 89.53MiB / 3.703GiB, 2.36%, 218kB / 274kB, 1.82MB / 104GB
[2J[HOK,10,2,ace8a59de7ff, dd-cmd.1.siadexe6gunpbu5kwdau3g796, 14.87%, 89.52MiB / 3.703GiB, 2.36%, 218kB / 275kB, 1.82MB / 104GB
[2J[HOK,10,2,ace8a59de7ff, dd-cmd.1.siadexe6gunpbu5kwdau3g796, 14.87%, 89.52MiB / 3.703GiB, 2.36%, 218kB / 275kB, 1.82MB / 104GB
[2J[HOK,10,2,ace8a59de7ff, dd-cmd.1.siadexe6gunpbu5kwdau3g796, 18.50%, 89.64MiB / 3.703GiB, 2.36%, 218kB / 275kB, 1.82MB / 104GB
[2J[HOK,10,2,ace8a59de7ff, dd-cmd.1.siadexe6gunpbu5kwdau3g796, 18.50%, 89.64MiB / 3.703GiB, 2.36%, 218kB / 275kB, 1.82MB / 104GB
[2J[HOK,10,2,ace8a59de7ff, dd-cmd.1.siadexe6gunpbu5kwdau3g796, 18.72%, 89.64MiB / 3.703GiB, 2.36%, 218kB / 275kB, 1.82MB / 104GB
[2J[HOK,10,2,ace8a59de7ff, dd-cmd.1.siadexe6gunpbu5kwdau3g796, 18.72%, 89.64MiB / 3.703GiB, 2.36%, 218kB / 275kB, 1.82MB / 104GB
[2J[HOK,10,2,ace8a59de7ff, dd-cmd.1.siadexe6gunpbu5kwdau3g796, 17.09%, 89.75MiB / 3.703GiB, 2.37%, 218kB / 275kB, 1.82MB / 104GB
[2J[HOK,10,2,ace8a59de7ff, dd-cmd.1.siadexe6gunpbu5kwdau3g796, 17.09%, 89.75MiB / 3.703GiB, 2.37%, 218kB / 275kB, 1.82MB / 104GB
[2J[HOK,10,2,ace8a59de7ff, dd-cmd.1.siadexe6gunpbu5kwdau3g796, 14.52%, 89.85MiB / 3.703GiB, 2.37%, 218kB / 275kB, 1.82MB / 104GB
[2J[HOK,10,2,ace8a59de7ff, dd-cmd.1.siadexe6gunpbu5kwdau3g796, 14.52%, 89.85MiB / 3.703GiB, 2.37%, 218kB / 275kB, 1.82MB / 104GB
[2J[HOK,10,2,ace8a59de7ff, dd-cmd.1.siadexe6gunpbu5kwdau3g796, 18.09%, 89.96MiB / 3.703GiB, 2.37%, 218kB / 275kB, 1.82MB / 104GB
[2J[HOK,10,2,ace8a59de7ff, dd-cmd.1.siadexe6gunpbu5kwdau3g796, 18.09%, 89.96MiB / 3.703GiB, 2.37%, 218kB / 275kB, 1.82MB / 104GB
[2J[HOK,10,2,ace8a59de7ff, dd-cmd.1.siadexe6gunpbu5kwdau3g796, 16.50%, 89.86MiB / 3.703GiB, 2.37%, 219kB / 275kB, 1.82MB / 104GB
[2J[HOK,10,2,ace8a59de7ff, dd-cmd.1.siadexe6gunpbu5kwdau3g796, 16.50%, 89.86MiB / 3.703GiB, 2.37%, 219kB / 275kB, 1.82MB / 104GB
[2J[HOK,10,2,ace8a59de7ff, dd-cmd.1.siadexe6gunpbu5kwdau3g796, 18.41%, 90.05MiB / 3.703GiB, 2.38%, 219kB / 275kB, 1.82MB / 104GB
[2J[HOK,10,2,ace8a59de7ff, dd-cmd.1.siadexe6gunpbu5kwdau3g796, 18.41%, 90.05MiB / 3.703GiB, 2.38%, 219kB / 275kB, 1.82MB / 104GB
[2J[HOK,10,2,ace8a59de7ff, dd-cmd.1.siadexe6gunpbu5kwdau3g796, 17.87%, 90.11MiB / 3.703GiB, 2.38%, 219kB / 275kB, 1.82MB / 104GB
[2J[HOK,10,2,ace8a59de7ff, dd-cmd.1.siadexe6gunpbu5kwdau3g796, 17.87%, 90.11MiB / 3.703GiB, 2.38%, 219kB / 275kB, 1.82MB / 104GB
[2J[HOK,10,2,ace8a59de7ff, dd-cmd.1.siadexe6gunpbu5kwdau3g796, 16.61%, 90.1MiB / 3.703GiB, 2.38%, 219kB / 275kB, 1.82MB / 104GB
[2J[HOK,10,2,ace8a59de7ff, dd-cmd.1.siadexe6gunpbu5kwdau3g796, 16.61%, 90.1MiB / 3.703GiB, 2.38%, 219kB / 275kB, 1.82MB / 104GB
[2J[HOK,10,2,ace8a59de7ff, dd-cmd.1.siadexe6gunpbu5kwdau3g796, 16.41%, 90.05MiB / 3.703GiB, 2.38%, 219kB / 275kB, 1.82MB / 104GB
[2J[HOK,10,2,ace8a59de7ff, dd-cmd.1.siadexe6gunpbu5kwdau3g796, 16.41%, 90.05MiB / 3.703GiB, 2.38%, 219kB / 275kB, 1.82MB / 104GB
[2J[HOK,10,2,ace8a59de7ff, dd-cmd.1.siadexe6gunpbu5kwdau3g796, 14.36%, 90.07MiB / 3.703GiB, 2.38%, 219kB / 275kB, 1.82MB / 104GB
[2J[HOK,10,2,ace8a59de7ff, dd-cmd.1.siadexe6gunpbu5kwdau3g796, 14.36%, 90.07MiB / 3.703GiB, 2.38%, 219kB / 275kB, 1.82MB / 104GB
[2J[HOK,10,2,ace8a59de7ff, dd-cmd.1.siadexe6gunpbu5kwdau3g796, 19.00%, 90.21MiB / 3.703GiB, 2.38%, 219kB / 275kB, 1.82MB / 104GB
[2J[HOK,10,2,ace8a59de7ff, dd-cmd.1.siadexe6gunpbu5kwdau3g796, 19.00%, 90.21MiB / 3.703GiB, 2.38%, 219kB / 275kB, 1.82MB / 104GB
[2J[HOK,10,2,ace8a59de7ff, dd-cmd.1.siadexe6gunpbu5kwdau3g796, 17.58%, 90.25MiB / 3.703GiB, 2.38%, 219kB / 275kB, 1.82MB / 104GB
[2J[HOK,10,2,ace8a59de7ff, dd-cmd.1.siadexe6gunpbu5kwdau3g796, 17.58%, 90.25MiB / 3.703GiB, 2.38%, 219kB / 275kB, 1.82MB / 104GB
[2J[HOK,10,2,ace8a59de7ff, dd-cmd.1.siadexe6gunpbu5kwdau3g796, 16.86%, 90.12MiB / 3.703GiB, 2.38%, 219kB / 275kB, 1.82MB / 104GB
[2J[HOK,10,2,ace8a59de7ff, dd-cmd.1.siadexe6gunpbu5kwdau3g796, 16.86%, 90.12MiB / 3.703GiB, 2.38%, 219kB / 275kB, 1.82MB / 104GB
[2J[HOK,10,2,ace8a59de7ff, dd-cmd.1.siadexe6gunpbu5kwdau3g796, 16.81%, 90.25MiB / 3.703GiB, 2.38%, 219kB / 275kB, 1.82MB / 104GB
[2J[HOK,10,2,ace8a59de7ff, dd-cmd.1.siadexe6gunpbu5kwdau3g796, 16.81%, 90.25MiB / 3.703GiB, 2.38%, 219kB / 275kB, 1.82MB / 104GB
[2J[HOK,10,2,ace8a59de7ff, dd-cmd.1.siadexe6gunpbu5kwdau3g796, 16.00%, 90.23MiB / 3.703GiB, 2.38%, 219kB / 276kB, 1.82MB / 104GB
[2J[HOK,10,2,ace8a59de7ff, dd-cmd.1.siadexe6gunpbu5kwdau3g796, 16.00%, 90.23MiB / 3.703GiB, 2.38%, 219kB / 276kB, 1.82MB / 104GB
[2J[HOK,10,2,ace8a59de7ff, dd-cmd.1.siadexe6gunpbu5kwdau3g796, 16.81%, 90.48MiB / 3.703GiB, 2.39%, 219kB / 276kB, 1.82MB / 104GB
[2J[HOK,10,2,ace8a59de7ff, dd-cmd.1.siadexe6gunpbu5kwdau3g796, 16.81%, 90.48MiB / 3.703GiB, 2.39%, 219kB / 276kB, 1.82MB / 104GB
[2J[HOK,10,2,ace8a59de7ff, dd-cmd.1.siadexe6gunpbu5kwdau3g796, 19.72%, 90.48MiB / 3.703GiB, 2.39%, 219kB / 276kB, 1.82MB / 104GB
[2J[HOK,10,2,ace8a59de7ff, dd-cmd.1.siadexe6gunpbu5kwdau3g796, 19.72%, 90.48MiB / 3.703GiB, 2.39%, 219kB / 276kB, 1.82MB / 104GB
[2J[HOK,10,2,ace8a59de7ff, dd-cmd.1.siadexe6gunpbu5kwdau3g796, 14.78%, 90.5MiB / 3.703GiB, 2.39%, 219kB / 276kB, 1.83MB / 104GB
[2J[HOK,10,2,ace8a59de7ff, dd-cmd.1.siadexe6gunpbu5kwdau3g796, 14.78%, 90.5MiB / 3.703GiB, 2.39%, 219kB / 276kB, 1.83MB / 104GB
[2J[HOK,10,2,ace8a59de7ff, dd-cmd.1.siadexe6gunpbu5kwdau3g796, 15.63%, 90.49MiB / 3.703GiB, 2.39%, 219kB / 276kB, 1.83MB / 104GB
[2J[HOK,10,2,ace8a59de7ff, dd-cmd.1.siadexe6gunpbu5kwdau3g796, 15.63%, 90.49MiB / 3.703GiB, 2.39%, 219kB / 276kB, 1.83MB / 104GB
[2J[HOK,10,2,ace8a59de7ff, dd-cmd.1.siadexe6gunpbu5kwdau3g796, 15.63%, 90.49MiB / 3.703GiB, 2.39%, 219kB / 276kB, 1.83MB / 104GB
[2J[HOK,10,2,ace8a59de7ff, dd-cmd.1.siadexe6gunpbu5kwdau3g796, 17.47%, 90.52MiB / 3.703GiB, 2.39%, 219kB / 276kB, 1.83MB / 104GB
[2J[HOK,10,2,ace8a59de7ff, dd-cmd.1.siadexe6gunpbu5kwdau3g796, 17.47%, 90.52MiB / 3.703GiB, 2.39%, 219kB / 276kB, 1.83MB / 104GB
[2J[HOK,10,2,ace8a59de7ff, dd-cmd.1.siadexe6gunpbu5kwdau3g796, 14.45%, 90.51MiB / 3.703GiB, 2.39%, 219kB / 276kB, 1.83MB / 104GB
[2J[HOK,10,2,ace8a59de7ff, dd-cmd.1.siadexe6gunpbu5kwdau3g796, 14.45%, 90.51MiB / 3.703GiB, 2.39%, 219kB / 276kB, 1.83MB / 104GB
[2J[HOK,10,2,ace8a59de7ff, dd-cmd.1.siadexe6gunpbu5kwdau3g796, 17.78%, 90.7MiB / 3.703GiB, 2.39%, 219kB / 276kB, 1.83MB / 104GB
[2J[HOK,10,2,ace8a59de7ff, dd-cmd.1.siadexe6gunpbu5kwdau3g796, 17.78%, 90.7MiB / 3.703GiB, 2.39%, 219kB / 276kB, 1.83MB / 104GB
[2J[HOK,10,2,ace8a59de7ff, dd-cmd.1.siadexe6gunpbu5kwdau3g796, 19.06%, 90.71MiB / 3.703GiB, 2.39%, 219kB / 276kB, 1.83MB / 104GB
[2J[HOK,10,2,ace8a59de7ff, dd-cmd.1.siadexe6gunpbu5kwdau3g796, 19.06%, 90.71MiB / 3.703GiB, 2.39%, 219kB / 276kB, 1.83MB / 104GB
[2J[HOK,10,2,ace8a59de7ff, dd-cmd.1.siadexe6gunpbu5kwdau3g796, 15.98%, 90.59MiB / 3.703GiB, 2.39%, 219kB / 276kB, 1.83MB / 104GB
[2J[HOK,10,2,ace8a59de7ff, dd-cmd.1.siadexe6gunpbu5kwdau3g796, 15.98%, 90.59MiB / 3.703GiB, 2.39%, 219kB / 276kB, 1.83MB / 104GB
[2J[HOK,10,2,ace8a59de7ff, dd-cmd.1.siadexe6gunpbu5kwdau3g796, 16.05%, 90.6MiB / 3.703GiB, 2.39%, 219kB / 276kB, 1.83MB / 104GB
[2J[HOK,10,2,ace8a59de7ff, dd-cmd.1.siadexe6gunpbu5kwdau3g796, 16.05%, 90.6MiB / 3.703GiB, 2.39%, 219kB / 276kB, 1.83MB / 104GB
[2J[HOK,10,2,ace8a59de7ff, dd-cmd.1.siadexe6gunpbu5kwdau3g796, 16.96%, 90.6MiB / 3.703GiB, 2.39%, 219kB / 276kB, 1.83MB / 104GB
[2J[HOK,10,2,ace8a59de7ff, dd-cmd.1.siadexe6gunpbu5kwdau3g796, 16.96%, 90.6MiB / 3.703GiB, 2.39%, 219kB / 276kB, 1.83MB / 104GB
[2J[HOK,10,2,ace8a59de7ff, dd-cmd.1.siadexe6gunpbu5kwdau3g796, 20.46%, 90.68MiB / 3.703GiB, 2.39%, 219kB / 276kB, 1.83MB / 105GB
[2J[HOK,10,2,ace8a59de7ff, dd-cmd.1.siadexe6gunpbu5kwdau3g796, 20.46%, 90.68MiB / 3.703GiB, 2.39%, 219kB / 276kB, 1.83MB / 105GB
[2J[HOK,10,2,ace8a59de7ff, dd-cmd.1.siadexe6gunpbu5kwdau3g796, 15.70%, 90.58MiB / 3.703GiB, 2.39%, 219kB / 276kB, 1.83MB / 105GB
[2J[HOK,10,2,ace8a59de7ff, dd-cmd.1.siadexe6gunpbu5kwdau3g796, 15.70%, 90.58MiB / 3.703GiB, 2.39%, 219kB / 276kB, 1.83MB / 105GB
[2J[HOK,10,2,ace8a59de7ff, dd-cmd.1.siadexe6gunpbu5kwdau3g796, 16.88%, 90.77MiB / 3.703GiB, 2.39%, 220kB / 276kB, 1.83MB / 105GB
[2J[HOK,10,2,ace8a59de7ff, dd-cmd.1.siadexe6gunpbu5kwdau3g796, 16.88%, 90.77MiB / 3.703GiB, 2.39%, 220kB / 276kB, 1.83MB / 105GB
[2J[HOK,10,2,ace8a59de7ff, dd-cmd.1.siadexe6gunpbu5kwdau3g796, 17.58%, 90.72MiB / 3.703GiB, 2.39%, 220kB / 276kB, 1.83MB / 105GB
[2J[HOK,10,2,ace8a59de7ff, dd-cmd.1.siadexe6gunpbu5kwdau3g796, 17.58%, 90.72MiB / 3.703GiB, 2.39%, 220kB / 276kB, 1.83MB / 105GB
[2J[HOK,10,2,ace8a59de7ff, dd-cmd.1.siadexe6gunpbu5kwdau3g796, 17.25%, 90.91MiB / 3.703GiB, 2.40%, 220kB / 276kB, 1.83MB / 105GB
[2J[HOK,10,2,ace8a59de7ff, dd-cmd.1.siadexe6gunpbu5kwdau3g796, 17.25%, 90.91MiB / 3.703GiB, 2.40%, 220kB / 276kB, 1.83MB / 105GB
[2J[HOK,10,2,ace8a59de7ff, dd-cmd.1.siadexe6gunpbu5kwdau3g796, 15.56%, 90.85MiB / 3.703GiB, 2.40%, 220kB / 276kB, 1.83MB / 105GB
[2J[HOK,10,2,ace8a59de7ff, dd-cmd.1.siadexe6gunpbu5kwdau3g796, 15.56%, 90.85MiB / 3.703GiB, 2.40%, 220kB / 276kB, 1.83MB / 105GB
[2J[HOK,10,2,ace8a59de7ff, dd-cmd.1.siadexe6gunpbu5kwdau3g796, 17.56%, 90.89MiB / 3.703GiB, 2.40%, 220kB / 276kB, 1.83MB / 105GB
[2J[HOK,10,2,ace8a59de7ff, dd-cmd.1.siadexe6gunpbu5kwdau3g796, 17.56%, 90.89MiB / 3.703GiB, 2.40%, 220kB / 276kB, 1.83MB / 105GB
[2J[HOK,10,2,ace8a59de7ff, dd-cmd.1.siadexe6gunpbu5kwdau3g796, 14.90%, 90.99MiB / 3.703GiB, 2.40%, 220kB / 276kB, 1.83MB / 105GB
[2J[HOK,10,2,ace8a59de7ff, dd-cmd.1.siadexe6gunpbu5kwdau3g796, 14.90%, 90.99MiB / 3.703GiB, 2.40%, 220kB / 276kB, 1.83MB / 105GB
[2J[HOK,10,2,ace8a59de7ff, dd-cmd.1.siadexe6gunpbu5kwdau3g796, 15.31%, 90.96MiB / 3.703GiB, 2.40%, 220kB / 276kB, 1.83MB / 105GB
[2J[HOK,10,2,ace8a59de7ff, dd-cmd.1.siadexe6gunpbu5kwdau3g796, 15.31%, 90.96MiB / 3.703GiB, 2.40%, 220kB / 276kB, 1.83MB / 105GB
[2J[HOK,10,2,ace8a59de7ff, dd-cmd.1.siadexe6gunpbu5kwdau3g796, 19.02%, 90.9MiB / 3.703GiB, 2.40%, 220kB / 276kB, 1.83MB / 105GB
[2J[HOK,10,2,ace8a59de7ff, dd-cmd.1.siadexe6gunpbu5kwdau3g796, 19.02%, 90.9MiB / 3.703GiB, 2.40%, 220kB / 276kB, 1.83MB / 105GB
[2J[HOK,10,2,ace8a59de7ff, dd-cmd.1.siadexe6gunpbu5kwdau3g796, 16.61%, 91.21MiB / 3.703GiB, 2.41%, 220kB / 276kB, 1.83MB / 105GB
[2J[HOK,10,2,ace8a59de7ff, dd-cmd.1.siadexe6gunpbu5kwdau3g796, 16.61%, 91.21MiB / 3.703GiB, 2.41%, 220kB / 276kB, 1.83MB / 105GB
[2J[HOK,10,2,ace8a59de7ff, dd-cmd.1.siadexe6gunpbu5kwdau3g796, 16.89%, 91.17MiB / 3.703GiB, 2.40%, 220kB / 276kB, 1.83MB / 105GB
[2J[HOK,10,2,ace8a59de7ff, dd-cmd.1.siadexe6gunpbu5kwdau3g796, 16.89%, 91.17MiB / 3.703GiB, 2.40%, 220kB / 276kB, 1.83MB / 105GB
[2J[HOK,10,2,ace8a59de7ff, dd-cmd.1.siadexe6gunpbu5kwdau3g796, 17.71%, 94.18MiB / 3.703GiB, 2.48%, 220kB / 276kB, 1.83MB / 105GB
[2J[HOK,10,2,ace8a59de7ff, dd-cmd.1.siadexe6gunpbu5kwdau3g796, 17.71%, 94.18MiB / 3.703GiB, 2.48%, 220kB / 276kB, 1.83MB / 105GB
[2J[HOK,10,2,ace8a59de7ff, dd-cmd.1.siadexe6gunpbu5kwdau3g796, 16.50%, 91.38MiB / 3.703GiB, 2.41%, 220kB / 276kB, 1.83MB / 105GB
[2J[HOK,10,2,ace8a59de7ff, dd-cmd.1.siadexe6gunpbu5kwdau3g796, 16.50%, 91.38MiB / 3.703GiB, 2.41%, 220kB / 276kB, 1.83MB / 105GB
[2J[HOK,10,2,ace8a59de7ff, dd-cmd.1.siadexe6gunpbu5kwdau3g796, 15.82%, 91.45MiB / 3.703GiB, 2.41%, 220kB / 276kB, 1.83MB / 105GB
[2J[HOK,10,2,ace8a59de7ff, dd-cmd.1.siadexe6gunpbu5kwdau3g796, 15.82%, 91.45MiB / 3.703GiB, 2.41%, 220kB / 276kB, 1.83MB / 105GB
[2J[HOK,10,2,ace8a59de7ff, dd-cmd.1.siadexe6gunpbu5kwdau3g796, 15.14%, 91.42MiB / 3.703GiB, 2.41%, 220kB / 276kB, 1.83MB / 105GB
[2J[HOK,10,2,ace8a59de7ff, dd-cmd.1.siadexe6gunpbu5kwdau3g796, 15.14%, 91.42MiB / 3.703GiB, 2.41%, 220kB / 276kB, 1.83MB / 105GB
[2J[HOK,10,2,ace8a59de7ff, dd-cmd.1.siadexe6gunpbu5kwdau3g796, 19.39%, 91.48MiB / 3.703GiB, 2.41%, 220kB / 276kB, 1.83MB / 105GB
[2J[HOK,10,2,ace8a59de7ff, dd-cmd.1.siadexe6gunpbu5kwdau3g796, 19.39%, 91.48MiB / 3.703GiB, 2.41%, 220kB / 276kB, 1.83MB / 105GB
[2J[HOK,10,2,ace8a59de7ff, dd-cmd.1.siadexe6gunpbu5kwdau3g796, 15.15%, 91.5MiB / 3.703GiB, 2.41%, 220kB / 277kB, 1.83MB / 105GB
[2J[HOK,10,2,ace8a59de7ff, dd-cmd.1.siadexe6gunpbu5kwdau3g796, 15.15%, 91.5MiB / 3.703GiB, 2.41%, 220kB / 277kB, 1.83MB / 105GB
[2J[HOK,10,2,ace8a59de7ff, dd-cmd.1.siadexe6gunpbu5kwdau3g796, 21.16%, 91.48MiB / 3.703GiB, 2.41%, 220kB / 277kB, 1.83MB / 105GB
[2J[HOK,10,2,ace8a59de7ff, dd-cmd.1.siadexe6gunpbu5kwdau3g796, 21.16%, 91.48MiB / 3.703GiB, 2.41%, 220kB / 277kB, 1.83MB / 105GB
[2J[HOK,10,2,ace8a59de7ff, dd-cmd.1.siadexe6gunpbu5kwdau3g796, 21.16%, 91.48MiB / 3.703GiB, 2.41%, 220kB / 277kB, 1.83MB / 105GB
[2J[HOK,10,2,ace8a59de7ff, dd-cmd.1.siadexe6gunpbu5kwdau3g796, 18.36%, 91.65MiB / 3.703GiB, 2.42%, 220kB / 277kB, 1.83MB / 105GB
[2J[HOK,10,2,ace8a59de7ff, dd-cmd.1.siadexe6gunpbu5kwdau3g796, 18.36%, 91.65MiB / 3.703GiB, 2.42%, 220kB / 277kB, 1.83MB / 105GB
[2J[HOK,10,2,ace8a59de7ff, dd-cmd.1.siadexe6gunpbu5kwdau3g796, 16.98%, 91.57MiB / 3.703GiB, 2.42%, 220kB / 277kB, 1.83MB / 105GB
[2J[HOK,10,2,ace8a59de7ff, dd-cmd.1.siadexe6gunpbu5kwdau3g796, 16.98%, 91.57MiB / 3.703GiB, 2.42%, 220kB / 277kB, 1.83MB / 105GB
[2J[HOK,10,2,ace8a59de7ff, dd-cmd.1.siadexe6gunpbu5kwdau3g796, 15.48%, 91.53MiB / 3.703GiB, 2.41%, 220kB / 277kB, 1.83MB / 105GB
[2J[HOK,10,2,ace8a59de7ff, dd-cmd.1.siadexe6gunpbu5kwdau3g796, 15.48%, 91.53MiB / 3.703GiB, 2.41%, 220kB / 277kB, 1.83MB / 105GB
[2J[HOK,10,2,ace8a59de7ff, dd-cmd.1.siadexe6gunpbu5kwdau3g796, 18.23%, 91.71MiB / 3.703GiB, 2.42%, 220kB / 277kB, 1.83MB / 105GB
[2J[HOK,10,2,ace8a59de7ff, dd-cmd.1.siadexe6gunpbu5kwdau3g796, 18.23%, 91.71MiB / 3.703GiB, 2.42%, 220kB / 277kB, 1.83MB / 105GB
[2J[HOK,10,2,ace8a59de7ff, dd-cmd.1.siadexe6gunpbu5kwdau3g796, 17.66%, 91.77MiB / 3.703GiB, 2.42%, 220kB / 277kB, 1.83MB / 105GB
[2J[HOK,10,2,ace8a59de7ff, dd-cmd.1.siadexe6gunpbu5kwdau3g796, 17.66%, 91.77MiB / 3.703GiB, 2.42%, 220kB / 277kB, 1.83MB / 105GB
[2J[HOK,10,2,ace8a59de7ff, dd-cmd.1.siadexe6gunpbu5kwdau3g796, 14.28%, 91.71MiB / 3.703GiB, 2.42%, 220kB / 277kB, 1.83MB / 105GB
[2J[HOK,10,2,ace8a59de7ff, dd-cmd.1.siadexe6gunpbu5kwdau3g796, 14.28%, 91.71MiB / 3.703GiB, 2.42%, 220kB / 277kB, 1.83MB / 105GB
[2J[HOK,10,2,ace8a59de7ff, dd-cmd.1.siadexe6gunpbu5kwdau3g796, 20.93%, 91.79MiB / 3.703GiB, 2.42%, 220kB / 277kB, 1.83MB / 105GB
[2J[HOK,10,2,ace8a59de7ff, dd-cmd.1.siadexe6gunpbu5kwdau3g796, 20.93%, 91.79MiB / 3.703GiB, 2.42%, 220kB / 277kB, 1.83MB / 105GB
[2J[HOK,10,2,ace8a59de7ff, dd-cmd.1.siadexe6gunpbu5kwdau3g796, 16.63%, 91.83MiB / 3.703GiB, 2.42%, 220kB / 277kB, 1.83MB / 105GB
[2J[HOK,10,2,ace8a59de7ff, dd-cmd.1.siadexe6gunpbu5kwdau3g796, 16.63%, 91.83MiB / 3.703GiB, 2.42%, 220kB / 277kB, 1.83MB / 105GB
[2J[HOK,10,2,ace8a59de7ff, dd-cmd.1.siadexe6gunpbu5kwdau3g796, 22.20%, 91.91MiB / 3.703GiB, 2.42%, 220kB / 277kB, 1.83MB / 105GB
[2J[HOK,10,2,ace8a59de7ff, dd-cmd.1.siadexe6gunpbu5kwdau3g796, 22.20%, 91.91MiB / 3.703GiB, 2.42%, 220kB / 277kB, 1.83MB / 105GB
[2J[HOK,10,2,ace8a59de7ff, dd-cmd.1.siadexe6gunpbu5kwdau3g796, 20.68%, 91.83MiB / 3.703GiB, 2.42%, 220kB / 277kB, 1.83MB / 105GB
[2J[HOK,10,2,ace8a59de7ff, dd-cmd.1.siadexe6gunpbu5kwdau3g796, 20.68%, 91.83MiB / 3.703GiB, 2.42%, 220kB / 277kB, 1.83MB / 105GB
[2J[HOK,10,2,ace8a59de7ff, dd-cmd.1.siadexe6gunpbu5kwdau3g796, 17.10%, 92.04MiB / 3.703GiB, 2.43%, 220kB / 277kB, 1.83MB / 105GB
[2J[HOK,10,2,ace8a59de7ff, dd-cmd.1.siadexe6gunpbu5kwdau3g796, 17.10%, 92.04MiB / 3.703GiB, 2.43%, 220kB / 277kB, 1.83MB / 105GB
[2J[HOK,10,2,ace8a59de7ff, dd-cmd.1.siadexe6gunpbu5kwdau3g796, 14.92%, 92MiB / 3.703GiB, 2.43%, 220kB / 277kB, 1.83MB / 105GB
[2J[HOK,10,2,ace8a59de7ff, dd-cmd.1.siadexe6gunpbu5kwdau3g796, 14.92%, 92MiB / 3.703GiB, 2.43%, 220kB / 277kB, 1.83MB / 105GB
[2J[HOK,10,2,ace8a59de7ff, dd-cmd.1.siadexe6gunpbu5kwdau3g796, 16.80%, 92.31MiB / 3.703GiB, 2.43%, 220kB / 277kB, 1.83MB / 105GB
[2J[HOK,10,2,ace8a59de7ff, dd-cmd.1.siadexe6gunpbu5kwdau3g796, 16.80%, 92.31MiB / 3.703GiB, 2.43%, 220kB / 277kB, 1.83MB / 105GB
[2J[HOK,10,2,ace8a59de7ff, dd-cmd.1.siadexe6gunpbu5kwdau3g796, 18.70%, 92.31MiB / 3.703GiB, 2.43%, 221kB / 278kB, 1.83MB / 105GB
[2J[HOK,10,2,ace8a59de7ff, dd-cmd.1.siadexe6gunpbu5kwdau3g796, 18.70%, 92.31MiB / 3.703GiB, 2.43%, 221kB / 278kB, 1.83MB / 105GB
[2J[HOK,10,2,ace8a59de7ff, dd-cmd.1.siadexe6gunpbu5kwdau3g796, 17.56%, 92.5MiB / 3.703GiB, 2.44%, 221kB / 278kB, 1.83MB / 105GB
[2J[HOK,10,2,ace8a59de7ff, dd-cmd.1.siadexe6gunpbu5kwdau3g796, 17.56%, 92.5MiB / 3.703GiB, 2.44%, 221kB / 278kB, 1.83MB / 105GB
[2J[HOK,10,2,ace8a59de7ff, dd-cmd.1.siadexe6gunpbu5kwdau3g796, 14.67%, 92.44MiB / 3.703GiB, 2.44%, 221kB / 278kB, 1.83MB / 105GB
[2J[HOK,10,2,ace8a59de7ff, dd-cmd.1.siadexe6gunpbu5kwdau3g796, 14.67%, 92.44MiB / 3.703GiB, 2.44%, 221kB / 278kB, 1.83MB / 105GB
[2J[HOK,10,2,ace8a59de7ff, dd-cmd.1.siadexe6gunpbu5kwdau3g796, 20.70%, 92.65MiB / 3.703GiB, 2.44%, 221kB / 278kB, 1.83MB / 105GB
[2J[HOK,10,2,ace8a59de7ff, dd-cmd.1.siadexe6gunpbu5kwdau3g796, 20.70%, 92.65MiB / 3.703GiB, 2.44%, 221kB / 278kB, 1.83MB / 105GB
[2J[HOK,10,2,ace8a59de7ff, dd-cmd.1.siadexe6gunpbu5kwdau3g796, 15.72%, 92.62MiB / 3.703GiB, 2.44%, 221kB / 278kB, 1.83MB / 105GB
[2J[HOK,10,2,ace8a59de7ff, dd-cmd.1.siadexe6gunpbu5kwdau3g796, 15.72%, 92.62MiB / 3.703GiB, 2.44%, 221kB / 278kB, 1.83MB / 105GB
[2J[HOK,10,2,ace8a59de7ff, dd-cmd.1.siadexe6gunpbu5kwdau3g796, 20.76%, 92.68MiB / 3.703GiB, 2.44%, 221kB / 278kB, 1.83MB / 105GB
[2J[HOK,10,2,ace8a59de7ff, dd-cmd.1.siadexe6gunpbu5kwdau3g796, 20.76%, 92.68MiB / 3.703GiB, 2.44%, 221kB / 278kB, 1.83MB / 105GB
[2J[HOK,10,2,ace8a59de7ff, dd-cmd.1.siadexe6gunpbu5kwdau3g796, 18.14%, 92.75MiB / 3.703GiB, 2.45%, 221kB / 278kB, 1.83MB / 105GB
[2J[HOK,10,2,ace8a59de7ff, dd-cmd.1.siadexe6gunpbu5kwdau3g796, 18.14%, 92.75MiB / 3.703GiB, 2.45%, 221kB / 278kB, 1.83MB / 105GB
[2J[HOK,10,2,ace8a59de7ff, dd-cmd.1.siadexe6gunpbu5kwdau3g796, 16.49%, 92.66MiB / 3.703GiB, 2.44%, 221kB / 278kB, 1.83MB / 105GB
[2J[HOK,10,2,ace8a59de7ff, dd-cmd.1.siadexe6gunpbu5kwdau3g796, 16.49%, 92.66MiB / 3.703GiB, 2.44%, 221kB / 278kB, 1.83MB / 105GB
[2J[HOK,10,2,ace8a59de7ff, dd-cmd.1.siadexe6gunpbu5kwdau3g796, 15.64%, 92.88MiB / 3.703GiB, 2.45%, 221kB / 278kB, 1.83MB / 105GB
[2J[HOK,10,2,ace8a59de7ff, dd-cmd.1.siadexe6gunpbu5kwdau3g796, 15.64%, 92.88MiB / 3.703GiB, 2.45%, 221kB / 278kB, 1.83MB / 105GB
[2J[HOK,10,2,ace8a59de7ff, dd-cmd.1.siadexe6gunpbu5kwdau3g796, 17.18%, 92.82MiB / 3.703GiB, 2.45%, 221kB / 278kB, 1.83MB / 105GB
[2J[HOK,10,2,ace8a59de7ff, dd-cmd.1.siadexe6gunpbu5kwdau3g796, 17.18%, 92.82MiB / 3.703GiB, 2.45%, 221kB / 278kB, 1.83MB / 105GB
[2J[HOK,10,2,ace8a59de7ff, dd-cmd.1.siadexe6gunpbu5kwdau3g796, 15.73%, 92.84MiB / 3.703GiB, 2.45%, 221kB / 278kB, 1.83MB / 105GB
[2J[HOK,10,2,ace8a59de7ff, dd-cmd.1.siadexe6gunpbu5kwdau3g796, 15.73%, 92.84MiB / 3.703GiB, 2.45%, 221kB / 278kB, 1.83MB / 105GB
[2J[HOK,10,2,ace8a59de7ff, dd-cmd.1.siadexe6gunpbu5kwdau3g796, 15.41%, 92.93MiB / 3.703GiB, 2.45%, 221kB / 278kB, 1.83MB / 105GB
[2J[HOK,10,2,ace8a59de7ff, dd-cmd.1.siadexe6gunpbu5kwdau3g796, 15.41%, 92.93MiB / 3.703GiB, 2.45%, 221kB / 278kB, 1.83MB / 105GB
[2J[HOK,10,2,ace8a59de7ff, dd-cmd.1.siadexe6gunpbu5kwdau3g796, 21.76%, 92.89MiB / 3.703GiB, 2.45%, 221kB / 278kB, 1.83MB / 105GB
[2J[HOK,10,2,ace8a59de7ff, dd-cmd.1.siadexe6gunpbu5kwdau3g796, 21.76%, 92.89MiB / 3.703GiB, 2.45%, 221kB / 278kB, 1.83MB / 105GB
[2J[HOK,10,2,ace8a59de7ff, dd-cmd.1.siadexe6gunpbu5kwdau3g796, 14.94%, 92.95MiB / 3.703GiB, 2.45%, 221kB / 278kB, 1.83MB / 105GB
[2J[HOK,10,2,ace8a59de7ff, dd-cmd.1.siadexe6gunpbu5kwdau3g796, 14.94%, 92.95MiB / 3.703GiB, 2.45%, 221kB / 278kB, 1.83MB / 105GB
[2J[HOK,10,2,ace8a59de7ff, dd-cmd.1.siadexe6gunpbu5kwdau3g796, 20.42%, 93.07MiB / 3.703GiB, 2.45%, 221kB / 278kB, 1.83MB / 105GB
[2J[HOK,10,2,ace8a59de7ff, dd-cmd.1.siadexe6gunpbu5kwdau3g796, 20.42%, 93.07MiB / 3.703GiB, 2.45%, 221kB / 278kB, 1.83MB / 105GB
[2J[HOK,10,2,ace8a59de7ff, dd-cmd.1.siadexe6gunpbu5kwdau3g796, 17.10%, 92.99MiB / 3.703GiB, 2.45%, 222kB / 278kB, 1.83MB / 105GB
[2J[HOK,10,2,ace8a59de7ff, dd-cmd.1.siadexe6gunpbu5kwdau3g796, 17.10%, 92.99MiB / 3.703GiB, 2.45%, 222kB / 278kB, 1.83MB / 105GB
[2J[HOK,10,2,ace8a59de7ff, dd-cmd.1.siadexe6gunpbu5kwdau3g796, 20.17%, 93.44MiB / 3.703GiB, 2.46%, 222kB / 278kB, 1.83MB / 105GB
[2J[HOK,10,2,ace8a59de7ff, dd-cmd.1.siadexe6gunpbu5kwdau3g796, 20.17%, 93.44MiB / 3.703GiB, 2.46%, 222kB / 278kB, 1.83MB / 105GB
[2J[HOK,10,2,ace8a59de7ff, dd-cmd.1.siadexe6gunpbu5kwdau3g796, 18.33%, 93.27MiB / 3.703GiB, 2.46%, 222kB / 278kB, 1.83MB / 105GB
[2J[HOK,10,2,ace8a59de7ff, dd-cmd.1.siadexe6gunpbu5kwdau3g796, 18.33%, 93.27MiB / 3.703GiB, 2.46%, 222kB / 278kB, 1.83MB / 105GB
[2J[HOK,10,2,ace8a59de7ff, dd-cmd.1.siadexe6gunpbu5kwdau3g796, 14.45%, 93.21MiB / 3.703GiB, 2.46%, 222kB / 278kB, 1.83MB / 105GB
[2J[HOK,10,2,ace8a59de7ff, dd-cmd.1.siadexe6gunpbu5kwdau3g796, 14.45%, 93.21MiB / 3.703GiB, 2.46%, 222kB / 278kB, 1.83MB / 105GB
[2J[HOK,10,2,ace8a59de7ff, dd-cmd.1.siadexe6gunpbu5kwdau3g796, 18.51%, 93.33MiB / 3.703GiB, 2.46%, 222kB / 278kB, 1.83MB / 105GB
[2J[HOK,10,2,ace8a59de7ff, dd-cmd.1.siadexe6gunpbu5kwdau3g796, 18.51%, 93.33MiB / 3.703GiB, 2.46%, 222kB / 278kB, 1.83MB / 105GB
[2J[HOK,10,2,ace8a59de7ff, dd-cmd.1.siadexe6gunpbu5kwdau3g796, 18.51%, 93.33MiB / 3.703GiB, 2.46%, 222kB / 278kB, 1.83MB / 105GB
[2J[HOK,10,2,ace8a59de7ff, dd-cmd.1.siadexe6gunpbu5kwdau3g796, 16.46%, 93.34MiB / 3.703GiB, 2.46%, 222kB / 278kB, 1.83MB / 105GB
[2J[HOK,10,2,ace8a59de7ff, dd-cmd.1.siadexe6gunpbu5kwdau3g796, 16.46%, 93.34MiB / 3.703GiB, 2.46%, 222kB / 278kB, 1.83MB / 105GB
[2J[HOK,10,2,ace8a59de7ff, dd-cmd.1.siadexe6gunpbu5kwdau3g796, 15.93%, 93.3MiB / 3.703GiB, 2.46%, 222kB / 278kB, 1.83MB / 105GB
[2J[HOK,10,2,ace8a59de7ff, dd-cmd.1.siadexe6gunpbu5kwdau3g796, 15.93%, 93.3MiB / 3.703GiB, 2.46%, 222kB / 278kB, 1.83MB / 105GB
[2J[HOK,10,2,ace8a59de7ff, dd-cmd.1.siadexe6gunpbu5kwdau3g796, 20.44%, 93.45MiB / 3.703GiB, 2.46%, 222kB / 278kB, 1.83MB / 105GB
[2J[HOK,10,2,ace8a59de7ff, dd-cmd.1.siadexe6gunpbu5kwdau3g796, 20.44%, 93.45MiB / 3.703GiB, 2.46%, 222kB / 278kB, 1.83MB / 105GB
[2J[HOK,10,2,ace8a59de7ff, dd-cmd.1.siadexe6gunpbu5kwdau3g796, 14.41%, 93.64MiB / 3.703GiB, 2.47%, 222kB / 278kB, 1.83MB / 105GB
[2J[HOK,10,2,ace8a59de7ff, dd-cmd.1.siadexe6gunpbu5kwdau3g796, 14.41%, 93.64MiB / 3.703GiB, 2.47%, 222kB / 278kB, 1.83MB / 105GB
[2J[HOK,10,2,ace8a59de7ff, dd-cmd.1.siadexe6gunpbu5kwdau3g796, 23.33%, 93.73MiB / 3.703GiB, 2.47%, 222kB / 278kB, 1.83MB / 105GB
[2J[HOK,10,2,ace8a59de7ff, dd-cmd.1.siadexe6gunpbu5kwdau3g796, 23.33%, 93.73MiB / 3.703GiB, 2.47%, 222kB / 278kB, 1.83MB / 105GB
[2J[HOK,10,2,ace8a59de7ff, dd-cmd.1.siadexe6gunpbu5kwdau3g796, 17.59%, 93.47MiB / 3.703GiB, 2.47%, 222kB / 278kB, 1.83MB / 105GB
[2J[HOK,10,2,ace8a59de7ff, dd-cmd.1.siadexe6gunpbu5kwdau3g796, 17.59%, 93.47MiB / 3.703GiB, 2.47%, 222kB / 278kB, 1.83MB / 105GB
[2J[HOK,10,2,ace8a59de7ff, dd-cmd.1.siadexe6gunpbu5kwdau3g796, 16.68%, 93.66MiB / 3.703GiB, 2.47%, 222kB / 278kB, 1.83MB / 105GB
[2J[HOK,10,2,ace8a59de7ff, dd-cmd.1.siadexe6gunpbu5kwdau3g796, 16.68%, 93.66MiB / 3.703GiB, 2.47%, 222kB / 278kB, 1.83MB / 105GB
[2J[HOK,10,2,ace8a59de7ff, dd-cmd.1.siadexe6gunpbu5kwdau3g796, 15.65%, 93.65MiB / 3.703GiB, 2.47%, 222kB / 278kB, 1.83MB / 105GB
[2J[HOK,10,2,ace8a59de7ff, dd-cmd.1.siadexe6gunpbu5kwdau3g796, 15.65%, 93.65MiB / 3.703GiB, 2.47%, 222kB / 278kB, 1.83MB / 105GB
[2J[HOK,10,2,ace8a59de7ff, dd-cmd.1.siadexe6gunpbu5kwdau3g796, 17.91%, 93.88MiB / 3.703GiB, 2.48%, 222kB / 278kB, 1.83MB / 105GB
[2J[HOK,10,2,ace8a59de7ff, dd-cmd.1.siadexe6gunpbu5kwdau3g796, 17.91%, 93.88MiB / 3.703GiB, 2.48%, 222kB / 278kB, 1.83MB / 105GB
[2J[HOK,10,2,ace8a59de7ff, dd-cmd.1.siadexe6gunpbu5kwdau3g796, 15.63%, 93.84MiB / 3.703GiB, 2.48%, 222kB / 278kB, 1.83MB / 105GB
[2J[HOK,10,2,ace8a59de7ff, dd-cmd.1.siadexe6gunpbu5kwdau3g796, 15.63%, 93.84MiB / 3.703GiB, 2.48%, 222kB / 278kB, 1.83MB / 105GB
[2J[HOK,10,2,ace8a59de7ff, dd-cmd.1.siadexe6gunpbu5kwdau3g796, 16.90%, 93.93MiB / 3.703GiB, 2.48%, 222kB / 279kB, 1.83MB / 105GB
[2J[HOK,10,2,ace8a59de7ff, dd-cmd.1.siadexe6gunpbu5kwdau3g796, 16.90%, 93.93MiB / 3.703GiB, 2.48%, 222kB / 279kB, 1.83MB / 105GB
[2J[HOK,10,2,ace8a59de7ff, dd-cmd.1.siadexe6gunpbu5kwdau3g796, 22.67%, 93.89MiB / 3.703GiB, 2.48%, 222kB / 279kB, 1.83MB / 105GB
[2J[HOK,10,2,ace8a59de7ff, dd-cmd.1.siadexe6gunpbu5kwdau3g796, 22.67%, 93.89MiB / 3.703GiB, 2.48%, 222kB / 279kB, 1.83MB / 105GB
[2J[HOK,10,2,ace8a59de7ff, dd-cmd.1.siadexe6gunpbu5kwdau3g796, 14.57%, 93.81MiB / 3.703GiB, 2.47%, 222kB / 279kB, 1.83MB / 105GB
[2J[HOK,10,2,ace8a59de7ff, dd-cmd.1.siadexe6gunpbu5kwdau3g796, 14.57%, 93.81MiB / 3.703GiB, 2.47%, 222kB / 279kB, 1.83MB / 105GB
[2J[HOK,10,2,ace8a59de7ff, dd-cmd.1.siadexe6gunpbu5kwdau3g796, 20.21%, 94MiB / 3.703GiB, 2.48%, 222kB / 279kB, 1.83MB / 105GB
[2J[HOK,10,2,ace8a59de7ff, dd-cmd.1.siadexe6gunpbu5kwdau3g796, 20.21%, 94MiB / 3.703GiB, 2.48%, 222kB / 279kB, 1.83MB / 105GB
[2J[HOK,10,2,ace8a59de7ff, dd-cmd.1.siadexe6gunpbu5kwdau3g796, 17.41%, 93.93MiB / 3.703GiB, 2.48%, 222kB / 279kB, 1.83MB / 105GB
[2J[HOK,10,2,ace8a59de7ff, dd-cmd.1.siadexe6gunpbu5kwdau3g796, 17.41%, 93.93MiB / 3.703GiB, 2.48%, 222kB / 279kB, 1.83MB / 105GB
[2J[HOK,10,2,ace8a59de7ff, dd-cmd.1.siadexe6gunpbu5kwdau3g796, 19.22%, 94.02MiB / 3.703GiB, 2.48%, 222kB / 279kB, 1.83MB / 106GB
[2J[HOK,10,2,ace8a59de7ff, dd-cmd.1.siadexe6gunpbu5kwdau3g796, 19.22%, 94.02MiB / 3.703GiB, 2.48%, 222kB / 279kB, 1.83MB / 106GB
[2J[HOK,10,2,ace8a59de7ff, dd-cmd.1.siadexe6gunpbu5kwdau3g796, 18.23%, 94.21MiB / 3.703GiB, 2.48%, 222kB / 279kB, 1.83MB / 106GB
[2J[HOK,10,2,ace8a59de7ff, dd-cmd.1.siadexe6gunpbu5kwdau3g796, 18.23%, 94.21MiB / 3.703GiB, 2.48%, 222kB / 279kB, 1.83MB / 106GB
[2J[HOK,10,2,ace8a59de7ff, dd-cmd.1.siadexe6gunpbu5kwdau3g796, 14.88%, 94.08MiB / 3.703GiB, 2.48%, 222kB / 279kB, 1.83MB / 106GB
[2J[HOK,10,2,ace8a59de7ff, dd-cmd.1.siadexe6gunpbu5kwdau3g796, 14.88%, 94.08MiB / 3.703GiB, 2.48%, 222kB / 279kB, 1.83MB / 106GB
[2J[HOK,10,2,ace8a59de7ff, dd-cmd.1.siadexe6gunpbu5kwdau3g796, 17.71%, 94.03MiB / 3.703GiB, 2.48%, 222kB / 279kB, 1.83MB / 106GB
[2J[HOK,10,2,ace8a59de7ff, dd-cmd.1.siadexe6gunpbu5kwdau3g796, 17.71%, 94.03MiB / 3.703GiB, 2.48%, 222kB / 279kB, 1.83MB / 106GB
[2J[HOK,10,2,ace8a59de7ff, dd-cmd.1.siadexe6gunpbu5kwdau3g796, 15.85%, 94.22MiB / 3.703GiB, 2.49%, 222kB / 279kB, 1.83MB / 106GB
[2J[HOK,10,2,ace8a59de7ff, dd-cmd.1.siadexe6gunpbu5kwdau3g796, 15.85%, 94.22MiB / 3.703GiB, 2.49%, 222kB / 279kB, 1.83MB / 106GB
[2J[HOK,10,2,ace8a59de7ff, dd-cmd.1.siadexe6gunpbu5kwdau3g796, 17.99%, 94.15MiB / 3.703GiB, 2.48%, 222kB / 279kB, 1.83MB / 106GB
[2J[HOK,10,2,ace8a59de7ff, dd-cmd.1.siadexe6gunpbu5kwdau3g796, 17.99%, 94.15MiB / 3.703GiB, 2.48%, 222kB / 279kB, 1.83MB / 106GB
[2J[HOK,10,2,ace8a59de7ff, dd-cmd.1.siadexe6gunpbu5kwdau3g796, 21.04%, 94.18MiB / 3.703GiB, 2.48%, 222kB / 279kB, 1.83MB / 106GB
[2J[HOK,10,2,ace8a59de7ff, dd-cmd.1.siadexe6gunpbu5kwdau3g796, 21.04%, 94.18MiB / 3.703GiB, 2.48%, 222kB / 279kB, 1.83MB / 106GB
[2J[HOK,10,2,ace8a59de7ff, dd-cmd.1.siadexe6gunpbu5kwdau3g796, 15.85%, 94.22MiB / 3.703GiB, 2.49%, 222kB / 279kB, 1.83MB / 106GB
[2J[HOK,10,2,ace8a59de7ff, dd-cmd.1.siadexe6gunpbu5kwdau3g796, 15.85%, 94.22MiB / 3.703GiB, 2.49%, 222kB / 279kB, 1.83MB / 106GB
[2J[HOK,10,2,ace8a59de7ff, dd-cmd.1.siadexe6gunpbu5kwdau3g796, 20.95%, 94.54MiB / 3.703GiB, 2.49%, 222kB / 279kB, 1.83MB / 106GB
[2J[HOK,10,2,ace8a59de7ff, dd-cmd.1.siadexe6gunpbu5kwdau3g796, 20.95%, 94.54MiB / 3.703GiB, 2.49%, 222kB / 279kB, 1.83MB / 106GB
[2J[HOK,10,2,ace8a59de7ff, dd-cmd.1.siadexe6gunpbu5kwdau3g796, 17.30%, 94.51MiB / 3.703GiB, 2.49%, 223kB / 279kB, 1.83MB / 106GB
[2J[HOK,10,2,ace8a59de7ff, dd-cmd.1.siadexe6gunpbu5kwdau3g796, 17.30%, 94.51MiB / 3.703GiB, 2.49%, 223kB / 279kB, 1.83MB / 106GB
[2J[HOK,10,2,ace8a59de7ff, dd-cmd.1.siadexe6gunpbu5kwdau3g796, 22.96%, 94.5MiB / 3.703GiB, 2.49%, 223kB / 279kB, 1.83MB / 106GB
[2J[HOK,10,2,ace8a59de7ff, dd-cmd.1.siadexe6gunpbu5kwdau3g796, 22.96%, 94.5MiB / 3.703GiB, 2.49%, 223kB / 279kB, 1.83MB / 106GB
[2J[HOK,10,2,ace8a59de7ff, dd-cmd.1.siadexe6gunpbu5kwdau3g796, 15.39%, 94.69MiB / 3.703GiB, 2.50%, 223kB / 279kB, 1.83MB / 106GB
[2J[HOK,10,2,ace8a59de7ff, dd-cmd.1.siadexe6gunpbu5kwdau3g796, 15.39%, 94.69MiB / 3.703GiB, 2.50%, 223kB / 279kB, 1.83MB / 106GB
[2J[HOK,10,2,ace8a59de7ff, dd-cmd.1.siadexe6gunpbu5kwdau3g796, 19.18%, 94.57MiB / 3.703GiB, 2.49%, 223kB / 279kB, 1.83MB / 106GB
[2J[HOK,10,2,ace8a59de7ff, dd-cmd.1.siadexe6gunpbu5kwdau3g796, 19.18%, 94.57MiB / 3.703GiB, 2.49%, 223kB / 279kB, 1.83MB / 106GB
[2J[HOK,10,2,ace8a59de7ff, dd-cmd.1.siadexe6gunpbu5kwdau3g796, 15.39%, 94.57MiB / 3.703GiB, 2.49%, 223kB / 279kB, 1.83MB / 106GB
[2J[HOK,10,2,ace8a59de7ff, dd-cmd.1.siadexe6gunpbu5kwdau3g796, 15.39%, 94.57MiB / 3.703GiB, 2.49%, 223kB / 279kB, 1.83MB / 106GB
[2J[HOK,10,2,ace8a59de7ff, dd-cmd.1.siadexe6gunpbu5kwdau3g796, 18.90%, 94.63MiB / 3.703GiB, 2.50%, 223kB / 279kB, 1.83MB / 106GB
[2J[HOK,10,2,ace8a59de7ff, dd-cmd.1.siadexe6gunpbu5kwdau3g796, 18.90%, 94.63MiB / 3.703GiB, 2.50%, 223kB / 279kB, 1.83MB / 106GB
[2J[HOK,10,2,ace8a59de7ff, dd-cmd.1.siadexe6gunpbu5kwdau3g796, 14.89%, 94.51MiB / 3.703GiB, 2.49%, 223kB / 279kB, 1.83MB / 106GB
[2J[HOK,10,2,ace8a59de7ff, dd-cmd.1.siadexe6gunpbu5kwdau3g796, 14.89%, 94.51MiB / 3.703GiB, 2.49%, 223kB / 279kB, 1.83MB / 106GB
[2J[HOK,10,2,ace8a59de7ff, dd-cmd.1.siadexe6gunpbu5kwdau3g796, 21.79%, 94.75MiB / 3.703GiB, 2.50%, 223kB / 279kB, 1.83MB / 106GB
[2J[HOK,10,2,ace8a59de7ff, dd-cmd.1.siadexe6gunpbu5kwdau3g796, 21.79%, 94.75MiB / 3.703GiB, 2.50%, 223kB / 279kB, 1.83MB / 106GB
[2J[HOK,10,2,ace8a59de7ff, dd-cmd.1.siadexe6gunpbu5kwdau3g796, 19.10%, 94.75MiB / 3.703GiB, 2.50%, 223kB / 279kB, 1.83MB / 106GB
[2J[HOK,10,2,ace8a59de7ff, dd-cmd.1.siadexe6gunpbu5kwdau3g796, 19.10%, 94.75MiB / 3.703GiB, 2.50%, 223kB / 279kB, 1.83MB / 106GB
[2J[HOK,10,2,ace8a59de7ff, dd-cmd.1.siadexe6gunpbu5kwdau3g796, 19.10%, 94.75MiB / 3.703GiB, 2.50%, 223kB / 279kB, 1.83MB / 106GB
[2J[HOK,10,2,ace8a59de7ff, dd-cmd.1.siadexe6gunpbu5kwdau3g796, 15.02%, 94.84MiB / 3.703GiB, 2.50%, 223kB / 279kB, 1.83MB / 106GB
[2J[HOK,10,2,ace8a59de7ff, dd-cmd.1.siadexe6gunpbu5kwdau3g796, 15.02%, 94.84MiB / 3.703GiB, 2.50%, 223kB / 279kB, 1.83MB / 106GB
[2J[HOK,10,2,ace8a59de7ff, dd-cmd.1.siadexe6gunpbu5kwdau3g796, 25.22%, 94.98MiB / 3.703GiB, 2.51%, 223kB / 279kB, 1.83MB / 106GB
[2J[HOK,10,2,ace8a59de7ff, dd-cmd.1.siadexe6gunpbu5kwdau3g796, 25.22%, 94.98MiB / 3.703GiB, 2.51%, 223kB / 279kB, 1.83MB / 106GB
[2J[HOK,10,2,ace8a59de7ff, dd-cmd.1.siadexe6gunpbu5kwdau3g796, 16.56%, 95.04MiB / 3.703GiB, 2.51%, 223kB / 279kB, 1.83MB / 106GB
[2J[HOK,10,2,ace8a59de7ff, dd-cmd.1.siadexe6gunpbu5kwdau3g796, 16.56%, 95.04MiB / 3.703GiB, 2.51%, 223kB / 279kB, 1.83MB / 106GB
[2J[HOK,10,2,ace8a59de7ff, dd-cmd.1.siadexe6gunpbu5kwdau3g796, 17.72%, 95.03MiB / 3.703GiB, 2.51%, 223kB / 279kB, 1.83MB / 106GB
[2J[HOK,10,2,ace8a59de7ff, dd-cmd.1.siadexe6gunpbu5kwdau3g796, 17.72%, 95.03MiB / 3.703GiB, 2.51%, 223kB / 279kB, 1.83MB / 106GB
[2J[HOK,10,2,ace8a59de7ff, dd-cmd.1.siadexe6gunpbu5kwdau3g796, 20.18%, 95.07MiB / 3.703GiB, 2.51%, 223kB / 279kB, 1.83MB / 106GB
[2J[HOK,10,2,ace8a59de7ff, dd-cmd.1.siadexe6gunpbu5kwdau3g796, 20.18%, 95.07MiB / 3.703GiB, 2.51%, 223kB / 279kB, 1.83MB / 106GB
[2J[HOK,10,2,ace8a59de7ff, dd-cmd.1.siadexe6gunpbu5kwdau3g796, 15.35%, 95.04MiB / 3.703GiB, 2.51%, 223kB / 279kB, 1.83MB / 106GB
[2J[HOK,10,2,ace8a59de7ff, dd-cmd.1.siadexe6gunpbu5kwdau3g796, 15.35%, 95.04MiB / 3.703GiB, 2.51%, 223kB / 279kB, 1.83MB / 106GB
[2J[HOK,10,2,ace8a59de7ff, dd-cmd.1.siadexe6gunpbu5kwdau3g796, 19.10%, 93.81MiB / 3.703GiB, 2.47%, 223kB / 280kB, 1.83MB / 106GB
[2J[HOK,10,2,ace8a59de7ff, dd-cmd.1.siadexe6gunpbu5kwdau3g796, 19.10%, 93.81MiB / 3.703GiB, 2.47%, 223kB / 280kB, 1.83MB / 106GB
[2J[HOK,10,2,ace8a59de7ff, dd-cmd.1.siadexe6gunpbu5kwdau3g796, 18.59%, 93.9MiB / 3.703GiB, 2.48%, 224kB / 280kB, 1.83MB / 106GB
[2J[HOK,10,2,ace8a59de7ff, dd-cmd.1.siadexe6gunpbu5kwdau3g796, 18.59%, 93.9MiB / 3.703GiB, 2.48%, 224kB / 280kB, 1.83MB / 106GB
[2J[HOK,10,2,ace8a59de7ff, dd-cmd.1.siadexe6gunpbu5kwdau3g796, 19.07%, 94.09MiB / 3.703GiB, 2.48%, 224kB / 280kB, 1.83MB / 106GB
[2J[HOK,10,2,ace8a59de7ff, dd-cmd.1.siadexe6gunpbu5kwdau3g796, 19.07%, 94.09MiB / 3.703GiB, 2.48%, 224kB / 280kB, 1.83MB / 106GB
[2J[HOK,10,2,ace8a59de7ff, dd-cmd.1.siadexe6gunpbu5kwdau3g796, 18.21%, 94.14MiB / 3.703GiB, 2.48%, 224kB / 280kB, 1.83MB / 106GB
[2J[HOK,10,2,ace8a59de7ff, dd-cmd.1.siadexe6gunpbu5kwdau3g796, 18.21%, 94.14MiB / 3.703GiB, 2.48%, 224kB / 280kB, 1.83MB / 106GB
[2J[HOK,10,2,ace8a59de7ff, dd-cmd.1.siadexe6gunpbu5kwdau3g796, 20.86%, 94.15MiB / 3.703GiB, 2.48%, 224kB / 280kB, 1.83MB / 106GB
[2J[HOK,10,2,ace8a59de7ff, dd-cmd.1.siadexe6gunpbu5kwdau3g796, 20.86%, 94.15MiB / 3.703GiB, 2.48%, 224kB / 280kB, 1.83MB / 106GB
[2J[HOK,10,2,ace8a59de7ff, dd-cmd.1.siadexe6gunpbu5kwdau3g796, 18.96%, 94.12MiB / 3.703GiB, 2.48%, 224kB / 280kB, 1.83MB / 106GB
[2J[HOK,10,2,ace8a59de7ff, dd-cmd.1.siadexe6gunpbu5kwdau3g796, 18.96%, 94.12MiB / 3.703GiB, 2.48%, 224kB / 280kB, 1.83MB / 106GB
[2J[HOK,10,2,ace8a59de7ff, dd-cmd.1.siadexe6gunpbu5kwdau3g796, 17.96%, 94.16MiB / 3.703GiB, 2.48%, 224kB / 280kB, 1.83MB / 106GB
[2J[HOK,10,2,ace8a59de7ff, dd-cmd.1.siadexe6gunpbu5kwdau3g796, 17.96%, 94.16MiB / 3.703GiB, 2.48%, 224kB / 280kB, 1.83MB / 106GB
[2J[HOK,10,2,ace8a59de7ff, dd-cmd.1.siadexe6gunpbu5kwdau3g796, 23.61%, 94.29MiB / 3.703GiB, 2.49%, 224kB / 280kB, 1.83MB / 106GB
[2J[HOK,10,2,ace8a59de7ff, dd-cmd.1.siadexe6gunpbu5kwdau3g796, 23.61%, 94.29MiB / 3.703GiB, 2.49%, 224kB / 280kB, 1.83MB / 106GB
[2J[HOK,10,2,ace8a59de7ff, dd-cmd.1.siadexe6gunpbu5kwdau3g796, 15.20%, 94.33MiB / 3.703GiB, 2.49%, 224kB / 280kB, 1.83MB / 106GB
[2J[HOK,10,2,ace8a59de7ff, dd-cmd.1.siadexe6gunpbu5kwdau3g796, 15.20%, 94.33MiB / 3.703GiB, 2.49%, 224kB / 280kB, 1.83MB / 106GB
[2J[HOK,10,2,ace8a59de7ff, dd-cmd.1.siadexe6gunpbu5kwdau3g796, 17.73%, 94.4MiB / 3.703GiB, 2.49%, 224kB / 280kB, 1.83MB / 106GB
[2J[HOK,10,2,ace8a59de7ff, dd-cmd.1.siadexe6gunpbu5kwdau3g796, 17.73%, 94.4MiB / 3.703GiB, 2.49%, 224kB / 280kB, 1.83MB / 106GB
[2J[HOK,10,2,ace8a59de7ff, dd-cmd.1.siadexe6gunpbu5kwdau3g796, 14.39%, 94.4MiB / 3.703GiB, 2.49%, 224kB / 280kB, 1.83MB / 106GB
[2J[HOK,10,2,ace8a59de7ff, dd-cmd.1.siadexe6gunpbu5kwdau3g796, 14.39%, 94.4MiB / 3.703GiB, 2.49%, 224kB / 280kB, 1.83MB / 106GB
[2J[HOK,10,2,ace8a59de7ff, dd-cmd.1.siadexe6gunpbu5kwdau3g796, 21.22%, 94.62MiB / 3.703GiB, 2.50%, 224kB / 280kB, 1.83MB / 106GB
[2J[HOK,10,2,ace8a59de7ff, dd-cmd.1.siadexe6gunpbu5kwdau3g796, 21.22%, 94.62MiB / 3.703GiB, 2.50%, 224kB / 280kB, 1.83MB / 106GB
[2J[HOK,10,2,ace8a59de7ff, dd-cmd.1.siadexe6gunpbu5kwdau3g796, 15.81%, 94.52MiB / 3.703GiB, 2.49%, 224kB / 280kB, 1.83MB / 106GB
[2J[HOK,10,2,ace8a59de7ff, dd-cmd.1.siadexe6gunpbu5kwdau3g796, 15.81%, 94.52MiB / 3.703GiB, 2.49%, 224kB / 280kB, 1.83MB / 106GB
[2J[HOK,10,2,ace8a59de7ff, dd-cmd.1.siadexe6gunpbu5kwdau3g796, 16.69%, 94.51MiB / 3.703GiB, 2.49%, 224kB / 280kB, 1.83MB / 106GB
[2J[HOK,10,2,ace8a59de7ff, dd-cmd.1.siadexe6gunpbu5kwdau3g796, 16.69%, 94.51MiB / 3.703GiB, 2.49%, 224kB / 280kB, 1.83MB / 106GB
[2J[HOK,10,2,ace8a59de7ff, dd-cmd.1.siadexe6gunpbu5kwdau3g796, 22.39%, 94.73MiB / 3.703GiB, 2.50%, 224kB / 280kB, 1.83MB / 106GB
[2J[HOK,10,2,ace8a59de7ff, dd-cmd.1.siadexe6gunpbu5kwdau3g796, 22.39%, 94.73MiB / 3.703GiB, 2.50%, 224kB / 280kB, 1.83MB / 106GB
[2J[HOK,10,2,ace8a59de7ff, dd-cmd.1.siadexe6gunpbu5kwdau3g796, 15.97%, 94.79MiB / 3.703GiB, 2.50%, 224kB / 281kB, 1.83MB / 106GB
[2J[HOK,10,2,ace8a59de7ff, dd-cmd.1.siadexe6gunpbu5kwdau3g796, 15.97%, 94.79MiB / 3.703GiB, 2.50%, 224kB / 281kB, 1.83MB / 106GB
[2J[HOK,10,2,ace8a59de7ff, dd-cmd.1.siadexe6gunpbu5kwdau3g796, 21.60%, 94.8MiB / 3.703GiB, 2.50%, 224kB / 281kB, 1.83MB / 106GB
[2J[HOK,10,2,ace8a59de7ff, dd-cmd.1.siadexe6gunpbu5kwdau3g796, 21.60%, 94.8MiB / 3.703GiB, 2.50%, 224kB / 281kB, 1.83MB / 106GB
[2J[HOK,10,2,ace8a59de7ff, dd-cmd.1.siadexe6gunpbu5kwdau3g796, 18.84%, 94.76MiB / 3.703GiB, 2.50%, 224kB / 281kB, 1.83MB / 106GB
[2J[HOK,10,2,ace8a59de7ff, dd-cmd.1.siadexe6gunpbu5kwdau3g796, 18.84%, 94.76MiB / 3.703GiB, 2.50%, 224kB / 281kB, 1.83MB / 106GB
[2J[HOK,10,2,ace8a59de7ff, dd-cmd.1.siadexe6gunpbu5kwdau3g796, 22.85%, 94.84MiB / 3.703GiB, 2.50%, 224kB / 281kB, 1.83MB / 106GB
[2J[HOK,10,2,ace8a59de7ff, dd-cmd.1.siadexe6gunpbu5kwdau3g796, 22.85%, 94.84MiB / 3.703GiB, 2.50%, 224kB / 281kB, 1.83MB / 106GB
[2J[HOK,10,2,ace8a59de7ff, dd-cmd.1.siadexe6gunpbu5kwdau3g796, 15.36%, 94.87MiB / 3.703GiB, 2.50%, 224kB / 281kB, 1.83MB / 106GB
[2J[HOK,10,2,ace8a59de7ff, dd-cmd.1.siadexe6gunpbu5kwdau3g796, 15.36%, 94.87MiB / 3.703GiB, 2.50%, 224kB / 281kB, 1.83MB / 106GB
[2J[HOK,10,2,ace8a59de7ff, dd-cmd.1.siadexe6gunpbu5kwdau3g796, 18.65%, 94.99MiB / 3.703GiB, 2.51%, 224kB / 281kB, 1.83MB / 106GB
[2J[HOK,10,2,ace8a59de7ff, dd-cmd.1.siadexe6gunpbu5kwdau3g796, 18.65%, 94.99MiB / 3.703GiB, 2.51%, 224kB / 281kB, 1.83MB / 106GB
[2J[HOK,10,2,ace8a59de7ff, dd-cmd.1.siadexe6gunpbu5kwdau3g796, 15.75%, 94.96MiB / 3.703GiB, 2.50%, 224kB / 281kB, 1.83MB / 106GB
[2J[HOK,10,2,ace8a59de7ff, dd-cmd.1.siadexe6gunpbu5kwdau3g796, 15.75%, 94.96MiB / 3.703GiB, 2.50%, 224kB / 281kB, 1.83MB / 106GB
[2J[HOK,10,2,ace8a59de7ff, dd-cmd.1.siadexe6gunpbu5kwdau3g796, 16.71%, 95.08MiB / 3.703GiB, 2.51%, 224kB / 281kB, 1.83MB / 106GB
[2J[HOK,10,2,ace8a59de7ff, dd-cmd.1.siadexe6gunpbu5kwdau3g796, 16.71%, 95.08MiB / 3.703GiB, 2.51%, 224kB / 281kB, 1.83MB / 106GB
[2J[HOK,10,2,ace8a59de7ff, dd-cmd.1.siadexe6gunpbu5kwdau3g796, 16.71%, 95.08MiB / 3.703GiB, 2.51%, 224kB / 281kB, 1.83MB / 106GB
[2J[HOK,10,2,ace8a59de7ff, dd-cmd.1.siadexe6gunpbu5kwdau3g796, 19.31%, 94.98MiB / 3.703GiB, 2.51%, 224kB / 281kB, 1.83MB / 106GB
[2J[HOK,10,2,ace8a59de7ff, dd-cmd.1.siadexe6gunpbu5kwdau3g796, 19.31%, 94.98MiB / 3.703GiB, 2.51%, 224kB / 281kB, 1.83MB / 106GB
[2J[HOK,10,2,ace8a59de7ff, dd-cmd.1.siadexe6gunpbu5kwdau3g796, 14.98%, 95.04MiB / 3.703GiB, 2.51%, 224kB / 281kB, 1.83MB / 106GB
[2J[HOK,10,2,ace8a59de7ff, dd-cmd.1.siadexe6gunpbu5kwdau3g796, 14.98%, 95.04MiB / 3.703GiB, 2.51%, 224kB / 281kB, 1.83MB / 106GB
[2J[HOK,10,2,ace8a59de7ff, dd-cmd.1.siadexe6gunpbu5kwdau3g796, 20.77%, 95.11MiB / 3.703GiB, 2.51%, 224kB / 281kB, 1.83MB / 106GB
[2J[HOK,10,2,ace8a59de7ff, dd-cmd.1.siadexe6gunpbu5kwdau3g796, 20.77%, 95.11MiB / 3.703GiB, 2.51%, 224kB / 281kB, 1.83MB / 106GB
[2J[HOK,10,2,ace8a59de7ff, dd-cmd.1.siadexe6gunpbu5kwdau3g796, 14.50%, 95.08MiB / 3.703GiB, 2.51%, 224kB / 281kB, 1.83MB / 106GB
[2J[HOK,10,2,ace8a59de7ff, dd-cmd.1.siadexe6gunpbu5kwdau3g796, 14.50%, 95.08MiB / 3.703GiB, 2.51%, 224kB / 281kB, 1.83MB / 106GB
[2J[HOK,10,2,ace8a59de7ff, dd-cmd.1.siadexe6gunpbu5kwdau3g796, 25.81%, 95.27MiB / 3.703GiB, 2.51%, 224kB / 281kB, 1.83MB / 106GB
[2J[HOK,10,2,ace8a59de7ff, dd-cmd.1.siadexe6gunpbu5kwdau3g796, 25.81%, 95.27MiB / 3.703GiB, 2.51%, 224kB / 281kB, 1.83MB / 106GB
[2J[HOK,10,2,ace8a59de7ff, dd-cmd.1.siadexe6gunpbu5kwdau3g796, 16.32%, 95.23MiB / 3.703GiB, 2.51%, 224kB / 281kB, 1.83MB / 106GB
[2J[HOK,10,2,ace8a59de7ff, dd-cmd.1.siadexe6gunpbu5kwdau3g796, 16.32%, 95.23MiB / 3.703GiB, 2.51%, 224kB / 281kB, 1.83MB / 106GB
[2J[HOK,10,2,ace8a59de7ff, dd-cmd.1.siadexe6gunpbu5kwdau3g796, 16.18%, 95.32MiB / 3.703GiB, 2.51%, 224kB / 281kB, 1.83MB / 106GB
[2J[HOK,10,2,ace8a59de7ff, dd-cmd.1.siadexe6gunpbu5kwdau3g796, 16.18%, 95.32MiB / 3.703GiB, 2.51%, 224kB / 281kB, 1.83MB / 106GB
[2J[HOK,10,2,ace8a59de7ff, dd-cmd.1.siadexe6gunpbu5kwdau3g796, 19.25%, 95.25MiB / 3.703GiB, 2.51%, 225kB / 281kB, 1.83MB / 106GB
[2J[HOK,10,2,ace8a59de7ff, dd-cmd.1.siadexe6gunpbu5kwdau3g796, 19.25%, 95.25MiB / 3.703GiB, 2.51%, 225kB / 281kB, 1.83MB / 106GB
[2J[HOK,10,2,ace8a59de7ff, dd-cmd.1.siadexe6gunpbu5kwdau3g796, 16.84%, 95.34MiB / 3.703GiB, 2.51%, 225kB / 281kB, 1.83MB / 106GB
[2J[HOK,10,2,ace8a59de7ff, dd-cmd.1.siadexe6gunpbu5kwdau3g796, 16.84%, 95.34MiB / 3.703GiB, 2.51%, 225kB / 281kB, 1.83MB / 106GB
[2J[HOK,10,2,ace8a59de7ff, dd-cmd.1.siadexe6gunpbu5kwdau3g796, 16.85%, 95.4MiB / 3.703GiB, 2.52%, 225kB / 281kB, 1.83MB / 106GB
[2J[HOK,10,2,ace8a59de7ff, dd-cmd.1.siadexe6gunpbu5kwdau3g796, 16.85%, 95.4MiB / 3.703GiB, 2.52%, 225kB / 281kB, 1.83MB / 106GB
[2J[HOK,10,2,ace8a59de7ff, dd-cmd.1.siadexe6gunpbu5kwdau3g796, 17.37%, 95.53MiB / 3.703GiB, 2.52%, 225kB / 281kB, 1.83MB / 106GB
[2J[HOK,10,2,ace8a59de7ff, dd-cmd.1.siadexe6gunpbu5kwdau3g796, 17.37%, 95.53MiB / 3.703GiB, 2.52%, 225kB / 281kB, 1.83MB / 106GB
[2J[HOK,10,2,ace8a59de7ff, dd-cmd.1.siadexe6gunpbu5kwdau3g796, 19.59%, 95.52MiB / 3.703GiB, 2.52%, 225kB / 281kB, 1.83MB / 106GB
[2J[HOK,10,2,ace8a59de7ff, dd-cmd.1.siadexe6gunpbu5kwdau3g796, 19.59%, 95.52MiB / 3.703GiB, 2.52%, 225kB / 281kB, 1.83MB / 106GB
[2J[HOK,10,2,ace8a59de7ff, dd-cmd.1.siadexe6gunpbu5kwdau3g796, 17.52%, 95.47MiB / 3.703GiB, 2.52%, 225kB / 281kB, 1.83MB / 106GB
[2J[HOK,10,2,ace8a59de7ff, dd-cmd.1.siadexe6gunpbu5kwdau3g796, 17.52%, 95.47MiB / 3.703GiB, 2.52%, 225kB / 281kB, 1.83MB / 106GB
[2J[HOK,10,2,ace8a59de7ff, dd-cmd.1.siadexe6gunpbu5kwdau3g796, 23.29%, 95.69MiB / 3.703GiB, 2.52%, 225kB / 281kB, 1.83MB / 106GB
[2J[HOK,10,2,ace8a59de7ff, dd-cmd.1.siadexe6gunpbu5kwdau3g796, 23.29%, 95.69MiB / 3.703GiB, 2.52%, 225kB / 281kB, 1.83MB / 106GB
[2J[HOK,10,2,ace8a59de7ff, dd-cmd.1.siadexe6gunpbu5kwdau3g796, 17.25%, 95.68MiB / 3.703GiB, 2.52%, 225kB / 281kB, 1.83MB / 106GB
[2J[HOK,10,2,ace8a59de7ff, dd-cmd.1.siadexe6gunpbu5kwdau3g796, 17.25%, 95.68MiB / 3.703GiB, 2.52%, 225kB / 281kB, 1.83MB / 106GB
[2J[HOK,10,2,ace8a59de7ff, dd-cmd.1.siadexe6gunpbu5kwdau3g796, 18.39%, 95.53MiB / 3.703GiB, 2.52%, 225kB / 281kB, 1.83MB / 106GB
[2J[HOK,10,2,ace8a59de7ff, dd-cmd.1.siadexe6gunpbu5kwdau3g796, 18.39%, 95.53MiB / 3.703GiB, 2.52%, 225kB / 281kB, 1.83MB / 106GB
[2J[HOK,10,2,ace8a59de7ff, dd-cmd.1.siadexe6gunpbu5kwdau3g796, 20.61%, 95.7MiB / 3.703GiB, 2.52%, 225kB / 281kB, 1.83MB / 107GB
[2J[HOK,10,2,ace8a59de7ff, dd-cmd.1.siadexe6gunpbu5kwdau3g796, 20.61%, 95.7MiB / 3.703GiB, 2.52%, 225kB / 281kB, 1.83MB / 107GB
[2J[HOK,10,2,ace8a59de7ff, dd-cmd.1.siadexe6gunpbu5kwdau3g796, 17.08%, 95.86MiB / 3.703GiB, 2.53%, 225kB / 281kB, 1.83MB / 107GB
[2J[HOK,10,2,ace8a59de7ff, dd-cmd.1.siadexe6gunpbu5kwdau3g796, 17.08%, 95.86MiB / 3.703GiB, 2.53%, 225kB / 281kB, 1.83MB / 107GB
[2J[HOK,10,2,ace8a59de7ff, dd-cmd.1.siadexe6gunpbu5kwdau3g796, 15.85%, 95.77MiB / 3.703GiB, 2.53%, 225kB / 281kB, 1.83MB / 107GB
[2J[HOK,10,2,ace8a59de7ff, dd-cmd.1.siadexe6gunpbu5kwdau3g796, 15.85%, 95.77MiB / 3.703GiB, 2.53%, 225kB / 281kB, 1.83MB / 107GB
[2J[HOK,10,2,ace8a59de7ff, dd-cmd.1.siadexe6gunpbu5kwdau3g796, 14.97%, 95.89MiB / 3.703GiB, 2.53%, 225kB / 281kB, 1.83MB / 107GB
[2J[HOK,10,2,ace8a59de7ff, dd-cmd.1.siadexe6gunpbu5kwdau3g796, 14.97%, 95.89MiB / 3.703GiB, 2.53%, 225kB / 281kB, 1.83MB / 107GB
[2J[HOK,10,2,ace8a59de7ff, dd-cmd.1.siadexe6gunpbu5kwdau3g796, 18.95%, 95.98MiB / 3.703GiB, 2.53%, 225kB / 281kB, 1.83MB / 107GB
[2J[HOK,10,2,ace8a59de7ff, dd-cmd.1.siadexe6gunpbu5kwdau3g796, 18.95%, 95.98MiB / 3.703GiB, 2.53%, 225kB / 281kB, 1.83MB / 107GB
[2J[HOK,10,2,ace8a59de7ff, dd-cmd.1.siadexe6gunpbu5kwdau3g796, 18.32%, 96.05MiB / 3.703GiB, 2.53%, 225kB / 281kB, 1.83MB / 107GB
[2J[HOK,10,2,ace8a59de7ff, dd-cmd.1.siadexe6gunpbu5kwdau3g796, 18.32%, 96.05MiB / 3.703GiB, 2.53%, 225kB / 281kB, 1.83MB / 107GB
[2J[HOK,10,2,ace8a59de7ff, dd-cmd.1.siadexe6gunpbu5kwdau3g796, 15.02%, 95.97MiB / 3.703GiB, 2.53%, 225kB / 282kB, 1.83MB / 107GB
[2J[HOK,10,2,ace8a59de7ff, dd-cmd.1.siadexe6gunpbu5kwdau3g796, 15.02%, 95.97MiB / 3.703GiB, 2.53%, 225kB / 282kB, 1.83MB / 107GB
[2J[HOK,10,2,ace8a59de7ff, dd-cmd.1.siadexe6gunpbu5kwdau3g796, 22.70%, 96.22MiB / 3.703GiB, 2.54%, 225kB / 282kB, 1.83MB / 107GB
[2J[HOK,10,2,ace8a59de7ff, dd-cmd.1.siadexe6gunpbu5kwdau3g796, 22.70%, 96.22MiB / 3.703GiB, 2.54%, 225kB / 282kB, 1.83MB / 107GB
[2J[HOK,10,2,ace8a59de7ff, dd-cmd.1.siadexe6gunpbu5kwdau3g796, 18.09%, 96.17MiB / 3.703GiB, 2.54%, 225kB / 282kB, 1.83MB / 107GB
[2J[HOK,10,2,ace8a59de7ff, dd-cmd.1.siadexe6gunpbu5kwdau3g796, 18.09%, 96.17MiB / 3.703GiB, 2.54%, 225kB / 282kB, 1.83MB / 107GB
[2J[HOK,10,2,ace8a59de7ff, dd-cmd.1.siadexe6gunpbu5kwdau3g796, 18.09%, 96.17MiB / 3.703GiB, 2.54%, 225kB / 282kB, 1.83MB / 107GB
[2J[HOK,10,2,ace8a59de7ff, dd-cmd.1.siadexe6gunpbu5kwdau3g796, 22.04%, 96.21MiB / 3.703GiB, 2.54%, 225kB / 282kB, 1.83MB / 107GB
[2J[HOK,10,2,ace8a59de7ff, dd-cmd.1.siadexe6gunpbu5kwdau3g796, 22.04%, 96.21MiB / 3.703GiB, 2.54%, 225kB / 282kB, 1.83MB / 107GB
[2J[HOK,10,2,ace8a59de7ff, dd-cmd.1.siadexe6gunpbu5kwdau3g796, 19.48%, 96.12MiB / 3.703GiB, 2.54%, 225kB / 282kB, 1.83MB / 107GB
[2J[HOK,10,2,ace8a59de7ff, dd-cmd.1.siadexe6gunpbu5kwdau3g796, 19.48%, 96.12MiB / 3.703GiB, 2.54%, 225kB / 282kB, 1.83MB / 107GB
[2J[HOK,10,2,ace8a59de7ff, dd-cmd.1.siadexe6gunpbu5kwdau3g796, 16.26%, 96.34MiB / 3.703GiB, 2.54%, 225kB / 282kB, 1.83MB / 107GB
[2J[HOK,10,2,ace8a59de7ff, dd-cmd.1.siadexe6gunpbu5kwdau3g796, 16.26%, 96.34MiB / 3.703GiB, 2.54%, 225kB / 282kB, 1.83MB / 107GB
[2J[HOK,10,2,ace8a59de7ff, dd-cmd.1.siadexe6gunpbu5kwdau3g796, 15.90%, 96.32MiB / 3.703GiB, 2.54%, 225kB / 282kB, 1.83MB / 107GB
[2J[HOK,10,2,ace8a59de7ff, dd-cmd.1.siadexe6gunpbu5kwdau3g796, 15.90%, 96.32MiB / 3.703GiB, 2.54%, 225kB / 282kB, 1.83MB / 107GB
[2J[HOK,10,2,ace8a59de7ff, dd-cmd.1.siadexe6gunpbu5kwdau3g796, 18.56%, 96.24MiB / 3.703GiB, 2.54%, 225kB / 282kB, 1.83MB / 107GB
[2J[HOK,10,2,ace8a59de7ff, dd-cmd.1.siadexe6gunpbu5kwdau3g796, 18.56%, 96.24MiB / 3.703GiB, 2.54%, 225kB / 282kB, 1.83MB / 107GB
[2J[HOK,10,2,ace8a59de7ff, dd-cmd.1.siadexe6gunpbu5kwdau3g796, 16.73%, 96.3MiB / 3.703GiB, 2.54%, 225kB / 282kB, 1.83MB / 107GB
[2J[HOK,10,2,ace8a59de7ff, dd-cmd.1.siadexe6gunpbu5kwdau3g796, 16.73%, 96.3MiB / 3.703GiB, 2.54%, 225kB / 282kB, 1.83MB / 107GB
[2J[HOK,10,2,ace8a59de7ff, dd-cmd.1.siadexe6gunpbu5kwdau3g796, 15.80%, 96.23MiB / 3.703GiB, 2.54%, 225kB / 282kB, 1.83MB / 107GB
[2J[HOK,10,2,ace8a59de7ff, dd-cmd.1.siadexe6gunpbu5kwdau3g796, 15.80%, 96.23MiB / 3.703GiB, 2.54%, 225kB / 282kB, 1.83MB / 107GB
[2J[HOK,10,2,ace8a59de7ff, dd-cmd.1.siadexe6gunpbu5kwdau3g796, 22.71%, 96.36MiB / 3.703GiB, 2.54%, 225kB / 282kB, 1.84MB / 107GB
[2J[HOK,10,2,ace8a59de7ff, dd-cmd.1.siadexe6gunpbu5kwdau3g796, 22.71%, 96.36MiB / 3.703GiB, 2.54%, 225kB / 282kB, 1.84MB / 107GB
[2J[HOK,10,2,ace8a59de7ff, dd-cmd.1.siadexe6gunpbu5kwdau3g796, 14.46%, 96.49MiB / 3.703GiB, 2.54%, 225kB / 282kB, 1.84MB / 107GB
[2J[HOK,10,2,ace8a59de7ff, dd-cmd.1.siadexe6gunpbu5kwdau3g796, 14.46%, 96.49MiB / 3.703GiB, 2.54%, 225kB / 282kB, 1.84MB / 107GB
[2J[HOK,10,2,ace8a59de7ff, dd-cmd.1.siadexe6gunpbu5kwdau3g796, 23.17%, 96.52MiB / 3.703GiB, 2.55%, 225kB / 282kB, 1.84MB / 107GB
[2J[HOK,10,2,ace8a59de7ff, dd-cmd.1.siadexe6gunpbu5kwdau3g796, 23.17%, 96.52MiB / 3.703GiB, 2.55%, 225kB / 282kB, 1.84MB / 107GB
[2J[HOK,10,2,ace8a59de7ff, dd-cmd.1.siadexe6gunpbu5kwdau3g796, 14.11%, 96.98MiB / 3.703GiB, 2.56%, 225kB / 282kB, 1.84MB / 107GB
[2J[HOK,10,2,ace8a59de7ff, dd-cmd.1.siadexe6gunpbu5kwdau3g796, 14.11%, 96.98MiB / 3.703GiB, 2.56%, 225kB / 282kB, 1.84MB / 107GB
[2J[HOK,10,2,ace8a59de7ff, dd-cmd.1.siadexe6gunpbu5kwdau3g796, 29.73%, 96.59MiB / 3.703GiB, 2.55%, 225kB / 282kB, 1.84MB / 107GB
[2J[HOK,10,2,ace8a59de7ff, dd-cmd.1.siadexe6gunpbu5kwdau3g796, 29.73%, 96.59MiB / 3.703GiB, 2.55%, 225kB / 282kB, 1.84MB / 107GB
[2J[HOK,10,2,ace8a59de7ff, dd-cmd.1.siadexe6gunpbu5kwdau3g796, 15.38%, 96.91MiB / 3.703GiB, 2.56%, 226kB / 283kB, 1.84MB / 107GB
[2J[HOK,10,2,ace8a59de7ff, dd-cmd.1.siadexe6gunpbu5kwdau3g796, 15.38%, 96.91MiB / 3.703GiB, 2.56%, 226kB / 283kB, 1.84MB / 107GB
[2J[HOK,10,2,ace8a59de7ff, dd-cmd.1.siadexe6gunpbu5kwdau3g796, 17.92%, 96.88MiB / 3.703GiB, 2.56%, 226kB / 283kB, 1.84MB / 107GB
[2J[HOK,10,2,ace8a59de7ff, dd-cmd.1.siadexe6gunpbu5kwdau3g796, 17.92%, 96.88MiB / 3.703GiB, 2.56%, 226kB / 283kB, 1.84MB / 107GB
[2J[HOK,10,2,ace8a59de7ff, dd-cmd.1.siadexe6gunpbu5kwdau3g796, 18.34%, 96.8MiB / 3.703GiB, 2.55%, 226kB / 283kB, 1.84MB / 107GB
[2J[HOK,10,2,ace8a59de7ff, dd-cmd.1.siadexe6gunpbu5kwdau3g796, 18.34%, 96.8MiB / 3.703GiB, 2.55%, 226kB / 283kB, 1.84MB / 107GB
[2J[HOK,10,2,ace8a59de7ff, dd-cmd.1.siadexe6gunpbu5kwdau3g796, 15.93%, 96.82MiB / 3.703GiB, 2.55%, 226kB / 283kB, 1.84MB / 107GB
[2J[HOK,10,2,ace8a59de7ff, dd-cmd.1.siadexe6gunpbu5kwdau3g796, 15.93%, 96.82MiB / 3.703GiB, 2.55%, 226kB / 283kB, 1.84MB / 107GB
[2J[HOK,10,2,ace8a59de7ff, dd-cmd.1.siadexe6gunpbu5kwdau3g796, 15.31%, 96.88MiB / 3.703GiB, 2.56%, 226kB / 283kB, 1.84MB / 107GB
[2J[HOK,10,2,ace8a59de7ff, dd-cmd.1.siadexe6gunpbu5kwdau3g796, 15.31%, 96.88MiB / 3.703GiB, 2.56%, 226kB / 283kB, 1.84MB / 107GB
[2J[HOK,10,2,ace8a59de7ff, dd-cmd.1.siadexe6gunpbu5kwdau3g796, 19.36%, 96.91MiB / 3.703GiB, 2.56%, 226kB / 283kB, 1.84MB / 107GB
[2J[HOK,10,2,ace8a59de7ff, dd-cmd.1.siadexe6gunpbu5kwdau3g796, 19.36%, 96.91MiB / 3.703GiB, 2.56%, 226kB / 283kB, 1.84MB / 107GB
[2J[HOK,10,2,ace8a59de7ff, dd-cmd.1.siadexe6gunpbu5kwdau3g796, 24.00%, 97.12MiB / 3.703GiB, 2.56%, 226kB / 283kB, 1.84MB / 107GB
[2J[HOK,10,2,ace8a59de7ff, dd-cmd.1.siadexe6gunpbu5kwdau3g796, 24.00%, 97.12MiB / 3.703GiB, 2.56%, 226kB / 283kB, 1.84MB / 107GB
[2J[HOK,10,2,ace8a59de7ff, dd-cmd.1.siadexe6gunpbu5kwdau3g796, 15.80%, 97.25MiB / 3.703GiB, 2.56%, 226kB / 283kB, 1.84MB / 107GB
[2J[HOK,10,2,ace8a59de7ff, dd-cmd.1.siadexe6gunpbu5kwdau3g796, 15.80%, 97.25MiB / 3.703GiB, 2.56%, 226kB / 283kB, 1.84MB / 107GB
[2J[HOK,10,2,ace8a59de7ff, dd-cmd.1.siadexe6gunpbu5kwdau3g796, 23.60%, 97.19MiB / 3.703GiB, 2.56%, 226kB / 283kB, 1.84MB / 107GB
[2J[HOK,10,2,ace8a59de7ff, dd-cmd.1.siadexe6gunpbu5kwdau3g796, 23.60%, 97.19MiB / 3.703GiB, 2.56%, 226kB / 283kB, 1.84MB / 107GB
[2J[HOK,10,2,ace8a59de7ff, dd-cmd.1.siadexe6gunpbu5kwdau3g796, 15.66%, 97.25MiB / 3.703GiB, 2.56%, 226kB / 283kB, 1.84MB / 107GB
[2J[HOK,10,2,ace8a59de7ff, dd-cmd.1.siadexe6gunpbu5kwdau3g796, 15.66%, 97.25MiB / 3.703GiB, 2.56%, 226kB / 283kB, 1.84MB / 107GB
[2J[HOK,10,2,ace8a59de7ff, dd-cmd.1.siadexe6gunpbu5kwdau3g796, 16.40%, 97.35MiB / 3.703GiB, 2.57%, 226kB / 283kB, 1.84MB / 107GB
[2J[HOK,10,2,ace8a59de7ff, dd-cmd.1.siadexe6gunpbu5kwdau3g796, 16.40%, 97.35MiB / 3.703GiB, 2.57%, 226kB / 283kB, 1.84MB / 107GB
[2J[HOK,10,2,ace8a59de7ff, dd-cmd.1.siadexe6gunpbu5kwdau3g796, 20.07%, 97.3MiB / 3.703GiB, 2.57%, 226kB / 283kB, 1.84MB / 107GB
[2J[HOK,10,2,ace8a59de7ff, dd-cmd.1.siadexe6gunpbu5kwdau3g796, 20.07%, 97.3MiB / 3.703GiB, 2.57%, 226kB / 283kB, 1.84MB / 107GB
[2J[HOK,10,2,ace8a59de7ff, dd-cmd.1.siadexe6gunpbu5kwdau3g796, 15.38%, 97.3MiB / 3.703GiB, 2.57%, 226kB / 283kB, 1.84MB / 107GB
[2J[HOK,10,2,ace8a59de7ff, dd-cmd.1.siadexe6gunpbu5kwdau3g796, 15.38%, 97.3MiB / 3.703GiB, 2.57%, 226kB / 283kB, 1.84MB / 107GB
[2J[HOK,10,2,ace8a59de7ff, dd-cmd.1.siadexe6gunpbu5kwdau3g796, 17.62%, 97.49MiB / 3.703GiB, 2.57%, 226kB / 283kB, 1.84MB / 107GB
[2J[HOK,10,2,ace8a59de7ff, dd-cmd.1.siadexe6gunpbu5kwdau3g796, 17.62%, 97.49MiB / 3.703GiB, 2.57%, 226kB / 283kB, 1.84MB / 107GB
[2J[HOK,10,2,ace8a59de7ff, dd-cmd.1.siadexe6gunpbu5kwdau3g796, 16.03%, 97.4MiB / 3.703GiB, 2.57%, 226kB / 283kB, 1.84MB / 107GB
[2J[HOK,10,2,ace8a59de7ff, dd-cmd.1.siadexe6gunpbu5kwdau3g796, 16.03%, 97.4MiB / 3.703GiB, 2.57%, 226kB / 283kB, 1.84MB / 107GB
[2J[HOK,10,2,ace8a59de7ff, dd-cmd.1.siadexe6gunpbu5kwdau3g796, 16.03%, 97.4MiB / 3.703GiB, 2.57%, 226kB / 283kB, 1.84MB / 107GB
[2J[HOK,10,2,ace8a59de7ff, dd-cmd.1.siadexe6gunpbu5kwdau3g796, 19.77%, 97.7MiB / 3.703GiB, 2.58%, 227kB / 283kB, 1.84MB / 107GB
[2J[HOK,10,2,ace8a59de7ff, dd-cmd.1.siadexe6gunpbu5kwdau3g796, 19.77%, 97.7MiB / 3.703GiB, 2.58%, 227kB / 283kB, 1.84MB / 107GB
[2J[HOK,10,2,ace8a59de7ff, dd-cmd.1.siadexe6gunpbu5kwdau3g796, 16.85%, 97.63MiB / 3.703GiB, 2.58%, 227kB / 283kB, 1.84MB / 107GB
[2J[HOK,10,2,ace8a59de7ff, dd-cmd.1.siadexe6gunpbu5kwdau3g796, 16.85%, 97.63MiB / 3.703GiB, 2.58%, 227kB / 283kB, 1.84MB / 107GB
[2J[HOK,10,2,ace8a59de7ff, dd-cmd.1.siadexe6gunpbu5kwdau3g796, 21.11%, 97.72MiB / 3.703GiB, 2.58%, 227kB / 283kB, 1.84MB / 107GB
[2J[HOK,10,2,ace8a59de7ff, dd-cmd.1.siadexe6gunpbu5kwdau3g796, 21.11%, 97.72MiB / 3.703GiB, 2.58%, 227kB / 283kB, 1.84MB / 107GB
[2J[HOK,10,2,ace8a59de7ff, dd-cmd.1.siadexe6gunpbu5kwdau3g796, 21.11%, 97.75MiB / 3.703GiB, 2.58%, 227kB / 283kB, 1.84MB / 107GB
[2J[HOK,10,2,ace8a59de7ff, dd-cmd.1.siadexe6gunpbu5kwdau3g796, 21.11%, 97.75MiB / 3.703GiB, 2.58%, 227kB / 283kB, 1.84MB / 107GB
[2J[HOK,10,2,ace8a59de7ff, dd-cmd.1.siadexe6gunpbu5kwdau3g796, 19.77%, 97.77MiB / 3.703GiB, 2.58%, 227kB / 283kB, 1.84MB / 107GB
[2J[HOK,10,2,ace8a59de7ff, dd-cmd.1.siadexe6gunpbu5kwdau3g796, 19.77%, 97.77MiB / 3.703GiB, 2.58%, 227kB / 283kB, 1.84MB / 107GB
[2J[HOK,10,2,ace8a59de7ff, dd-cmd.1.siadexe6gunpbu5kwdau3g796, 20.65%, 97.84MiB / 3.703GiB, 2.58%, 227kB / 283kB, 1.84MB / 107GB
[2J[HOK,10,2,ace8a59de7ff, dd-cmd.1.siadexe6gunpbu5kwdau3g796, 20.65%, 97.84MiB / 3.703GiB, 2.58%, 227kB / 283kB, 1.84MB / 107GB
[2J[HOK,10,2,ace8a59de7ff, dd-cmd.1.siadexe6gunpbu5kwdau3g796, 20.11%, 97.98MiB / 3.703GiB, 2.58%, 227kB / 283kB, 1.84MB / 107GB
[2J[HOK,10,2,ace8a59de7ff, dd-cmd.1.siadexe6gunpbu5kwdau3g796, 20.11%, 97.98MiB / 3.703GiB, 2.58%, 227kB / 283kB, 1.84MB / 107GB
[2J[HOK,10,2,ace8a59de7ff, dd-cmd.1.siadexe6gunpbu5kwdau3g796, 15.92%, 97.88MiB / 3.703GiB, 2.58%, 227kB / 283kB, 1.84MB / 107GB
[2J[HOK,10,2,ace8a59de7ff, dd-cmd.1.siadexe6gunpbu5kwdau3g796, 15.92%, 97.88MiB / 3.703GiB, 2.58%, 227kB / 283kB, 1.84MB / 107GB
[2J[HOK,10,2,ace8a59de7ff, dd-cmd.1.siadexe6gunpbu5kwdau3g796, 15.13%, 98.07MiB / 3.703GiB, 2.59%, 227kB / 283kB, 1.84MB / 107GB
[2J[HOK,10,2,ace8a59de7ff, dd-cmd.1.siadexe6gunpbu5kwdau3g796, 15.13%, 98.07MiB / 3.703GiB, 2.59%, 227kB / 283kB, 1.84MB / 107GB
[2J[HOK,10,2,ace8a59de7ff, dd-cmd.1.siadexe6gunpbu5kwdau3g796, 18.10%, 98.12MiB / 3.703GiB, 2.59%, 227kB / 283kB, 1.84MB / 107GB
[2J[HOK,10,2,ace8a59de7ff, dd-cmd.1.siadexe6gunpbu5kwdau3g796, 18.10%, 98.12MiB / 3.703GiB, 2.59%, 227kB / 283kB, 1.84MB / 107GB
[2J[HOK,10,2,ace8a59de7ff, dd-cmd.1.siadexe6gunpbu5kwdau3g796, 17.05%, 98.18MiB / 3.703GiB, 2.59%, 227kB / 283kB, 1.84MB / 107GB
[2J[HOK,10,2,ace8a59de7ff, dd-cmd.1.siadexe6gunpbu5kwdau3g796, 17.05%, 98.18MiB / 3.703GiB, 2.59%, 227kB / 283kB, 1.84MB / 107GB
[2J[HOK,10,2,ace8a59de7ff, dd-cmd.1.siadexe6gunpbu5kwdau3g796, 15.88%, 98.33MiB / 3.703GiB, 2.59%, 227kB / 283kB, 1.84MB / 107GB
[2J[HOK,10,2,ace8a59de7ff, dd-cmd.1.siadexe6gunpbu5kwdau3g796, 15.88%, 98.33MiB / 3.703GiB, 2.59%, 227kB / 283kB, 1.84MB / 107GB
[2J[HOK,10,2,ace8a59de7ff, dd-cmd.1.siadexe6gunpbu5kwdau3g796, 22.90%, 98.11MiB / 3.703GiB, 2.59%, 227kB / 283kB, 1.84MB / 107GB
[2J[HOK,10,2,ace8a59de7ff, dd-cmd.1.siadexe6gunpbu5kwdau3g796, 22.90%, 98.11MiB / 3.703GiB, 2.59%, 227kB / 283kB, 1.84MB / 107GB
[2J[HOK,10,2,ace8a59de7ff, dd-cmd.1.siadexe6gunpbu5kwdau3g796, 15.23%, 98.19MiB / 3.703GiB, 2.59%, 227kB / 283kB, 1.84MB / 107GB
[2J[HOK,10,2,ace8a59de7ff, dd-cmd.1.siadexe6gunpbu5kwdau3g796, 15.23%, 98.19MiB / 3.703GiB, 2.59%, 227kB / 283kB, 1.84MB / 107GB
[2J[HOK,10,2,ace8a59de7ff, dd-cmd.1.siadexe6gunpbu5kwdau3g796, 22.13%, 98.18MiB / 3.703GiB, 2.59%, 227kB / 283kB, 1.84MB / 107GB
[2J[HOK,10,2,ace8a59de7ff, dd-cmd.1.siadexe6gunpbu5kwdau3g796, 22.13%, 98.18MiB / 3.703GiB, 2.59%, 227kB / 283kB, 1.84MB / 107GB
[2J[HOK,10,2,ace8a59de7ff, dd-cmd.1.siadexe6gunpbu5kwdau3g796, 16.32%, 98.09MiB / 3.703GiB, 2.59%, 227kB / 284kB, 1.84MB / 107GB
[2J[HOK,10,2,ace8a59de7ff, dd-cmd.1.siadexe6gunpbu5kwdau3g796, 16.32%, 98.09MiB / 3.703GiB, 2.59%, 227kB / 284kB, 1.84MB / 107GB
[2J[HOK,10,2,ace8a59de7ff, dd-cmd.1.siadexe6gunpbu5kwdau3g796, 24.65%, 98.43MiB / 3.703GiB, 2.60%, 227kB / 284kB, 1.84MB / 107GB
[2J[HOK,10,2,ace8a59de7ff, dd-cmd.1.siadexe6gunpbu5kwdau3g796, 24.65%, 98.43MiB / 3.703GiB, 2.60%, 227kB / 284kB, 1.84MB / 107GB
[2J[HOK,10,2,ace8a59de7ff, dd-cmd.1.siadexe6gunpbu5kwdau3g796, 15.45%, 98.32MiB / 3.703GiB, 2.59%, 227kB / 284kB, 1.84MB / 107GB
[2J[HOK,10,2,ace8a59de7ff, dd-cmd.1.siadexe6gunpbu5kwdau3g796, 15.45%, 98.32MiB / 3.703GiB, 2.59%, 227kB / 284kB, 1.84MB / 107GB
[2J[HOK,10,2,ace8a59de7ff, dd-cmd.1.siadexe6gunpbu5kwdau3g796, 16.20%, 98.39MiB / 3.703GiB, 2.59%, 227kB / 284kB, 1.84MB / 107GB
[2J[HOK,10,2,ace8a59de7ff, dd-cmd.1.siadexe6gunpbu5kwdau3g796, 16.20%, 98.39MiB / 3.703GiB, 2.59%, 227kB / 284kB, 1.84MB / 107GB
[2J[HOK,10,2,ace8a59de7ff, dd-cmd.1.siadexe6gunpbu5kwdau3g796, 18.80%, 98.42MiB / 3.703GiB, 2.60%, 227kB / 284kB, 1.84MB / 107GB
[2J[HOK,10,2,ace8a59de7ff, dd-cmd.1.siadexe6gunpbu5kwdau3g796, 18.80%, 98.42MiB / 3.703GiB, 2.60%, 227kB / 284kB, 1.84MB / 107GB
[2J[HOK,10,2,ace8a59de7ff, dd-cmd.1.siadexe6gunpbu5kwdau3g796, 15.05%, 98.54MiB / 3.703GiB, 2.60%, 227kB / 284kB, 1.84MB / 107GB
[2J[HOK,10,2,ace8a59de7ff, dd-cmd.1.siadexe6gunpbu5kwdau3g796, 15.05%, 98.54MiB / 3.703GiB, 2.60%, 227kB / 284kB, 1.84MB / 107GB
[2J[HOK,10,2,ace8a59de7ff, dd-cmd.1.siadexe6gunpbu5kwdau3g796, 17.06%, 98.54MiB / 3.703GiB, 2.60%, 227kB / 284kB, 1.84MB / 107GB
[2J[HOK,10,2,ace8a59de7ff, dd-cmd.1.siadexe6gunpbu5kwdau3g796, 17.06%, 98.54MiB / 3.703GiB, 2.60%, 227kB / 284kB, 1.84MB / 107GB
[2J[HOK,10,2,ace8a59de7ff, dd-cmd.1.siadexe6gunpbu5kwdau3g796, 17.47%, 98.67MiB / 3.703GiB, 2.60%, 227kB / 284kB, 1.84MB / 107GB
[2J[HOK,10,2,ace8a59de7ff, dd-cmd.1.siadexe6gunpbu5kwdau3g796, 17.47%, 98.67MiB / 3.703GiB, 2.60%, 227kB / 284kB, 1.84MB / 107GB
[2J[HOK,10,2,ace8a59de7ff, dd-cmd.1.siadexe6gunpbu5kwdau3g796, 21.59%, 98.61MiB / 3.703GiB, 2.60%, 227kB / 284kB, 1.84MB / 107GB
[2J[HOK,10,2,ace8a59de7ff, dd-cmd.1.siadexe6gunpbu5kwdau3g796, 21.59%, 98.61MiB / 3.703GiB, 2.60%, 227kB / 284kB, 1.84MB / 107GB
[2J[HOK,10,2,ace8a59de7ff, dd-cmd.1.siadexe6gunpbu5kwdau3g796, 14.93%, 98.78MiB / 3.703GiB, 2.61%, 227kB / 284kB, 1.84MB / 107GB
[2J[HOK,10,2,ace8a59de7ff, dd-cmd.1.siadexe6gunpbu5kwdau3g796, 14.93%, 98.78MiB / 3.703GiB, 2.61%, 227kB / 284kB, 1.84MB / 107GB
[2J[HOK,10,2,ace8a59de7ff, dd-cmd.1.siadexe6gunpbu5kwdau3g796, 27.44%, 98.76MiB / 3.703GiB, 2.60%, 227kB / 284kB, 1.84MB / 107GB
[2J[HOK,10,2,ace8a59de7ff, dd-cmd.1.siadexe6gunpbu5kwdau3g796, 27.44%, 98.76MiB / 3.703GiB, 2.60%, 227kB / 284kB, 1.84MB / 107GB
[2J[HOK,10,2,ace8a59de7ff, dd-cmd.1.siadexe6gunpbu5kwdau3g796, 14.90%, 98.85MiB / 3.703GiB, 2.61%, 227kB / 284kB, 1.84MB / 107GB
[2J[HOK,10,2,ace8a59de7ff, dd-cmd.1.siadexe6gunpbu5kwdau3g796, 14.90%, 98.85MiB / 3.703GiB, 2.61%, 227kB / 284kB, 1.84MB / 107GB
[2J[HOK,10,2,ace8a59de7ff, dd-cmd.1.siadexe6gunpbu5kwdau3g796, 26.05%, 98.76MiB / 3.703GiB, 2.60%, 227kB / 284kB, 1.84MB / 107GB
[2J[HOK,10,2,ace8a59de7ff, dd-cmd.1.siadexe6gunpbu5kwdau3g796, 26.05%, 98.76MiB / 3.703GiB, 2.60%, 227kB / 284kB, 1.84MB / 107GB
[2J[HOK,10,2,ace8a59de7ff, dd-cmd.1.siadexe6gunpbu5kwdau3g796, 13.80%, 98.66MiB / 3.703GiB, 2.60%, 227kB / 284kB, 1.84MB / 108GB
[2J[HOK,10,2,ace8a59de7ff, dd-cmd.1.siadexe6gunpbu5kwdau3g796, 13.80%, 98.66MiB / 3.703GiB, 2.60%, 227kB / 284kB, 1.84MB / 108GB
[2J[HOK,10,2,ace8a59de7ff, dd-cmd.1.siadexe6gunpbu5kwdau3g796, 19.70%, 98.88MiB / 3.703GiB, 2.61%, 228kB / 284kB, 1.84MB / 108GB
[2J[HOK,10,2,ace8a59de7ff, dd-cmd.1.siadexe6gunpbu5kwdau3g796, 19.70%, 98.88MiB / 3.703GiB, 2.61%, 228kB / 284kB, 1.84MB / 108GB
[2J[HOK,10,2,ace8a59de7ff, dd-cmd.1.siadexe6gunpbu5kwdau3g796, 15.29%, 99.02MiB / 3.703GiB, 2.61%, 228kB / 284kB, 1.84MB / 108GB
[2J[HOK,10,2,ace8a59de7ff, dd-cmd.1.siadexe6gunpbu5kwdau3g796, 15.29%, 99.02MiB / 3.703GiB, 2.61%, 228kB / 284kB, 1.84MB / 108GB
[2J[HOK,10,2,ace8a59de7ff, dd-cmd.1.siadexe6gunpbu5kwdau3g796, 15.29%, 99.02MiB / 3.703GiB, 2.61%, 228kB / 284kB, 1.84MB / 108GB
[2J[HOK,10,2,ace8a59de7ff, dd-cmd.1.siadexe6gunpbu5kwdau3g796, 16.33%, 99.01MiB / 3.703GiB, 2.61%, 228kB / 284kB, 1.84MB / 108GB
[2J[HOK,10,2,ace8a59de7ff, dd-cmd.1.siadexe6gunpbu5kwdau3g796, 16.33%, 99.01MiB / 3.703GiB, 2.61%, 228kB / 284kB, 1.84MB / 108GB
[2J[HOK,10,2,ace8a59de7ff, dd-cmd.1.siadexe6gunpbu5kwdau3g796, 20.25%, 99.27MiB / 3.703GiB, 2.62%, 228kB / 284kB, 1.84MB / 108GB
[2J[HOK,10,2,ace8a59de7ff, dd-cmd.1.siadexe6gunpbu5kwdau3g796, 20.25%, 99.27MiB / 3.703GiB, 2.62%, 228kB / 284kB, 1.84MB / 108GB
[2J[HOK,10,2,ace8a59de7ff, dd-cmd.1.siadexe6gunpbu5kwdau3g796, 14.95%, 99.16MiB / 3.703GiB, 2.62%, 228kB / 284kB, 1.84MB / 108GB
[2J[HOK,10,2,ace8a59de7ff, dd-cmd.1.siadexe6gunpbu5kwdau3g796, 14.95%, 99.16MiB / 3.703GiB, 2.62%, 228kB / 284kB, 1.84MB / 108GB
[2J[HOK,10,2,ace8a59de7ff, dd-cmd.1.siadexe6gunpbu5kwdau3g796, 24.32%, 99.32MiB / 3.703GiB, 2.62%, 228kB / 284kB, 1.84MB / 108GB
[2J[HOK,10,2,ace8a59de7ff, dd-cmd.1.siadexe6gunpbu5kwdau3g796, 24.32%, 99.32MiB / 3.703GiB, 2.62%, 228kB / 284kB, 1.84MB / 108GB
[2J[HOK,10,2,ace8a59de7ff, dd-cmd.1.siadexe6gunpbu5kwdau3g796, 18.15%, 99.23MiB / 3.703GiB, 2.62%, 228kB / 284kB, 1.84MB / 108GB
[2J[HOK,10,2,ace8a59de7ff, dd-cmd.1.siadexe6gunpbu5kwdau3g796, 18.15%, 99.23MiB / 3.703GiB, 2.62%, 228kB / 284kB, 1.84MB / 108GB
[2J[HOK,10,2,ace8a59de7ff, dd-cmd.1.siadexe6gunpbu5kwdau3g796, 22.14%, 99.16MiB / 3.703GiB, 2.62%, 228kB / 284kB, 1.84MB / 108GB
[2J[HOK,10,2,ace8a59de7ff, dd-cmd.1.siadexe6gunpbu5kwdau3g796, 22.14%, 99.16MiB / 3.703GiB, 2.62%, 228kB / 284kB, 1.84MB / 108GB
[2J[HOK,10,2,ace8a59de7ff, dd-cmd.1.siadexe6gunpbu5kwdau3g796, 17.56%, 99.37MiB / 3.703GiB, 2.62%, 228kB / 284kB, 1.84MB / 108GB
[2J[HOK,10,2,ace8a59de7ff, dd-cmd.1.siadexe6gunpbu5kwdau3g796, 17.56%, 99.37MiB / 3.703GiB, 2.62%, 228kB / 284kB, 1.84MB / 108GB
[2J[HOK,10,2,ace8a59de7ff, dd-cmd.1.siadexe6gunpbu5kwdau3g796, 19.62%, 99.33MiB / 3.703GiB, 2.62%, 228kB / 284kB, 1.84MB / 108GB
[2J[HOK,10,2,ace8a59de7ff, dd-cmd.1.siadexe6gunpbu5kwdau3g796, 19.62%, 99.33MiB / 3.703GiB, 2.62%, 228kB / 284kB, 1.84MB / 108GB
[2J[HOK,10,2,ace8a59de7ff, dd-cmd.1.siadexe6gunpbu5kwdau3g796, 15.30%, 99.32MiB / 3.703GiB, 2.62%, 228kB / 284kB, 1.84MB / 108GB
[2J[HOK,10,2,ace8a59de7ff, dd-cmd.1.siadexe6gunpbu5kwdau3g796, 15.30%, 99.32MiB / 3.703GiB, 2.62%, 228kB / 284kB, 1.84MB / 108GB
[2J[HOK,10,2,ace8a59de7ff, dd-cmd.1.siadexe6gunpbu5kwdau3g796, 16.78%, 99.32MiB / 3.703GiB, 2.62%, 228kB / 284kB, 1.84MB / 108GB
[2J[HOK,10,2,ace8a59de7ff, dd-cmd.1.siadexe6gunpbu5kwdau3g796, 16.78%, 99.32MiB / 3.703GiB, 2.62%, 228kB / 284kB, 1.84MB / 108GB
[2J[HOK,10,2,ace8a59de7ff, dd-cmd.1.siadexe6gunpbu5kwdau3g796, 18.42%, 99.45MiB / 3.703GiB, 2.62%, 228kB / 284kB, 1.84MB / 108GB
