[2J[HOK,13,2,bd50ebce6e18, matrix-multiplication-medium.1.hbd5mdx4uj9uofijykazv9wsj, 1.67%, 100.3MiB / 3.871GiB, 2.53%, 16.8MB / 895kB, 178MB / 584MB
[2J[HOK,13,2,bd50ebce6e18, matrix-multiplication-medium.1.hbd5mdx4uj9uofijykazv9wsj, 1.67%, 100.3MiB / 3.871GiB, 2.53%, 16.8MB / 895kB, 178MB / 584MB
[2J[HOK,13,2,bd50ebce6e18, matrix-multiplication-medium.1.hbd5mdx4uj9uofijykazv9wsj, 91.63%, 110.1MiB / 3.871GiB, 2.78%, 16.8MB / 895kB, 178MB / 584MB
[2J[HOK,13,2,bd50ebce6e18, matrix-multiplication-medium.1.hbd5mdx4uj9uofijykazv9wsj, 91.63%, 110.1MiB / 3.871GiB, 2.78%, 16.8MB / 895kB, 178MB / 584MB
[2J[HOK,13,2,bd50ebce6e18, matrix-multiplication-medium.1.hbd5mdx4uj9uofijykazv9wsj, 203.83%, 127.1MiB / 3.871GiB, 3.21%, 16.8MB / 895kB, 178MB / 584MB
[2J[HOK,13,2,bd50ebce6e18, matrix-multiplication-medium.1.hbd5mdx4uj9uofijykazv9wsj, 203.83%, 127.1MiB / 3.871GiB, 3.21%, 16.8MB / 895kB, 178MB / 584MB
[2J[HOK,13,2,bd50ebce6e18, matrix-multiplication-medium.1.hbd5mdx4uj9uofijykazv9wsj, 387.68%, 127.1MiB / 3.871GiB, 3.21%, 16.8MB / 895kB, 178MB / 584MB
[2J[HOK,13,2,bd50ebce6e18, matrix-multiplication-medium.1.hbd5mdx4uj9uofijykazv9wsj, 387.68%, 127.1MiB / 3.871GiB, 3.21%, 16.8MB / 895kB, 178MB / 584MB
[2J[HOK,13,2,bd50ebce6e18, matrix-multiplication-medium.1.hbd5mdx4uj9uofijykazv9wsj, 384.72%, 127.1MiB / 3.871GiB, 3.21%, 16.8MB / 895kB, 178MB / 584MB
[2J[HOK,13,2,bd50ebce6e18, matrix-multiplication-medium.1.hbd5mdx4uj9uofijykazv9wsj, 384.72%, 127.1MiB / 3.871GiB, 3.21%, 16.8MB / 895kB, 178MB / 584MB
[2J[HOK,13,2,bd50ebce6e18, matrix-multiplication-medium.1.hbd5mdx4uj9uofijykazv9wsj, 389.44%, 127.1MiB / 3.871GiB, 3.21%, 16.8MB / 895kB, 178MB / 584MB
[2J[HOK,13,2,bd50ebce6e18, matrix-multiplication-medium.1.hbd5mdx4uj9uofijykazv9wsj, 389.44%, 127.1MiB / 3.871GiB, 3.21%, 16.8MB / 895kB, 178MB / 584MB
[2J[HOK,13,2,bd50ebce6e18, matrix-multiplication-medium.1.hbd5mdx4uj9uofijykazv9wsj, 356.08%, 175.1MiB / 3.871GiB, 4.42%, 16.8MB / 897kB, 178MB / 585MB
[2J[HOK,13,2,bd50ebce6e18, matrix-multiplication-medium.1.hbd5mdx4uj9uofijykazv9wsj, 356.08%, 175.1MiB / 3.871GiB, 4.42%, 16.8MB / 897kB, 178MB / 585MB
[2J[HOK,13,2,bd50ebce6e18, matrix-multiplication-medium.1.hbd5mdx4uj9uofijykazv9wsj, 391.26%, 201.3MiB / 3.871GiB, 5.08%, 16.8MB / 897kB, 178MB / 585MB
[2J[HOK,13,2,bd50ebce6e18, matrix-multiplication-medium.1.hbd5mdx4uj9uofijykazv9wsj, 391.26%, 201.3MiB / 3.871GiB, 5.08%, 16.8MB / 897kB, 178MB / 585MB
[2J[HOK,13,2,bd50ebce6e18, matrix-multiplication-medium.1.hbd5mdx4uj9uofijykazv9wsj, 378.52%, 238.6MiB / 3.871GiB, 6.02%, 16.8MB / 897kB, 178MB / 585MB
[2J[HOK,13,2,bd50ebce6e18, matrix-multiplication-medium.1.hbd5mdx4uj9uofijykazv9wsj, 378.52%, 238.6MiB / 3.871GiB, 6.02%, 16.8MB / 897kB, 178MB / 585MB
[2J[HOK,13,2,bd50ebce6e18, matrix-multiplication-medium.1.hbd5mdx4uj9uofijykazv9wsj, 392.03%, 262.3MiB / 3.871GiB, 6.62%, 16.8MB / 897kB, 178MB / 585MB
[2J[HOK,13,2,bd50ebce6e18, matrix-multiplication-medium.1.hbd5mdx4uj9uofijykazv9wsj, 392.03%, 262.3MiB / 3.871GiB, 6.62%, 16.8MB / 897kB, 178MB / 585MB
[2J[HOK,13,2,bd50ebce6e18, matrix-multiplication-medium.1.hbd5mdx4uj9uofijykazv9wsj, 389.55%, 409.6MiB / 3.871GiB, 10.33%, 16.8MB / 897kB, 178MB / 585MB
[2J[HOK,13,2,bd50ebce6e18, matrix-multiplication-medium.1.hbd5mdx4uj9uofijykazv9wsj, 389.55%, 409.6MiB / 3.871GiB, 10.33%, 16.8MB / 897kB, 178MB / 585MB
[2J[HOK,13,2,bd50ebce6e18, matrix-multiplication-medium.1.hbd5mdx4uj9uofijykazv9wsj, 384.33%, 458.4MiB / 3.871GiB, 11.56%, 16.8MB / 897kB, 178MB / 585MB
[2J[HOK,13,2,bd50ebce6e18, matrix-multiplication-medium.1.hbd5mdx4uj9uofijykazv9wsj, 384.33%, 458.4MiB / 3.871GiB, 11.56%, 16.8MB / 897kB, 178MB / 585MB
[2J[HOK,13,2,bd50ebce6e18, matrix-multiplication-medium.1.hbd5mdx4uj9uofijykazv9wsj, 391.12%, 458.9MiB / 3.871GiB, 11.58%, 16.8MB / 897kB, 178MB / 585MB
[2J[HOK,13,2,bd50ebce6e18, matrix-multiplication-medium.1.hbd5mdx4uj9uofijykazv9wsj, 391.12%, 458.9MiB / 3.871GiB, 11.58%, 16.8MB / 897kB, 178MB / 585MB
[2J[HOK,13,2,bd50ebce6e18, matrix-multiplication-medium.1.hbd5mdx4uj9uofijykazv9wsj, 390.62%, 458.9MiB / 3.871GiB, 11.58%, 16.8MB / 897kB, 178MB / 585MB
[2J[HOK,13,2,bd50ebce6e18, matrix-multiplication-medium.1.hbd5mdx4uj9uofijykazv9wsj, 390.62%, 458.9MiB / 3.871GiB, 11.58%, 16.8MB / 897kB, 178MB / 585MB
[2J[HOK,13,2,bd50ebce6e18, matrix-multiplication-medium.1.hbd5mdx4uj9uofijykazv9wsj, 385.06%, 458.8MiB / 3.871GiB, 11.57%, 16.8MB / 897kB, 178MB / 585MB
[2J[HOK,13,2,bd50ebce6e18, matrix-multiplication-medium.1.hbd5mdx4uj9uofijykazv9wsj, 385.06%, 458.8MiB / 3.871GiB, 11.57%, 16.8MB / 897kB, 178MB / 585MB
[2J[HOK,13,2,bd50ebce6e18, matrix-multiplication-medium.1.hbd5mdx4uj9uofijykazv9wsj, 378.54%, 458.8MiB / 3.871GiB, 11.57%, 16.8MB / 897kB, 178MB / 585MB
[2J[HOK,13,2,bd50ebce6e18, matrix-multiplication-medium.1.hbd5mdx4uj9uofijykazv9wsj, 378.54%, 458.8MiB / 3.871GiB, 11.57%, 16.8MB / 897kB, 178MB / 585MB
[2J[HOK,13,2,bd50ebce6e18, matrix-multiplication-medium.1.hbd5mdx4uj9uofijykazv9wsj, 396.45%, 458.8MiB / 3.871GiB, 11.57%, 16.8MB / 897kB, 178MB / 585MB
[2J[HOK,13,2,bd50ebce6e18, matrix-multiplication-medium.1.hbd5mdx4uj9uofijykazv9wsj, 396.45%, 458.8MiB / 3.871GiB, 11.57%, 16.8MB / 897kB, 178MB / 585MB
[2J[HOK,13,2,bd50ebce6e18, matrix-multiplication-medium.1.hbd5mdx4uj9uofijykazv9wsj, 391.36%, 458.8MiB / 3.871GiB, 11.57%, 16.8MB / 897kB, 178MB / 585MB
[2J[HOK,13,2,bd50ebce6e18, matrix-multiplication-medium.1.hbd5mdx4uj9uofijykazv9wsj, 391.36%, 458.8MiB / 3.871GiB, 11.57%, 16.8MB / 897kB, 178MB / 585MB
[2J[HOK,13,2,bd50ebce6e18, matrix-multiplication-medium.1.hbd5mdx4uj9uofijykazv9wsj, 381.67%, 461.3MiB / 3.871GiB, 11.64%, 16.8MB / 897kB, 178MB / 585MB
[2J[HOK,13,2,bd50ebce6e18, matrix-multiplication-medium.1.hbd5mdx4uj9uofijykazv9wsj, 381.67%, 461.3MiB / 3.871GiB, 11.64%, 16.8MB / 897kB, 178MB / 585MB
[2J[HOK,13,2,bd50ebce6e18, matrix-multiplication-medium.1.hbd5mdx4uj9uofijykazv9wsj, 390.05%, 459MiB / 3.871GiB, 11.58%, 16.8MB / 897kB, 178MB / 585MB
[2J[HOK,13,2,bd50ebce6e18, matrix-multiplication-medium.1.hbd5mdx4uj9uofijykazv9wsj, 390.05%, 459MiB / 3.871GiB, 11.58%, 16.8MB / 897kB, 178MB / 585MB
[2J[HOK,13,2,bd50ebce6e18, matrix-multiplication-medium.1.hbd5mdx4uj9uofijykazv9wsj, 393.76%, 459MiB / 3.871GiB, 11.58%, 16.8MB / 897kB, 178MB / 585MB
[2J[HOK,13,2,bd50ebce6e18, matrix-multiplication-medium.1.hbd5mdx4uj9uofijykazv9wsj, 393.76%, 459MiB / 3.871GiB, 11.58%, 16.8MB / 897kB, 178MB / 585MB
[2J[HOK,13,2,bd50ebce6e18, matrix-multiplication-medium.1.hbd5mdx4uj9uofijykazv9wsj, 395.01%, 459MiB / 3.871GiB, 11.58%, 16.8MB / 898kB, 178MB / 585MB
[2J[HOK,13,2,bd50ebce6e18, matrix-multiplication-medium.1.hbd5mdx4uj9uofijykazv9wsj, 395.01%, 459MiB / 3.871GiB, 11.58%, 16.8MB / 898kB, 178MB / 585MB
[2J[HOK,13,2,bd50ebce6e18, matrix-multiplication-medium.1.hbd5mdx4uj9uofijykazv9wsj, 380.41%, 461.7MiB / 3.871GiB, 11.65%, 16.8MB / 898kB, 178MB / 585MB
[2J[HOK,13,2,bd50ebce6e18, matrix-multiplication-medium.1.hbd5mdx4uj9uofijykazv9wsj, 380.41%, 461.7MiB / 3.871GiB, 11.65%, 16.8MB / 898kB, 178MB / 585MB
[2J[HOK,13,2,bd50ebce6e18, matrix-multiplication-medium.1.hbd5mdx4uj9uofijykazv9wsj, 385.77%, 459MiB / 3.871GiB, 11.58%, 16.8MB / 898kB, 178MB / 585MB
[2J[HOK,13,2,bd50ebce6e18, matrix-multiplication-medium.1.hbd5mdx4uj9uofijykazv9wsj, 385.77%, 459MiB / 3.871GiB, 11.58%, 16.8MB / 898kB, 178MB / 585MB
[2J[HOK,13,2,bd50ebce6e18, matrix-multiplication-medium.1.hbd5mdx4uj9uofijykazv9wsj, 396.45%, 459MiB / 3.871GiB, 11.58%, 16.8MB / 898kB, 178MB / 585MB
[2J[HOK,13,2,bd50ebce6e18, matrix-multiplication-medium.1.hbd5mdx4uj9uofijykazv9wsj, 396.45%, 459MiB / 3.871GiB, 11.58%, 16.8MB / 898kB, 178MB / 585MB
[2J[HOK,13,2,bd50ebce6e18, matrix-multiplication-medium.1.hbd5mdx4uj9uofijykazv9wsj, 396.01%, 458.8MiB / 3.871GiB, 11.58%, 16.8MB / 898kB, 178MB / 585MB
[2J[HOK,13,2,bd50ebce6e18, matrix-multiplication-medium.1.hbd5mdx4uj9uofijykazv9wsj, 396.01%, 458.8MiB / 3.871GiB, 11.58%, 16.8MB / 898kB, 178MB / 585MB
[2J[HOK,13,2,bd50ebce6e18, matrix-multiplication-medium.1.hbd5mdx4uj9uofijykazv9wsj, 379.82%, 458.8MiB / 3.871GiB, 11.58%, 16.8MB / 898kB, 178MB / 585MB
[2J[HOK,13,2,bd50ebce6e18, matrix-multiplication-medium.1.hbd5mdx4uj9uofijykazv9wsj, 379.82%, 458.8MiB / 3.871GiB, 11.58%, 16.8MB / 898kB, 178MB / 585MB
[2J[HOK,13,2,bd50ebce6e18, matrix-multiplication-medium.1.hbd5mdx4uj9uofijykazv9wsj, 394.42%, 458.8MiB / 3.871GiB, 11.58%, 16.8MB / 898kB, 178MB / 585MB
[2J[HOK,13,2,bd50ebce6e18, matrix-multiplication-medium.1.hbd5mdx4uj9uofijykazv9wsj, 394.42%, 458.8MiB / 3.871GiB, 11.58%, 16.8MB / 898kB, 178MB / 585MB
[2J[HOK,13,2,bd50ebce6e18, matrix-multiplication-medium.1.hbd5mdx4uj9uofijykazv9wsj, 387.47%, 458.8MiB / 3.871GiB, 11.58%, 16.8MB / 898kB, 178MB / 585MB
[2J[HOK,13,2,bd50ebce6e18, matrix-multiplication-medium.1.hbd5mdx4uj9uofijykazv9wsj, 387.47%, 458.8MiB / 3.871GiB, 11.58%, 16.8MB / 898kB, 178MB / 585MB
[2J[HOK,13,2,bd50ebce6e18, matrix-multiplication-medium.1.hbd5mdx4uj9uofijykazv9wsj, 386.77%, 459.4MiB / 3.871GiB, 11.59%, 16.8MB / 898kB, 178MB / 585MB
[2J[HOK,13,2,bd50ebce6e18, matrix-multiplication-medium.1.hbd5mdx4uj9uofijykazv9wsj, 386.77%, 459.4MiB / 3.871GiB, 11.59%, 16.8MB / 898kB, 178MB / 585MB
[2J[HOK,13,2,bd50ebce6e18, matrix-multiplication-medium.1.hbd5mdx4uj9uofijykazv9wsj, 389.19%, 459.1MiB / 3.871GiB, 11.58%, 16.8MB / 898kB, 178MB / 585MB
[2J[HOK,13,2,bd50ebce6e18, matrix-multiplication-medium.1.hbd5mdx4uj9uofijykazv9wsj, 389.19%, 459.1MiB / 3.871GiB, 11.58%, 16.8MB / 898kB, 178MB / 585MB
[2J[HOK,13,2,bd50ebce6e18, matrix-multiplication-medium.1.hbd5mdx4uj9uofijykazv9wsj, 393.67%, 458.8MiB / 3.871GiB, 11.58%, 16.8MB / 898kB, 178MB / 585MB
[2J[HOK,13,2,bd50ebce6e18, matrix-multiplication-medium.1.hbd5mdx4uj9uofijykazv9wsj, 393.67%, 458.8MiB / 3.871GiB, 11.58%, 16.8MB / 898kB, 178MB / 585MB
[2J[HOK,13,2,bd50ebce6e18, matrix-multiplication-medium.1.hbd5mdx4uj9uofijykazv9wsj, 392.15%, 458.8MiB / 3.871GiB, 11.58%, 16.8MB / 898kB, 178MB / 585MB
[2J[HOK,13,2,bd50ebce6e18, matrix-multiplication-medium.1.hbd5mdx4uj9uofijykazv9wsj, 392.15%, 458.8MiB / 3.871GiB, 11.58%, 16.8MB / 898kB, 178MB / 585MB
[2J[HOK,13,2,bd50ebce6e18, matrix-multiplication-medium.1.hbd5mdx4uj9uofijykazv9wsj, 378.76%, 458.9MiB / 3.871GiB, 11.58%, 16.8MB / 898kB, 178MB / 585MB
[2J[HOK,13,2,bd50ebce6e18, matrix-multiplication-medium.1.hbd5mdx4uj9uofijykazv9wsj, 378.76%, 458.9MiB / 3.871GiB, 11.58%, 16.8MB / 898kB, 178MB / 585MB
[2J[HOK,13,2,bd50ebce6e18, matrix-multiplication-medium.1.hbd5mdx4uj9uofijykazv9wsj, 392.39%, 458.9MiB / 3.871GiB, 11.58%, 16.8MB / 898kB, 178MB / 585MB
[2J[HOK,13,2,bd50ebce6e18, matrix-multiplication-medium.1.hbd5mdx4uj9uofijykazv9wsj, 392.39%, 458.9MiB / 3.871GiB, 11.58%, 16.8MB / 898kB, 178MB / 585MB
[2J[HOK,13,2,bd50ebce6e18, matrix-multiplication-medium.1.hbd5mdx4uj9uofijykazv9wsj, 387.61%, 458.8MiB / 3.871GiB, 11.58%, 16.8MB / 898kB, 178MB / 585MB
[2J[HOK,13,2,bd50ebce6e18, matrix-multiplication-medium.1.hbd5mdx4uj9uofijykazv9wsj, 387.61%, 458.8MiB / 3.871GiB, 11.58%, 16.8MB / 898kB, 178MB / 585MB
[2J[HOK,13,2,bd50ebce6e18, matrix-multiplication-medium.1.hbd5mdx4uj9uofijykazv9wsj, 392.55%, 458.8MiB / 3.871GiB, 11.58%, 16.8MB / 898kB, 178MB / 585MB
[2J[HOK,13,2,bd50ebce6e18, matrix-multiplication-medium.1.hbd5mdx4uj9uofijykazv9wsj, 392.55%, 458.8MiB / 3.871GiB, 11.58%, 16.8MB / 898kB, 178MB / 585MB
[2J[HOK,13,2,bd50ebce6e18, matrix-multiplication-medium.1.hbd5mdx4uj9uofijykazv9wsj, 381.11%, 459MiB / 3.871GiB, 11.58%, 16.8MB / 898kB, 178MB / 585MB
[2J[HOK,13,2,bd50ebce6e18, matrix-multiplication-medium.1.hbd5mdx4uj9uofijykazv9wsj, 381.11%, 459MiB / 3.871GiB, 11.58%, 16.8MB / 898kB, 178MB / 585MB
[2J[HOK,13,2,bd50ebce6e18, matrix-multiplication-medium.1.hbd5mdx4uj9uofijykazv9wsj, 389.50%, 459MiB / 3.871GiB, 11.58%, 16.8MB / 898kB, 178MB / 585MB
[2J[HOK,13,2,bd50ebce6e18, matrix-multiplication-medium.1.hbd5mdx4uj9uofijykazv9wsj, 389.50%, 459MiB / 3.871GiB, 11.58%, 16.8MB / 898kB, 178MB / 585MB
[2J[HOK,13,2,bd50ebce6e18, matrix-multiplication-medium.1.hbd5mdx4uj9uofijykazv9wsj, 392.46%, 459MiB / 3.871GiB, 11.58%, 16.8MB / 898kB, 178MB / 585MB
[2J[HOK,13,2,bd50ebce6e18, matrix-multiplication-medium.1.hbd5mdx4uj9uofijykazv9wsj, 392.46%, 459MiB / 3.871GiB, 11.58%, 16.8MB / 898kB, 178MB / 585MB
[2J[HOK,13,2,bd50ebce6e18, matrix-multiplication-medium.1.hbd5mdx4uj9uofijykazv9wsj, 380.88%, 459.6MiB / 3.871GiB, 11.59%, 16.8MB / 898kB, 178MB / 585MB
[2J[HOK,13,2,bd50ebce6e18, matrix-multiplication-medium.1.hbd5mdx4uj9uofijykazv9wsj, 380.88%, 459.6MiB / 3.871GiB, 11.59%, 16.8MB / 898kB, 178MB / 585MB
[2J[HOK,13,2,bd50ebce6e18, matrix-multiplication-medium.1.hbd5mdx4uj9uofijykazv9wsj, 389.15%, 459.1MiB / 3.871GiB, 11.58%, 16.8MB / 899kB, 178MB / 585MB
[2J[HOK,13,2,bd50ebce6e18, matrix-multiplication-medium.1.hbd5mdx4uj9uofijykazv9wsj, 389.15%, 459.1MiB / 3.871GiB, 11.58%, 16.8MB / 899kB, 178MB / 585MB
[2J[HOK,13,2,bd50ebce6e18, matrix-multiplication-medium.1.hbd5mdx4uj9uofijykazv9wsj, 393.51%, 459MiB / 3.871GiB, 11.58%, 16.8MB / 899kB, 178MB / 585MB
[2J[HOK,13,2,bd50ebce6e18, matrix-multiplication-medium.1.hbd5mdx4uj9uofijykazv9wsj, 393.51%, 459MiB / 3.871GiB, 11.58%, 16.8MB / 899kB, 178MB / 585MB
[2J[HOK,13,2,bd50ebce6e18, matrix-multiplication-medium.1.hbd5mdx4uj9uofijykazv9wsj, 389.74%, 459MiB / 3.871GiB, 11.58%, 16.8MB / 899kB, 178MB / 585MB
[2J[HOK,13,2,bd50ebce6e18, matrix-multiplication-medium.1.hbd5mdx4uj9uofijykazv9wsj, 389.74%, 459MiB / 3.871GiB, 11.58%, 16.8MB / 899kB, 178MB / 585MB
[2J[HOK,13,2,bd50ebce6e18, matrix-multiplication-medium.1.hbd5mdx4uj9uofijykazv9wsj, 381.75%, 459MiB / 3.871GiB, 11.58%, 16.8MB / 899kB, 178MB / 585MB
[2J[HOK,13,2,bd50ebce6e18, matrix-multiplication-medium.1.hbd5mdx4uj9uofijykazv9wsj, 381.75%, 459MiB / 3.871GiB, 11.58%, 16.8MB / 899kB, 178MB / 585MB
[2J[HOK,13,2,bd50ebce6e18, matrix-multiplication-medium.1.hbd5mdx4uj9uofijykazv9wsj, 396.31%, 459MiB / 3.871GiB, 11.58%, 16.8MB / 899kB, 178MB / 585MB
[2J[HOK,13,2,bd50ebce6e18, matrix-multiplication-medium.1.hbd5mdx4uj9uofijykazv9wsj, 396.31%, 459MiB / 3.871GiB, 11.58%, 16.8MB / 899kB, 178MB / 585MB
[2J[HOK,13,2,bd50ebce6e18, matrix-multiplication-medium.1.hbd5mdx4uj9uofijykazv9wsj, 394.75%, 459MiB / 3.871GiB, 11.58%, 16.8MB / 899kB, 178MB / 585MB
[2J[HOK,13,2,bd50ebce6e18, matrix-multiplication-medium.1.hbd5mdx4uj9uofijykazv9wsj, 394.75%, 459MiB / 3.871GiB, 11.58%, 16.8MB / 899kB, 178MB / 585MB
[2J[HOK,13,2,bd50ebce6e18, matrix-multiplication-medium.1.hbd5mdx4uj9uofijykazv9wsj, 387.21%, 458.8MiB / 3.871GiB, 11.58%, 16.8MB / 899kB, 178MB / 585MB
[2J[HOK,13,2,bd50ebce6e18, matrix-multiplication-medium.1.hbd5mdx4uj9uofijykazv9wsj, 387.21%, 458.8MiB / 3.871GiB, 11.58%, 16.8MB / 899kB, 178MB / 585MB
[2J[HOK,13,2,bd50ebce6e18, matrix-multiplication-medium.1.hbd5mdx4uj9uofijykazv9wsj, 381.39%, 458.8MiB / 3.871GiB, 11.58%, 16.8MB / 899kB, 178MB / 585MB
[2J[HOK,13,2,bd50ebce6e18, matrix-multiplication-medium.1.hbd5mdx4uj9uofijykazv9wsj, 381.39%, 458.8MiB / 3.871GiB, 11.58%, 16.8MB / 899kB, 178MB / 585MB
[2J[HOK,13,2,bd50ebce6e18, matrix-multiplication-medium.1.hbd5mdx4uj9uofijykazv9wsj, 390.63%, 458.8MiB / 3.871GiB, 11.58%, 16.8MB / 899kB, 178MB / 585MB
[2J[HOK,13,2,bd50ebce6e18, matrix-multiplication-medium.1.hbd5mdx4uj9uofijykazv9wsj, 390.63%, 458.8MiB / 3.871GiB, 11.58%, 16.8MB / 899kB, 178MB / 585MB
[2J[HOK,13,2,bd50ebce6e18, matrix-multiplication-medium.1.hbd5mdx4uj9uofijykazv9wsj, 393.73%, 458.8MiB / 3.871GiB, 11.58%, 16.8MB / 899kB, 178MB / 585MB
[2J[HOK,13,2,bd50ebce6e18, matrix-multiplication-medium.1.hbd5mdx4uj9uofijykazv9wsj, 393.73%, 458.8MiB / 3.871GiB, 11.58%, 16.8MB / 899kB, 178MB / 585MB
[2J[HOK,13,2,bd50ebce6e18, matrix-multiplication-medium.1.hbd5mdx4uj9uofijykazv9wsj, 383.69%, 461.6MiB / 3.871GiB, 11.64%, 16.8MB / 899kB, 178MB / 585MB
[2J[HOK,13,2,bd50ebce6e18, matrix-multiplication-medium.1.hbd5mdx4uj9uofijykazv9wsj, 383.69%, 461.6MiB / 3.871GiB, 11.64%, 16.8MB / 899kB, 178MB / 585MB
[2J[HOK,13,2,bd50ebce6e18, matrix-multiplication-medium.1.hbd5mdx4uj9uofijykazv9wsj, 388.07%, 458.9MiB / 3.871GiB, 11.58%, 16.8MB / 899kB, 178MB / 585MB
[2J[HOK,13,2,bd50ebce6e18, matrix-multiplication-medium.1.hbd5mdx4uj9uofijykazv9wsj, 388.07%, 458.9MiB / 3.871GiB, 11.58%, 16.8MB / 899kB, 178MB / 585MB
[2J[HOK,13,2,bd50ebce6e18, matrix-multiplication-medium.1.hbd5mdx4uj9uofijykazv9wsj, 388.07%, 458.9MiB / 3.871GiB, 11.58%, 16.8MB / 899kB, 178MB / 585MB
[2J[HOK,13,2,bd50ebce6e18, matrix-multiplication-medium.1.hbd5mdx4uj9uofijykazv9wsj, 387.82%, 458.8MiB / 3.871GiB, 11.58%, 16.8MB / 899kB, 178MB / 585MB
[2J[HOK,13,2,bd50ebce6e18, matrix-multiplication-medium.1.hbd5mdx4uj9uofijykazv9wsj, 387.82%, 458.8MiB / 3.871GiB, 11.58%, 16.8MB / 899kB, 178MB / 585MB
[2J[HOK,13,2,bd50ebce6e18, matrix-multiplication-medium.1.hbd5mdx4uj9uofijykazv9wsj, 394.58%, 458.8MiB / 3.871GiB, 11.58%, 16.8MB / 899kB, 178MB / 585MB
[2J[HOK,13,2,bd50ebce6e18, matrix-multiplication-medium.1.hbd5mdx4uj9uofijykazv9wsj, 394.58%, 458.8MiB / 3.871GiB, 11.58%, 16.8MB / 899kB, 178MB / 585MB
[2J[HOK,13,2,bd50ebce6e18, matrix-multiplication-medium.1.hbd5mdx4uj9uofijykazv9wsj, 372.96%, 458.8MiB / 3.871GiB, 11.58%, 16.8MB / 899kB, 178MB / 585MB
[2J[HOK,13,2,bd50ebce6e18, matrix-multiplication-medium.1.hbd5mdx4uj9uofijykazv9wsj, 372.96%, 458.8MiB / 3.871GiB, 11.58%, 16.8MB / 899kB, 178MB / 585MB
[2J[HOK,13,2,bd50ebce6e18, matrix-multiplication-medium.1.hbd5mdx4uj9uofijykazv9wsj, 393.70%, 458.8MiB / 3.871GiB, 11.58%, 16.8MB / 899kB, 178MB / 585MB
[2J[HOK,13,2,bd50ebce6e18, matrix-multiplication-medium.1.hbd5mdx4uj9uofijykazv9wsj, 393.70%, 458.8MiB / 3.871GiB, 11.58%, 16.8MB / 899kB, 178MB / 585MB
[2J[HOK,13,2,bd50ebce6e18, matrix-multiplication-medium.1.hbd5mdx4uj9uofijykazv9wsj, 393.99%, 458.8MiB / 3.871GiB, 11.58%, 16.8MB / 899kB, 178MB / 585MB
[2J[HOK,13,2,bd50ebce6e18, matrix-multiplication-medium.1.hbd5mdx4uj9uofijykazv9wsj, 393.99%, 458.8MiB / 3.871GiB, 11.58%, 16.8MB / 899kB, 178MB / 585MB
[2J[HOK,13,2,bd50ebce6e18, matrix-multiplication-medium.1.hbd5mdx4uj9uofijykazv9wsj, 383.40%, 458.8MiB / 3.871GiB, 11.58%, 16.8MB / 899kB, 178MB / 585MB
[2J[HOK,13,2,bd50ebce6e18, matrix-multiplication-medium.1.hbd5mdx4uj9uofijykazv9wsj, 383.40%, 458.8MiB / 3.871GiB, 11.58%, 16.8MB / 899kB, 178MB / 585MB
[2J[HOK,13,2,bd50ebce6e18, matrix-multiplication-medium.1.hbd5mdx4uj9uofijykazv9wsj, 388.06%, 458.9MiB / 3.871GiB, 11.58%, 16.8MB / 899kB, 178MB / 585MB
[2J[HOK,13,2,bd50ebce6e18, matrix-multiplication-medium.1.hbd5mdx4uj9uofijykazv9wsj, 388.06%, 458.9MiB / 3.871GiB, 11.58%, 16.8MB / 899kB, 178MB / 585MB
[2J[HOK,13,2,bd50ebce6e18, matrix-multiplication-medium.1.hbd5mdx4uj9uofijykazv9wsj, 393.99%, 458.9MiB / 3.871GiB, 11.58%, 16.8MB / 899kB, 178MB / 585MB
[2J[HOK,13,2,bd50ebce6e18, matrix-multiplication-medium.1.hbd5mdx4uj9uofijykazv9wsj, 393.99%, 458.9MiB / 3.871GiB, 11.58%, 16.8MB / 899kB, 178MB / 585MB
[2J[HOK,13,2,bd50ebce6e18, matrix-multiplication-medium.1.hbd5mdx4uj9uofijykazv9wsj, 392.98%, 458.8MiB / 3.871GiB, 11.58%, 16.8MB / 899kB, 178MB / 585MB
[2J[HOK,13,2,bd50ebce6e18, matrix-multiplication-medium.1.hbd5mdx4uj9uofijykazv9wsj, 392.98%, 458.8MiB / 3.871GiB, 11.58%, 16.8MB / 899kB, 178MB / 585MB
[2J[HOK,13,2,bd50ebce6e18, matrix-multiplication-medium.1.hbd5mdx4uj9uofijykazv9wsj, 385.05%, 461.8MiB / 3.871GiB, 11.65%, 16.8MB / 899kB, 178MB / 585MB
[2J[HOK,13,2,bd50ebce6e18, matrix-multiplication-medium.1.hbd5mdx4uj9uofijykazv9wsj, 385.05%, 461.8MiB / 3.871GiB, 11.65%, 16.8MB / 899kB, 178MB / 585MB
[2J[HOK,13,2,bd50ebce6e18, matrix-multiplication-medium.1.hbd5mdx4uj9uofijykazv9wsj, 386.34%, 458.9MiB / 3.871GiB, 11.58%, 16.8MB / 899kB, 178MB / 585MB
[2J[HOK,13,2,bd50ebce6e18, matrix-multiplication-medium.1.hbd5mdx4uj9uofijykazv9wsj, 386.34%, 458.9MiB / 3.871GiB, 11.58%, 16.8MB / 899kB, 178MB / 585MB
[2J[HOK,13,2,bd50ebce6e18, matrix-multiplication-medium.1.hbd5mdx4uj9uofijykazv9wsj, 395.08%, 458.9MiB / 3.871GiB, 11.58%, 16.8MB / 899kB, 178MB / 585MB
[2J[HOK,13,2,bd50ebce6e18, matrix-multiplication-medium.1.hbd5mdx4uj9uofijykazv9wsj, 395.08%, 458.9MiB / 3.871GiB, 11.58%, 16.8MB / 899kB, 178MB / 585MB
[2J[HOK,13,2,bd50ebce6e18, matrix-multiplication-medium.1.hbd5mdx4uj9uofijykazv9wsj, 392.95%, 458.9MiB / 3.871GiB, 11.58%, 16.8MB / 899kB, 178MB / 585MB
[2J[HOK,13,2,bd50ebce6e18, matrix-multiplication-medium.1.hbd5mdx4uj9uofijykazv9wsj, 392.95%, 458.9MiB / 3.871GiB, 11.58%, 16.8MB / 899kB, 178MB / 585MB
[2J[HOK,13,2,bd50ebce6e18, matrix-multiplication-medium.1.hbd5mdx4uj9uofijykazv9wsj, 379.23%, 458.9MiB / 3.871GiB, 11.58%, 16.8MB / 900kB, 178MB / 585MB
[2J[HOK,13,2,bd50ebce6e18, matrix-multiplication-medium.1.hbd5mdx4uj9uofijykazv9wsj, 379.23%, 458.9MiB / 3.871GiB, 11.58%, 16.8MB / 900kB, 178MB / 585MB
[2J[HOK,13,2,bd50ebce6e18, matrix-multiplication-medium.1.hbd5mdx4uj9uofijykazv9wsj, 392.54%, 458.9MiB / 3.871GiB, 11.58%, 16.8MB / 900kB, 178MB / 585MB
[2J[HOK,13,2,bd50ebce6e18, matrix-multiplication-medium.1.hbd5mdx4uj9uofijykazv9wsj, 392.54%, 458.9MiB / 3.871GiB, 11.58%, 16.8MB / 900kB, 178MB / 585MB
[2J[HOK,13,2,bd50ebce6e18, matrix-multiplication-medium.1.hbd5mdx4uj9uofijykazv9wsj, 388.96%, 458.9MiB / 3.871GiB, 11.58%, 16.8MB / 900kB, 178MB / 585MB
[2J[HOK,13,2,bd50ebce6e18, matrix-multiplication-medium.1.hbd5mdx4uj9uofijykazv9wsj, 388.96%, 458.9MiB / 3.871GiB, 11.58%, 16.8MB / 900kB, 178MB / 585MB
[2J[HOK,13,2,bd50ebce6e18, matrix-multiplication-medium.1.hbd5mdx4uj9uofijykazv9wsj, 383.03%, 459MiB / 3.871GiB, 11.58%, 16.8MB / 900kB, 178MB / 585MB
[2J[HOK,13,2,bd50ebce6e18, matrix-multiplication-medium.1.hbd5mdx4uj9uofijykazv9wsj, 383.03%, 459MiB / 3.871GiB, 11.58%, 16.8MB / 900kB, 178MB / 585MB
[2J[HOK,13,2,bd50ebce6e18, matrix-multiplication-medium.1.hbd5mdx4uj9uofijykazv9wsj, 391.58%, 459MiB / 3.871GiB, 11.58%, 16.8MB / 900kB, 178MB / 585MB
[2J[HOK,13,2,bd50ebce6e18, matrix-multiplication-medium.1.hbd5mdx4uj9uofijykazv9wsj, 391.58%, 459MiB / 3.871GiB, 11.58%, 16.8MB / 900kB, 178MB / 585MB
[2J[HOK,13,2,bd50ebce6e18, matrix-multiplication-medium.1.hbd5mdx4uj9uofijykazv9wsj, 392.24%, 458.9MiB / 3.871GiB, 11.58%, 16.8MB / 900kB, 178MB / 585MB
[2J[HOK,13,2,bd50ebce6e18, matrix-multiplication-medium.1.hbd5mdx4uj9uofijykazv9wsj, 392.24%, 458.9MiB / 3.871GiB, 11.58%, 16.8MB / 900kB, 178MB / 585MB
[2J[HOK,13,2,bd50ebce6e18, matrix-multiplication-medium.1.hbd5mdx4uj9uofijykazv9wsj, 395.89%, 458.9MiB / 3.871GiB, 11.58%, 16.8MB / 900kB, 178MB / 585MB
[2J[HOK,13,2,bd50ebce6e18, matrix-multiplication-medium.1.hbd5mdx4uj9uofijykazv9wsj, 395.89%, 458.9MiB / 3.871GiB, 11.58%, 16.8MB / 900kB, 178MB / 585MB
[2J[HOK,13,2,bd50ebce6e18, matrix-multiplication-medium.1.hbd5mdx4uj9uofijykazv9wsj, 380.19%, 459.8MiB / 3.871GiB, 11.60%, 16.8MB / 900kB, 178MB / 585MB
[2J[HOK,13,2,bd50ebce6e18, matrix-multiplication-medium.1.hbd5mdx4uj9uofijykazv9wsj, 380.19%, 459.8MiB / 3.871GiB, 11.60%, 16.8MB / 900kB, 178MB / 585MB
[2J[HOK,13,2,bd50ebce6e18, matrix-multiplication-medium.1.hbd5mdx4uj9uofijykazv9wsj, 385.36%, 458.8MiB / 3.871GiB, 11.58%, 16.8MB / 900kB, 178MB / 585MB
[2J[HOK,13,2,bd50ebce6e18, matrix-multiplication-medium.1.hbd5mdx4uj9uofijykazv9wsj, 385.36%, 458.8MiB / 3.871GiB, 11.58%, 16.8MB / 900kB, 178MB / 585MB
[2J[HOK,13,2,bd50ebce6e18, matrix-multiplication-medium.1.hbd5mdx4uj9uofijykazv9wsj, 391.30%, 458.8MiB / 3.871GiB, 11.58%, 16.8MB / 900kB, 178MB / 585MB
[2J[HOK,13,2,bd50ebce6e18, matrix-multiplication-medium.1.hbd5mdx4uj9uofijykazv9wsj, 391.30%, 458.8MiB / 3.871GiB, 11.58%, 16.8MB / 900kB, 178MB / 585MB
[2J[HOK,13,2,bd50ebce6e18, matrix-multiplication-medium.1.hbd5mdx4uj9uofijykazv9wsj, 393.83%, 458.8MiB / 3.871GiB, 11.58%, 16.8MB / 900kB, 178MB / 585MB
[2J[HOK,13,2,bd50ebce6e18, matrix-multiplication-medium.1.hbd5mdx4uj9uofijykazv9wsj, 393.83%, 458.8MiB / 3.871GiB, 11.58%, 16.8MB / 900kB, 178MB / 585MB
[2J[HOK,13,2,bd50ebce6e18, matrix-multiplication-medium.1.hbd5mdx4uj9uofijykazv9wsj, 378.63%, 459MiB / 3.871GiB, 11.58%, 16.8MB / 900kB, 178MB / 585MB
[2J[HOK,13,2,bd50ebce6e18, matrix-multiplication-medium.1.hbd5mdx4uj9uofijykazv9wsj, 378.63%, 459MiB / 3.871GiB, 11.58%, 16.8MB / 900kB, 178MB / 585MB
[2J[HOK,13,2,bd50ebce6e18, matrix-multiplication-medium.1.hbd5mdx4uj9uofijykazv9wsj, 389.89%, 459MiB / 3.871GiB, 11.58%, 16.8MB / 900kB, 178MB / 585MB
[2J[HOK,13,2,bd50ebce6e18, matrix-multiplication-medium.1.hbd5mdx4uj9uofijykazv9wsj, 389.89%, 459MiB / 3.871GiB, 11.58%, 16.8MB / 900kB, 178MB / 585MB
[2J[HOK,13,2,bd50ebce6e18, matrix-multiplication-medium.1.hbd5mdx4uj9uofijykazv9wsj, 391.79%, 459MiB / 3.871GiB, 11.58%, 16.8MB / 900kB, 178MB / 585MB
[2J[HOK,13,2,bd50ebce6e18, matrix-multiplication-medium.1.hbd5mdx4uj9uofijykazv9wsj, 391.79%, 459MiB / 3.871GiB, 11.58%, 16.8MB / 900kB, 178MB / 585MB
[2J[HOK,13,2,bd50ebce6e18, matrix-multiplication-medium.1.hbd5mdx4uj9uofijykazv9wsj, 383.50%, 459.5MiB / 3.871GiB, 11.59%, 16.8MB / 901kB, 178MB / 585MB
[2J[HOK,13,2,bd50ebce6e18, matrix-multiplication-medium.1.hbd5mdx4uj9uofijykazv9wsj, 383.50%, 459.5MiB / 3.871GiB, 11.59%, 16.8MB / 901kB, 178MB / 585MB
[2J[HOK,13,2,bd50ebce6e18, matrix-multiplication-medium.1.hbd5mdx4uj9uofijykazv9wsj, 391.61%, 458.8MiB / 3.871GiB, 11.58%, 16.8MB / 901kB, 178MB / 585MB
[2J[HOK,13,2,bd50ebce6e18, matrix-multiplication-medium.1.hbd5mdx4uj9uofijykazv9wsj, 391.61%, 458.8MiB / 3.871GiB, 11.58%, 16.8MB / 901kB, 178MB / 585MB
[2J[HOK,13,2,bd50ebce6e18, matrix-multiplication-medium.1.hbd5mdx4uj9uofijykazv9wsj, 391.90%, 458.8MiB / 3.871GiB, 11.58%, 16.8MB / 901kB, 178MB / 585MB
[2J[HOK,13,2,bd50ebce6e18, matrix-multiplication-medium.1.hbd5mdx4uj9uofijykazv9wsj, 391.90%, 458.8MiB / 3.871GiB, 11.58%, 16.8MB / 901kB, 178MB / 585MB
[2J[HOK,13,2,bd50ebce6e18, matrix-multiplication-medium.1.hbd5mdx4uj9uofijykazv9wsj, 390.39%, 458.8MiB / 3.871GiB, 11.58%, 16.8MB / 901kB, 178MB / 585MB
[2J[HOK,13,2,bd50ebce6e18, matrix-multiplication-medium.1.hbd5mdx4uj9uofijykazv9wsj, 390.39%, 458.8MiB / 3.871GiB, 11.58%, 16.8MB / 901kB, 178MB / 585MB
[2J[HOK,13,2,bd50ebce6e18, matrix-multiplication-medium.1.hbd5mdx4uj9uofijykazv9wsj, 386.08%, 459.1MiB / 3.871GiB, 11.58%, 16.8MB / 901kB, 178MB / 585MB
[2J[HOK,13,2,bd50ebce6e18, matrix-multiplication-medium.1.hbd5mdx4uj9uofijykazv9wsj, 386.08%, 459.1MiB / 3.871GiB, 11.58%, 16.8MB / 901kB, 178MB / 585MB
[2J[HOK,13,2,bd50ebce6e18, matrix-multiplication-medium.1.hbd5mdx4uj9uofijykazv9wsj, 391.27%, 459MiB / 3.871GiB, 11.58%, 16.8MB / 901kB, 178MB / 585MB
[2J[HOK,13,2,bd50ebce6e18, matrix-multiplication-medium.1.hbd5mdx4uj9uofijykazv9wsj, 391.27%, 459MiB / 3.871GiB, 11.58%, 16.8MB / 901kB, 178MB / 585MB
[2J[HOK,13,2,bd50ebce6e18, matrix-multiplication-medium.1.hbd5mdx4uj9uofijykazv9wsj, 392.04%, 458.8MiB / 3.871GiB, 11.58%, 16.8MB / 901kB, 178MB / 585MB
[2J[HOK,13,2,bd50ebce6e18, matrix-multiplication-medium.1.hbd5mdx4uj9uofijykazv9wsj, 392.04%, 458.8MiB / 3.871GiB, 11.58%, 16.8MB / 901kB, 178MB / 585MB
[2J[HOK,13,2,bd50ebce6e18, matrix-multiplication-medium.1.hbd5mdx4uj9uofijykazv9wsj, 392.74%, 458.8MiB / 3.871GiB, 11.58%, 16.8MB / 901kB, 178MB / 585MB
[2J[HOK,13,2,bd50ebce6e18, matrix-multiplication-medium.1.hbd5mdx4uj9uofijykazv9wsj, 392.74%, 458.8MiB / 3.871GiB, 11.58%, 16.8MB / 901kB, 178MB / 585MB
[2J[HOK,13,2,bd50ebce6e18, matrix-multiplication-medium.1.hbd5mdx4uj9uofijykazv9wsj, 377.36%, 458.8MiB / 3.871GiB, 11.58%, 16.8MB / 901kB, 178MB / 585MB
[2J[HOK,13,2,bd50ebce6e18, matrix-multiplication-medium.1.hbd5mdx4uj9uofijykazv9wsj, 377.36%, 458.8MiB / 3.871GiB, 11.58%, 16.8MB / 901kB, 178MB / 585MB
[2J[HOK,13,2,bd50ebce6e18, matrix-multiplication-medium.1.hbd5mdx4uj9uofijykazv9wsj, 392.50%, 458.8MiB / 3.871GiB, 11.58%, 16.8MB / 901kB, 178MB / 585MB
[2J[HOK,13,2,bd50ebce6e18, matrix-multiplication-medium.1.hbd5mdx4uj9uofijykazv9wsj, 392.50%, 458.8MiB / 3.871GiB, 11.58%, 16.8MB / 901kB, 178MB / 585MB
[2J[HOK,13,2,bd50ebce6e18, matrix-multiplication-medium.1.hbd5mdx4uj9uofijykazv9wsj, 395.89%, 458.8MiB / 3.871GiB, 11.58%, 16.8MB / 901kB, 178MB / 585MB
[2J[HOK,13,2,bd50ebce6e18, matrix-multiplication-medium.1.hbd5mdx4uj9uofijykazv9wsj, 395.89%, 458.8MiB / 3.871GiB, 11.58%, 16.8MB / 901kB, 178MB / 585MB
[2J[HOK,13,2,bd50ebce6e18, matrix-multiplication-medium.1.hbd5mdx4uj9uofijykazv9wsj, 381.95%, 459.2MiB / 3.871GiB, 11.58%, 16.8MB / 901kB, 178MB / 585MB
[2J[HOK,13,2,bd50ebce6e18, matrix-multiplication-medium.1.hbd5mdx4uj9uofijykazv9wsj, 381.95%, 459.2MiB / 3.871GiB, 11.58%, 16.8MB / 901kB, 178MB / 585MB
[2J[HOK,13,2,bd50ebce6e18, matrix-multiplication-medium.1.hbd5mdx4uj9uofijykazv9wsj, 390.13%, 458.9MiB / 3.871GiB, 11.58%, 16.8MB / 901kB, 178MB / 585MB
[2J[HOK,13,2,bd50ebce6e18, matrix-multiplication-medium.1.hbd5mdx4uj9uofijykazv9wsj, 390.13%, 458.9MiB / 3.871GiB, 11.58%, 16.8MB / 901kB, 178MB / 585MB
[2J[HOK,13,2,bd50ebce6e18, matrix-multiplication-medium.1.hbd5mdx4uj9uofijykazv9wsj, 390.59%, 458.9MiB / 3.871GiB, 11.58%, 16.8MB / 901kB, 178MB / 585MB
[2J[HOK,13,2,bd50ebce6e18, matrix-multiplication-medium.1.hbd5mdx4uj9uofijykazv9wsj, 390.59%, 458.9MiB / 3.871GiB, 11.58%, 16.8MB / 901kB, 178MB / 585MB
[2J[HOK,13,2,bd50ebce6e18, matrix-multiplication-medium.1.hbd5mdx4uj9uofijykazv9wsj, 386.93%, 458.8MiB / 3.871GiB, 11.58%, 16.8MB / 901kB, 178MB / 585MB
[2J[HOK,13,2,bd50ebce6e18, matrix-multiplication-medium.1.hbd5mdx4uj9uofijykazv9wsj, 386.93%, 458.8MiB / 3.871GiB, 11.58%, 16.8MB / 901kB, 178MB / 585MB
[2J[HOK,13,2,bd50ebce6e18, matrix-multiplication-medium.1.hbd5mdx4uj9uofijykazv9wsj, 370.58%, 461.9MiB / 3.871GiB, 11.65%, 16.8MB / 902kB, 178MB / 585MB
[2J[HOK,13,2,bd50ebce6e18, matrix-multiplication-medium.1.hbd5mdx4uj9uofijykazv9wsj, 370.58%, 461.9MiB / 3.871GiB, 11.65%, 16.8MB / 902kB, 178MB / 585MB
[2J[HOK,13,2,bd50ebce6e18, matrix-multiplication-medium.1.hbd5mdx4uj9uofijykazv9wsj, 387.73%, 458.9MiB / 3.871GiB, 11.58%, 16.8MB / 902kB, 178MB / 585MB
[2J[HOK,13,2,bd50ebce6e18, matrix-multiplication-medium.1.hbd5mdx4uj9uofijykazv9wsj, 387.73%, 458.9MiB / 3.871GiB, 11.58%, 16.8MB / 902kB, 178MB / 585MB
[2J[HOK,13,2,bd50ebce6e18, matrix-multiplication-medium.1.hbd5mdx4uj9uofijykazv9wsj, 392.59%, 458.9MiB / 3.871GiB, 11.58%, 16.8MB / 902kB, 178MB / 585MB
[2J[HOK,13,2,bd50ebce6e18, matrix-multiplication-medium.1.hbd5mdx4uj9uofijykazv9wsj, 392.59%, 458.9MiB / 3.871GiB, 11.58%, 16.8MB / 902kB, 178MB / 585MB
[2J[HOK,13,2,bd50ebce6e18, matrix-multiplication-medium.1.hbd5mdx4uj9uofijykazv9wsj, 392.06%, 458.9MiB / 3.871GiB, 11.58%, 16.8MB / 902kB, 178MB / 585MB
[2J[HOK,13,2,bd50ebce6e18, matrix-multiplication-medium.1.hbd5mdx4uj9uofijykazv9wsj, 392.06%, 458.9MiB / 3.871GiB, 11.58%, 16.8MB / 902kB, 178MB / 585MB
[2J[HOK,13,2,bd50ebce6e18, matrix-multiplication-medium.1.hbd5mdx4uj9uofijykazv9wsj, 378.94%, 458.9MiB / 3.871GiB, 11.58%, 16.8MB / 902kB, 178MB / 585MB
[2J[HOK,13,2,bd50ebce6e18, matrix-multiplication-medium.1.hbd5mdx4uj9uofijykazv9wsj, 378.94%, 458.9MiB / 3.871GiB, 11.58%, 16.8MB / 902kB, 178MB / 585MB
[2J[HOK,13,2,bd50ebce6e18, matrix-multiplication-medium.1.hbd5mdx4uj9uofijykazv9wsj, 395.60%, 458.9MiB / 3.871GiB, 11.58%, 16.8MB / 902kB, 178MB / 585MB
[2J[HOK,13,2,bd50ebce6e18, matrix-multiplication-medium.1.hbd5mdx4uj9uofijykazv9wsj, 395.60%, 458.9MiB / 3.871GiB, 11.58%, 16.8MB / 902kB, 178MB / 585MB
[2J[HOK,13,2,bd50ebce6e18, matrix-multiplication-medium.1.hbd5mdx4uj9uofijykazv9wsj, 393.37%, 458.9MiB / 3.871GiB, 11.58%, 16.8MB / 902kB, 178MB / 585MB
[2J[HOK,13,2,bd50ebce6e18, matrix-multiplication-medium.1.hbd5mdx4uj9uofijykazv9wsj, 393.37%, 458.9MiB / 3.871GiB, 11.58%, 16.8MB / 902kB, 178MB / 585MB
[2J[HOK,13,2,bd50ebce6e18, matrix-multiplication-medium.1.hbd5mdx4uj9uofijykazv9wsj, 381.52%, 461.1MiB / 3.871GiB, 11.63%, 16.8MB / 902kB, 178MB / 585MB
[2J[HOK,13,2,bd50ebce6e18, matrix-multiplication-medium.1.hbd5mdx4uj9uofijykazv9wsj, 381.52%, 461.1MiB / 3.871GiB, 11.63%, 16.8MB / 902kB, 178MB / 585MB
[2J[HOK,13,2,bd50ebce6e18, matrix-multiplication-medium.1.hbd5mdx4uj9uofijykazv9wsj, 388.73%, 459MiB / 3.871GiB, 11.58%, 16.8MB / 902kB, 178MB / 585MB
[2J[HOK,13,2,bd50ebce6e18, matrix-multiplication-medium.1.hbd5mdx4uj9uofijykazv9wsj, 388.73%, 459MiB / 3.871GiB, 11.58%, 16.8MB / 902kB, 178MB / 585MB
[2J[HOK,13,2,bd50ebce6e18, matrix-multiplication-medium.1.hbd5mdx4uj9uofijykazv9wsj, 395.34%, 458.9MiB / 3.871GiB, 11.58%, 16.8MB / 902kB, 178MB / 585MB
[2J[HOK,13,2,bd50ebce6e18, matrix-multiplication-medium.1.hbd5mdx4uj9uofijykazv9wsj, 395.34%, 458.9MiB / 3.871GiB, 11.58%, 16.8MB / 902kB, 178MB / 585MB
[2J[HOK,13,2,bd50ebce6e18, matrix-multiplication-medium.1.hbd5mdx4uj9uofijykazv9wsj, 392.12%, 458.9MiB / 3.871GiB, 11.58%, 16.8MB / 902kB, 178MB / 585MB
[2J[HOK,13,2,bd50ebce6e18, matrix-multiplication-medium.1.hbd5mdx4uj9uofijykazv9wsj, 392.12%, 458.9MiB / 3.871GiB, 11.58%, 16.8MB / 902kB, 178MB / 585MB
[2J[HOK,13,2,bd50ebce6e18, matrix-multiplication-medium.1.hbd5mdx4uj9uofijykazv9wsj, 380.92%, 462MiB / 3.871GiB, 11.65%, 16.8MB / 902kB, 178MB / 585MB
[2J[HOK,13,2,bd50ebce6e18, matrix-multiplication-medium.1.hbd5mdx4uj9uofijykazv9wsj, 380.92%, 462MiB / 3.871GiB, 11.65%, 16.8MB / 902kB, 178MB / 585MB
[2J[HOK,13,2,bd50ebce6e18, matrix-multiplication-medium.1.hbd5mdx4uj9uofijykazv9wsj, 380.92%, 462MiB / 3.871GiB, 11.65%, 16.8MB / 902kB, 178MB / 585MB
[2J[HOK,13,2,bd50ebce6e18, matrix-multiplication-medium.1.hbd5mdx4uj9uofijykazv9wsj, 389.71%, 459MiB / 3.871GiB, 11.58%, 16.8MB / 902kB, 178MB / 585MB
[2J[HOK,13,2,bd50ebce6e18, matrix-multiplication-medium.1.hbd5mdx4uj9uofijykazv9wsj, 389.71%, 459MiB / 3.871GiB, 11.58%, 16.8MB / 902kB, 178MB / 585MB
[2J[HOK,13,2,bd50ebce6e18, matrix-multiplication-medium.1.hbd5mdx4uj9uofijykazv9wsj, 389.54%, 459MiB / 3.871GiB, 11.58%, 16.8MB / 902kB, 178MB / 585MB
[2J[HOK,13,2,bd50ebce6e18, matrix-multiplication-medium.1.hbd5mdx4uj9uofijykazv9wsj, 389.54%, 459MiB / 3.871GiB, 11.58%, 16.8MB / 902kB, 178MB / 585MB
[2J[HOK,13,2,bd50ebce6e18, matrix-multiplication-medium.1.hbd5mdx4uj9uofijykazv9wsj, 394.41%, 459MiB / 3.871GiB, 11.58%, 16.8MB / 902kB, 178MB / 585MB
[2J[HOK,13,2,bd50ebce6e18, matrix-multiplication-medium.1.hbd5mdx4uj9uofijykazv9wsj, 394.41%, 459MiB / 3.871GiB, 11.58%, 16.8MB / 902kB, 178MB / 585MB
[2J[HOK,13,2,bd50ebce6e18, matrix-multiplication-medium.1.hbd5mdx4uj9uofijykazv9wsj, 387.68%, 459.7MiB / 3.871GiB, 11.60%, 16.8MB / 903kB, 178MB / 585MB
[2J[HOK,13,2,bd50ebce6e18, matrix-multiplication-medium.1.hbd5mdx4uj9uofijykazv9wsj, 387.68%, 459.7MiB / 3.871GiB, 11.60%, 16.8MB / 903kB, 178MB / 585MB
[2J[HOK,13,2,bd50ebce6e18, matrix-multiplication-medium.1.hbd5mdx4uj9uofijykazv9wsj, 388.51%, 458.8MiB / 3.871GiB, 11.58%, 16.8MB / 903kB, 178MB / 585MB
[2J[HOK,13,2,bd50ebce6e18, matrix-multiplication-medium.1.hbd5mdx4uj9uofijykazv9wsj, 388.51%, 458.8MiB / 3.871GiB, 11.58%, 16.8MB / 903kB, 178MB / 585MB
[2J[HOK,13,2,bd50ebce6e18, matrix-multiplication-medium.1.hbd5mdx4uj9uofijykazv9wsj, 393.79%, 458.8MiB / 3.871GiB, 11.58%, 16.8MB / 903kB, 178MB / 585MB
[2J[HOK,13,2,bd50ebce6e18, matrix-multiplication-medium.1.hbd5mdx4uj9uofijykazv9wsj, 393.79%, 458.8MiB / 3.871GiB, 11.58%, 16.8MB / 903kB, 178MB / 585MB
[2J[HOK,13,2,bd50ebce6e18, matrix-multiplication-medium.1.hbd5mdx4uj9uofijykazv9wsj, 392.90%, 458.8MiB / 3.871GiB, 11.58%, 16.8MB / 903kB, 178MB / 585MB
[2J[HOK,13,2,bd50ebce6e18, matrix-multiplication-medium.1.hbd5mdx4uj9uofijykazv9wsj, 392.90%, 458.8MiB / 3.871GiB, 11.58%, 16.8MB / 903kB, 178MB / 585MB
[2J[HOK,13,2,bd50ebce6e18, matrix-multiplication-medium.1.hbd5mdx4uj9uofijykazv9wsj, 373.14%, 458.9MiB / 3.871GiB, 11.58%, 16.8MB / 903kB, 178MB / 585MB
[2J[HOK,13,2,bd50ebce6e18, matrix-multiplication-medium.1.hbd5mdx4uj9uofijykazv9wsj, 373.14%, 458.9MiB / 3.871GiB, 11.58%, 16.8MB / 903kB, 178MB / 585MB
[2J[HOK,13,2,bd50ebce6e18, matrix-multiplication-medium.1.hbd5mdx4uj9uofijykazv9wsj, 394.46%, 458.9MiB / 3.871GiB, 11.58%, 16.8MB / 903kB, 178MB / 585MB
[2J[HOK,13,2,bd50ebce6e18, matrix-multiplication-medium.1.hbd5mdx4uj9uofijykazv9wsj, 394.46%, 458.9MiB / 3.871GiB, 11.58%, 16.8MB / 903kB, 178MB / 585MB
[2J[HOK,13,2,bd50ebce6e18, matrix-multiplication-medium.1.hbd5mdx4uj9uofijykazv9wsj, 391.42%, 458.9MiB / 3.871GiB, 11.58%, 16.8MB / 903kB, 178MB / 585MB
[2J[HOK,13,2,bd50ebce6e18, matrix-multiplication-medium.1.hbd5mdx4uj9uofijykazv9wsj, 391.42%, 458.9MiB / 3.871GiB, 11.58%, 16.8MB / 903kB, 178MB / 585MB
[2J[HOK,13,2,bd50ebce6e18, matrix-multiplication-medium.1.hbd5mdx4uj9uofijykazv9wsj, 385.84%, 461.1MiB / 3.871GiB, 11.63%, 16.8MB / 903kB, 178MB / 585MB
[2J[HOK,13,2,bd50ebce6e18, matrix-multiplication-medium.1.hbd5mdx4uj9uofijykazv9wsj, 385.84%, 461.1MiB / 3.871GiB, 11.63%, 16.8MB / 903kB, 178MB / 585MB
[2J[HOK,13,2,bd50ebce6e18, matrix-multiplication-medium.1.hbd5mdx4uj9uofijykazv9wsj, 384.66%, 458.8MiB / 3.871GiB, 11.58%, 16.8MB / 903kB, 178MB / 585MB
[2J[HOK,13,2,bd50ebce6e18, matrix-multiplication-medium.1.hbd5mdx4uj9uofijykazv9wsj, 384.66%, 458.8MiB / 3.871GiB, 11.58%, 16.8MB / 903kB, 178MB / 585MB
[2J[HOK,13,2,bd50ebce6e18, matrix-multiplication-medium.1.hbd5mdx4uj9uofijykazv9wsj, 393.83%, 458.8MiB / 3.871GiB, 11.58%, 16.8MB / 903kB, 178MB / 585MB
[2J[HOK,13,2,bd50ebce6e18, matrix-multiplication-medium.1.hbd5mdx4uj9uofijykazv9wsj, 393.83%, 458.8MiB / 3.871GiB, 11.58%, 16.8MB / 903kB, 178MB / 585MB
[2J[HOK,13,2,bd50ebce6e18, matrix-multiplication-medium.1.hbd5mdx4uj9uofijykazv9wsj, 394.15%, 458.8MiB / 3.871GiB, 11.58%, 16.8MB / 903kB, 178MB / 585MB
[2J[HOK,13,2,bd50ebce6e18, matrix-multiplication-medium.1.hbd5mdx4uj9uofijykazv9wsj, 394.15%, 458.8MiB / 3.871GiB, 11.58%, 16.8MB / 903kB, 178MB / 585MB
[2J[HOK,13,2,bd50ebce6e18, matrix-multiplication-medium.1.hbd5mdx4uj9uofijykazv9wsj, 382.95%, 459.8MiB / 3.871GiB, 11.60%, 16.8MB / 903kB, 178MB / 585MB
[2J[HOK,13,2,bd50ebce6e18, matrix-multiplication-medium.1.hbd5mdx4uj9uofijykazv9wsj, 382.95%, 459.8MiB / 3.871GiB, 11.60%, 16.8MB / 903kB, 178MB / 585MB
[2J[HOK,13,2,bd50ebce6e18, matrix-multiplication-medium.1.hbd5mdx4uj9uofijykazv9wsj, 388.82%, 458.8MiB / 3.871GiB, 11.58%, 16.8MB / 903kB, 178MB / 585MB
[2J[HOK,13,2,bd50ebce6e18, matrix-multiplication-medium.1.hbd5mdx4uj9uofijykazv9wsj, 388.82%, 458.8MiB / 3.871GiB, 11.58%, 16.8MB / 903kB, 178MB / 585MB
[2J[HOK,13,2,bd50ebce6e18, matrix-multiplication-medium.1.hbd5mdx4uj9uofijykazv9wsj, 392.66%, 458.8MiB / 3.871GiB, 11.58%, 16.8MB / 903kB, 178MB / 585MB
[2J[HOK,13,2,bd50ebce6e18, matrix-multiplication-medium.1.hbd5mdx4uj9uofijykazv9wsj, 392.66%, 458.8MiB / 3.871GiB, 11.58%, 16.8MB / 903kB, 178MB / 585MB
[2J[HOK,13,2,bd50ebce6e18, matrix-multiplication-medium.1.hbd5mdx4uj9uofijykazv9wsj, 393.76%, 458.8MiB / 3.871GiB, 11.58%, 16.8MB / 903kB, 178MB / 585MB
[2J[HOK,13,2,bd50ebce6e18, matrix-multiplication-medium.1.hbd5mdx4uj9uofijykazv9wsj, 393.76%, 458.8MiB / 3.871GiB, 11.58%, 16.8MB / 903kB, 178MB / 585MB
[2J[HOK,13,2,bd50ebce6e18, matrix-multiplication-medium.1.hbd5mdx4uj9uofijykazv9wsj, 381.58%, 458.9MiB / 3.871GiB, 11.58%, 16.8MB / 904kB, 178MB / 585MB
[2J[HOK,13,2,bd50ebce6e18, matrix-multiplication-medium.1.hbd5mdx4uj9uofijykazv9wsj, 381.58%, 458.9MiB / 3.871GiB, 11.58%, 16.8MB / 904kB, 178MB / 585MB
[2J[HOK,13,2,bd50ebce6e18, matrix-multiplication-medium.1.hbd5mdx4uj9uofijykazv9wsj, 395.32%, 458.9MiB / 3.871GiB, 11.58%, 16.8MB / 904kB, 178MB / 585MB
[2J[HOK,13,2,bd50ebce6e18, matrix-multiplication-medium.1.hbd5mdx4uj9uofijykazv9wsj, 395.32%, 458.9MiB / 3.871GiB, 11.58%, 16.8MB / 904kB, 178MB / 585MB
[2J[HOK,13,2,bd50ebce6e18, matrix-multiplication-medium.1.hbd5mdx4uj9uofijykazv9wsj, 386.24%, 458.8MiB / 3.871GiB, 11.58%, 16.8MB / 904kB, 178MB / 585MB
[2J[HOK,13,2,bd50ebce6e18, matrix-multiplication-medium.1.hbd5mdx4uj9uofijykazv9wsj, 386.24%, 458.8MiB / 3.871GiB, 11.58%, 16.8MB / 904kB, 178MB / 585MB
[2J[HOK,13,2,bd50ebce6e18, matrix-multiplication-medium.1.hbd5mdx4uj9uofijykazv9wsj, 387.64%, 461.4MiB / 3.871GiB, 11.64%, 16.8MB / 904kB, 178MB / 585MB
[2J[HOK,13,2,bd50ebce6e18, matrix-multiplication-medium.1.hbd5mdx4uj9uofijykazv9wsj, 387.64%, 461.4MiB / 3.871GiB, 11.64%, 16.8MB / 904kB, 178MB / 585MB
[2J[HOK,13,2,bd50ebce6e18, matrix-multiplication-medium.1.hbd5mdx4uj9uofijykazv9wsj, 391.06%, 458.9MiB / 3.871GiB, 11.58%, 16.8MB / 904kB, 178MB / 585MB
[2J[HOK,13,2,bd50ebce6e18, matrix-multiplication-medium.1.hbd5mdx4uj9uofijykazv9wsj, 391.06%, 458.9MiB / 3.871GiB, 11.58%, 16.8MB / 904kB, 178MB / 585MB
[2J[HOK,13,2,bd50ebce6e18, matrix-multiplication-medium.1.hbd5mdx4uj9uofijykazv9wsj, 393.68%, 458.9MiB / 3.871GiB, 11.58%, 16.8MB / 904kB, 178MB / 585MB
[2J[HOK,13,2,bd50ebce6e18, matrix-multiplication-medium.1.hbd5mdx4uj9uofijykazv9wsj, 393.68%, 458.9MiB / 3.871GiB, 11.58%, 16.8MB / 904kB, 178MB / 585MB
[2J[HOK,13,2,bd50ebce6e18, matrix-multiplication-medium.1.hbd5mdx4uj9uofijykazv9wsj, 391.21%, 459.2MiB / 3.871GiB, 11.58%, 16.8MB / 904kB, 178MB / 585MB
[2J[HOK,13,2,bd50ebce6e18, matrix-multiplication-medium.1.hbd5mdx4uj9uofijykazv9wsj, 391.21%, 459.2MiB / 3.871GiB, 11.58%, 16.8MB / 904kB, 178MB / 585MB
[2J[HOK,13,2,bd50ebce6e18, matrix-multiplication-medium.1.hbd5mdx4uj9uofijykazv9wsj, 364.54%, 330.1MiB / 3.871GiB, 8.33%, 16.8MB / 905kB, 178MB / 586MB
[2J[HOK,13,2,bd50ebce6e18, matrix-multiplication-medium.1.hbd5mdx4uj9uofijykazv9wsj, 364.54%, 330.1MiB / 3.871GiB, 8.33%, 16.8MB / 905kB, 178MB / 586MB
[2J[HOK,13,2,bd50ebce6e18, matrix-multiplication-medium.1.hbd5mdx4uj9uofijykazv9wsj, 392.49%, 150.3MiB / 3.871GiB, 3.79%, 16.8MB / 908kB, 178MB / 586MB
[2J[HOK,13,2,bd50ebce6e18, matrix-multiplication-medium.1.hbd5mdx4uj9uofijykazv9wsj, 392.49%, 150.3MiB / 3.871GiB, 3.79%, 16.8MB / 908kB, 178MB / 586MB
[2J[HOK,13,2,bd50ebce6e18, matrix-multiplication-medium.1.hbd5mdx4uj9uofijykazv9wsj, 383.82%, 190.4MiB / 3.871GiB, 4.80%, 16.8MB / 908kB, 178MB / 586MB
[2J[HOK,13,2,bd50ebce6e18, matrix-multiplication-medium.1.hbd5mdx4uj9uofijykazv9wsj, 383.82%, 190.4MiB / 3.871GiB, 4.80%, 16.8MB / 908kB, 178MB / 586MB
[2J[HOK,13,2,bd50ebce6e18, matrix-multiplication-medium.1.hbd5mdx4uj9uofijykazv9wsj, 390.53%, 241MiB / 3.871GiB, 6.08%, 16.8MB / 908kB, 178MB / 586MB
[2J[HOK,13,2,bd50ebce6e18, matrix-multiplication-medium.1.hbd5mdx4uj9uofijykazv9wsj, 390.53%, 241MiB / 3.871GiB, 6.08%, 16.8MB / 908kB, 178MB / 586MB
[2J[HOK,13,2,bd50ebce6e18, matrix-multiplication-medium.1.hbd5mdx4uj9uofijykazv9wsj, 384.14%, 272MiB / 3.871GiB, 6.86%, 16.8MB / 908kB, 178MB / 586MB
[2J[HOK,13,2,bd50ebce6e18, matrix-multiplication-medium.1.hbd5mdx4uj9uofijykazv9wsj, 384.14%, 272MiB / 3.871GiB, 6.86%, 16.8MB / 908kB, 178MB / 586MB
[2J[HOK,13,2,bd50ebce6e18, matrix-multiplication-medium.1.hbd5mdx4uj9uofijykazv9wsj, 388.67%, 273MiB / 3.871GiB, 6.89%, 16.8MB / 908kB, 178MB / 586MB
[2J[HOK,13,2,bd50ebce6e18, matrix-multiplication-medium.1.hbd5mdx4uj9uofijykazv9wsj, 388.67%, 273MiB / 3.871GiB, 6.89%, 16.8MB / 908kB, 178MB / 586MB
[2J[HOK,13,2,bd50ebce6e18, matrix-multiplication-medium.1.hbd5mdx4uj9uofijykazv9wsj, 393.58%, 273MiB / 3.871GiB, 6.89%, 16.8MB / 908kB, 178MB / 586MB
[2J[HOK,13,2,bd50ebce6e18, matrix-multiplication-medium.1.hbd5mdx4uj9uofijykazv9wsj, 393.58%, 273MiB / 3.871GiB, 6.89%, 16.8MB / 908kB, 178MB / 586MB
[2J[HOK,13,2,bd50ebce6e18, matrix-multiplication-medium.1.hbd5mdx4uj9uofijykazv9wsj, 383.37%, 273MiB / 3.871GiB, 6.89%, 16.8MB / 908kB, 178MB / 586MB
[2J[HOK,13,2,bd50ebce6e18, matrix-multiplication-medium.1.hbd5mdx4uj9uofijykazv9wsj, 383.37%, 273MiB / 3.871GiB, 6.89%, 16.8MB / 908kB, 178MB / 586MB
[2J[HOK,13,2,bd50ebce6e18, matrix-multiplication-medium.1.hbd5mdx4uj9uofijykazv9wsj, 394.45%, 273MiB / 3.871GiB, 6.89%, 16.8MB / 908kB, 178MB / 586MB
[2J[HOK,13,2,bd50ebce6e18, matrix-multiplication-medium.1.hbd5mdx4uj9uofijykazv9wsj, 394.45%, 273MiB / 3.871GiB, 6.89%, 16.8MB / 908kB, 178MB / 586MB
[2J[HOK,13,2,bd50ebce6e18, matrix-multiplication-medium.1.hbd5mdx4uj9uofijykazv9wsj, 393.20%, 273MiB / 3.871GiB, 6.89%, 16.8MB / 908kB, 178MB / 586MB
[2J[HOK,13,2,bd50ebce6e18, matrix-multiplication-medium.1.hbd5mdx4uj9uofijykazv9wsj, 393.20%, 273MiB / 3.871GiB, 6.89%, 16.8MB / 908kB, 178MB / 586MB
[2J[HOK,13,2,bd50ebce6e18, matrix-multiplication-medium.1.hbd5mdx4uj9uofijykazv9wsj, 378.45%, 275.5MiB / 3.871GiB, 6.95%, 16.8MB / 908kB, 178MB / 586MB
[2J[HOK,13,2,bd50ebce6e18, matrix-multiplication-medium.1.hbd5mdx4uj9uofijykazv9wsj, 378.45%, 275.5MiB / 3.871GiB, 6.95%, 16.8MB / 908kB, 178MB / 586MB
[2J[HOK,13,2,bd50ebce6e18, matrix-multiplication-medium.1.hbd5mdx4uj9uofijykazv9wsj, 390.04%, 273MiB / 3.871GiB, 6.89%, 16.8MB / 908kB, 178MB / 586MB
[2J[HOK,13,2,bd50ebce6e18, matrix-multiplication-medium.1.hbd5mdx4uj9uofijykazv9wsj, 390.04%, 273MiB / 3.871GiB, 6.89%, 16.8MB / 908kB, 178MB / 586MB
[2J[HOK,13,2,bd50ebce6e18, matrix-multiplication-medium.1.hbd5mdx4uj9uofijykazv9wsj, 395.96%, 273MiB / 3.871GiB, 6.89%, 16.8MB / 908kB, 178MB / 586MB
[2J[HOK,13,2,bd50ebce6e18, matrix-multiplication-medium.1.hbd5mdx4uj9uofijykazv9wsj, 395.96%, 273MiB / 3.871GiB, 6.89%, 16.8MB / 908kB, 178MB / 586MB
[2J[HOK,13,2,bd50ebce6e18, matrix-multiplication-medium.1.hbd5mdx4uj9uofijykazv9wsj, 392.77%, 273MiB / 3.871GiB, 6.89%, 16.8MB / 908kB, 178MB / 586MB
[2J[HOK,13,2,bd50ebce6e18, matrix-multiplication-medium.1.hbd5mdx4uj9uofijykazv9wsj, 392.77%, 273MiB / 3.871GiB, 6.89%, 16.8MB / 908kB, 178MB / 586MB
[2J[HOK,13,2,bd50ebce6e18, matrix-multiplication-medium.1.hbd5mdx4uj9uofijykazv9wsj, 375.94%, 273MiB / 3.871GiB, 6.89%, 16.8MB / 908kB, 178MB / 586MB
[2J[HOK,13,2,bd50ebce6e18, matrix-multiplication-medium.1.hbd5mdx4uj9uofijykazv9wsj, 375.94%, 273MiB / 3.871GiB, 6.89%, 16.8MB / 908kB, 178MB / 586MB
[2J[HOK,13,2,bd50ebce6e18, matrix-multiplication-medium.1.hbd5mdx4uj9uofijykazv9wsj, 392.51%, 273MiB / 3.871GiB, 6.89%, 16.8MB / 909kB, 178MB / 586MB
[2J[HOK,13,2,bd50ebce6e18, matrix-multiplication-medium.1.hbd5mdx4uj9uofijykazv9wsj, 392.51%, 273MiB / 3.871GiB, 6.89%, 16.8MB / 909kB, 178MB / 586MB
[2J[HOK,13,2,bd50ebce6e18, matrix-multiplication-medium.1.hbd5mdx4uj9uofijykazv9wsj, 394.67%, 273MiB / 3.871GiB, 6.89%, 16.8MB / 909kB, 178MB / 586MB
[2J[HOK,13,2,bd50ebce6e18, matrix-multiplication-medium.1.hbd5mdx4uj9uofijykazv9wsj, 394.67%, 273MiB / 3.871GiB, 6.89%, 16.8MB / 909kB, 178MB / 586MB
[2J[HOK,13,2,bd50ebce6e18, matrix-multiplication-medium.1.hbd5mdx4uj9uofijykazv9wsj, 380.89%, 273.6MiB / 3.871GiB, 6.90%, 16.8MB / 909kB, 178MB / 586MB
[2J[HOK,13,2,bd50ebce6e18, matrix-multiplication-medium.1.hbd5mdx4uj9uofijykazv9wsj, 380.89%, 273.6MiB / 3.871GiB, 6.90%, 16.8MB / 909kB, 178MB / 586MB
[2J[HOK,13,2,bd50ebce6e18, matrix-multiplication-medium.1.hbd5mdx4uj9uofijykazv9wsj, 393.34%, 273.1MiB / 3.871GiB, 6.89%, 16.8MB / 909kB, 178MB / 586MB
[2J[HOK,13,2,bd50ebce6e18, matrix-multiplication-medium.1.hbd5mdx4uj9uofijykazv9wsj, 393.34%, 273.1MiB / 3.871GiB, 6.89%, 16.8MB / 909kB, 178MB / 586MB
[2J[HOK,13,2,bd50ebce6e18, matrix-multiplication-medium.1.hbd5mdx4uj9uofijykazv9wsj, 389.88%, 273MiB / 3.871GiB, 6.89%, 16.8MB / 909kB, 178MB / 586MB
[2J[HOK,13,2,bd50ebce6e18, matrix-multiplication-medium.1.hbd5mdx4uj9uofijykazv9wsj, 389.88%, 273MiB / 3.871GiB, 6.89%, 16.8MB / 909kB, 178MB / 586MB
[2J[HOK,13,2,bd50ebce6e18, matrix-multiplication-medium.1.hbd5mdx4uj9uofijykazv9wsj, 389.86%, 273MiB / 3.871GiB, 6.89%, 16.8MB / 909kB, 178MB / 586MB
[2J[HOK,13,2,bd50ebce6e18, matrix-multiplication-medium.1.hbd5mdx4uj9uofijykazv9wsj, 389.86%, 273MiB / 3.871GiB, 6.89%, 16.8MB / 909kB, 178MB / 586MB
[2J[HOK,13,2,bd50ebce6e18, matrix-multiplication-medium.1.hbd5mdx4uj9uofijykazv9wsj, 379.36%, 273.1MiB / 3.871GiB, 6.89%, 16.8MB / 909kB, 178MB / 586MB
[2J[HOK,13,2,bd50ebce6e18, matrix-multiplication-medium.1.hbd5mdx4uj9uofijykazv9wsj, 379.36%, 273.1MiB / 3.871GiB, 6.89%, 16.8MB / 909kB, 178MB / 586MB
[2J[HOK,13,2,bd50ebce6e18, matrix-multiplication-medium.1.hbd5mdx4uj9uofijykazv9wsj, 387.88%, 273MiB / 3.871GiB, 6.89%, 16.8MB / 909kB, 178MB / 586MB
[2J[HOK,13,2,bd50ebce6e18, matrix-multiplication-medium.1.hbd5mdx4uj9uofijykazv9wsj, 387.88%, 273MiB / 3.871GiB, 6.89%, 16.8MB / 909kB, 178MB / 586MB
[2J[HOK,13,2,bd50ebce6e18, matrix-multiplication-medium.1.hbd5mdx4uj9uofijykazv9wsj, 396.81%, 273MiB / 3.871GiB, 6.89%, 16.8MB / 909kB, 178MB / 586MB
[2J[HOK,13,2,bd50ebce6e18, matrix-multiplication-medium.1.hbd5mdx4uj9uofijykazv9wsj, 396.81%, 273MiB / 3.871GiB, 6.89%, 16.8MB / 909kB, 178MB / 586MB
[2J[HOK,13,2,bd50ebce6e18, matrix-multiplication-medium.1.hbd5mdx4uj9uofijykazv9wsj, 373.30%, 273.1MiB / 3.871GiB, 6.89%, 16.8MB / 909kB, 178MB / 586MB
[2J[HOK,13,2,bd50ebce6e18, matrix-multiplication-medium.1.hbd5mdx4uj9uofijykazv9wsj, 373.30%, 273.1MiB / 3.871GiB, 6.89%, 16.8MB / 909kB, 178MB / 586MB
[2J[HOK,13,2,bd50ebce6e18, matrix-multiplication-medium.1.hbd5mdx4uj9uofijykazv9wsj, 391.69%, 273.1MiB / 3.871GiB, 6.89%, 16.8MB / 909kB, 178MB / 586MB
[2J[HOK,13,2,bd50ebce6e18, matrix-multiplication-medium.1.hbd5mdx4uj9uofijykazv9wsj, 391.69%, 273.1MiB / 3.871GiB, 6.89%, 16.8MB / 909kB, 178MB / 586MB
[2J[HOK,13,2,bd50ebce6e18, matrix-multiplication-medium.1.hbd5mdx4uj9uofijykazv9wsj, 394.83%, 273MiB / 3.871GiB, 6.89%, 16.8MB / 909kB, 178MB / 586MB
[2J[HOK,13,2,bd50ebce6e18, matrix-multiplication-medium.1.hbd5mdx4uj9uofijykazv9wsj, 394.83%, 273MiB / 3.871GiB, 6.89%, 16.8MB / 909kB, 178MB / 586MB
[2J[HOK,13,2,bd50ebce6e18, matrix-multiplication-medium.1.hbd5mdx4uj9uofijykazv9wsj, 380.96%, 273MiB / 3.871GiB, 6.89%, 16.8MB / 909kB, 178MB / 586MB
[2J[HOK,13,2,bd50ebce6e18, matrix-multiplication-medium.1.hbd5mdx4uj9uofijykazv9wsj, 380.96%, 273MiB / 3.871GiB, 6.89%, 16.8MB / 909kB, 178MB / 586MB
[2J[HOK,13,2,bd50ebce6e18, matrix-multiplication-medium.1.hbd5mdx4uj9uofijykazv9wsj, 390.28%, 273MiB / 3.871GiB, 6.89%, 16.8MB / 909kB, 178MB / 586MB
[2J[HOK,13,2,bd50ebce6e18, matrix-multiplication-medium.1.hbd5mdx4uj9uofijykazv9wsj, 390.28%, 273MiB / 3.871GiB, 6.89%, 16.8MB / 909kB, 178MB / 586MB
[2J[HOK,13,2,bd50ebce6e18, matrix-multiplication-medium.1.hbd5mdx4uj9uofijykazv9wsj, 395.20%, 273MiB / 3.871GiB, 6.89%, 16.8MB / 909kB, 178MB / 586MB
[2J[HOK,13,2,bd50ebce6e18, matrix-multiplication-medium.1.hbd5mdx4uj9uofijykazv9wsj, 395.20%, 273MiB / 3.871GiB, 6.89%, 16.8MB / 909kB, 178MB / 586MB
[2J[HOK,13,2,bd50ebce6e18, matrix-multiplication-medium.1.hbd5mdx4uj9uofijykazv9wsj, 389.52%, 273MiB / 3.871GiB, 6.89%, 16.8MB / 910kB, 178MB / 586MB
[2J[HOK,13,2,bd50ebce6e18, matrix-multiplication-medium.1.hbd5mdx4uj9uofijykazv9wsj, 389.52%, 273MiB / 3.871GiB, 6.89%, 16.8MB / 910kB, 178MB / 586MB
[2J[HOK,13,2,bd50ebce6e18, matrix-multiplication-medium.1.hbd5mdx4uj9uofijykazv9wsj, 380.50%, 273.1MiB / 3.871GiB, 6.89%, 16.8MB / 910kB, 178MB / 586MB
[2J[HOK,13,2,bd50ebce6e18, matrix-multiplication-medium.1.hbd5mdx4uj9uofijykazv9wsj, 380.50%, 273.1MiB / 3.871GiB, 6.89%, 16.8MB / 910kB, 178MB / 586MB
[2J[HOK,13,2,bd50ebce6e18, matrix-multiplication-medium.1.hbd5mdx4uj9uofijykazv9wsj, 380.50%, 273.1MiB / 3.871GiB, 6.89%, 16.8MB / 910kB, 178MB / 586MB
[2J[HOK,13,2,bd50ebce6e18, matrix-multiplication-medium.1.hbd5mdx4uj9uofijykazv9wsj, 395.34%, 273MiB / 3.871GiB, 6.89%, 16.8MB / 910kB, 178MB / 586MB
[2J[HOK,13,2,bd50ebce6e18, matrix-multiplication-medium.1.hbd5mdx4uj9uofijykazv9wsj, 395.34%, 273MiB / 3.871GiB, 6.89%, 16.8MB / 910kB, 178MB / 586MB
[2J[HOK,13,2,bd50ebce6e18, matrix-multiplication-medium.1.hbd5mdx4uj9uofijykazv9wsj, 395.88%, 273MiB / 3.871GiB, 6.89%, 16.8MB / 910kB, 178MB / 586MB
[2J[HOK,13,2,bd50ebce6e18, matrix-multiplication-medium.1.hbd5mdx4uj9uofijykazv9wsj, 395.88%, 273MiB / 3.871GiB, 6.89%, 16.8MB / 910kB, 178MB / 586MB
[2J[HOK,13,2,bd50ebce6e18, matrix-multiplication-medium.1.hbd5mdx4uj9uofijykazv9wsj, 381.98%, 273.7MiB / 3.871GiB, 6.90%, 16.8MB / 910kB, 178MB / 586MB
[2J[HOK,13,2,bd50ebce6e18, matrix-multiplication-medium.1.hbd5mdx4uj9uofijykazv9wsj, 381.98%, 273.7MiB / 3.871GiB, 6.90%, 16.8MB / 910kB, 178MB / 586MB
[2J[HOK,13,2,bd50ebce6e18, matrix-multiplication-medium.1.hbd5mdx4uj9uofijykazv9wsj, 386.54%, 273MiB / 3.871GiB, 6.89%, 16.8MB / 910kB, 178MB / 586MB
[2J[HOK,13,2,bd50ebce6e18, matrix-multiplication-medium.1.hbd5mdx4uj9uofijykazv9wsj, 386.54%, 273MiB / 3.871GiB, 6.89%, 16.8MB / 910kB, 178MB / 586MB
[2J[HOK,13,2,bd50ebce6e18, matrix-multiplication-medium.1.hbd5mdx4uj9uofijykazv9wsj, 393.28%, 273MiB / 3.871GiB, 6.89%, 16.8MB / 910kB, 178MB / 586MB
[2J[HOK,13,2,bd50ebce6e18, matrix-multiplication-medium.1.hbd5mdx4uj9uofijykazv9wsj, 393.28%, 273MiB / 3.871GiB, 6.89%, 16.8MB / 910kB, 178MB / 586MB
[2J[HOK,13,2,bd50ebce6e18, matrix-multiplication-medium.1.hbd5mdx4uj9uofijykazv9wsj, 396.26%, 273MiB / 3.871GiB, 6.89%, 16.8MB / 910kB, 178MB / 586MB
[2J[HOK,13,2,bd50ebce6e18, matrix-multiplication-medium.1.hbd5mdx4uj9uofijykazv9wsj, 396.26%, 273MiB / 3.871GiB, 6.89%, 16.8MB / 910kB, 178MB / 586MB
[2J[HOK,13,2,bd50ebce6e18, matrix-multiplication-medium.1.hbd5mdx4uj9uofijykazv9wsj, 375.29%, 273MiB / 3.871GiB, 6.89%, 16.8MB / 910kB, 178MB / 586MB
[2J[HOK,13,2,bd50ebce6e18, matrix-multiplication-medium.1.hbd5mdx4uj9uofijykazv9wsj, 375.29%, 273MiB / 3.871GiB, 6.89%, 16.8MB / 910kB, 178MB / 586MB
[2J[HOK,13,2,bd50ebce6e18, matrix-multiplication-medium.1.hbd5mdx4uj9uofijykazv9wsj, 395.38%, 273MiB / 3.871GiB, 6.89%, 16.8MB / 910kB, 178MB / 586MB
[2J[HOK,13,2,bd50ebce6e18, matrix-multiplication-medium.1.hbd5mdx4uj9uofijykazv9wsj, 395.38%, 273MiB / 3.871GiB, 6.89%, 16.8MB / 910kB, 178MB / 586MB
[2J[HOK,13,2,bd50ebce6e18, matrix-multiplication-medium.1.hbd5mdx4uj9uofijykazv9wsj, 387.71%, 273MiB / 3.871GiB, 6.89%, 16.8MB / 910kB, 178MB / 586MB
[2J[HOK,13,2,bd50ebce6e18, matrix-multiplication-medium.1.hbd5mdx4uj9uofijykazv9wsj, 387.71%, 273MiB / 3.871GiB, 6.89%, 16.8MB / 910kB, 178MB / 586MB
[2J[HOK,13,2,bd50ebce6e18, matrix-multiplication-medium.1.hbd5mdx4uj9uofijykazv9wsj, 383.72%, 275.8MiB / 3.871GiB, 6.96%, 16.8MB / 910kB, 178MB / 586MB
[2J[HOK,13,2,bd50ebce6e18, matrix-multiplication-medium.1.hbd5mdx4uj9uofijykazv9wsj, 383.72%, 275.8MiB / 3.871GiB, 6.96%, 16.8MB / 910kB, 178MB / 586MB
[2J[HOK,13,2,bd50ebce6e18, matrix-multiplication-medium.1.hbd5mdx4uj9uofijykazv9wsj, 384.37%, 273MiB / 3.871GiB, 6.89%, 16.8MB / 910kB, 178MB / 586MB
[2J[HOK,13,2,bd50ebce6e18, matrix-multiplication-medium.1.hbd5mdx4uj9uofijykazv9wsj, 384.37%, 273MiB / 3.871GiB, 6.89%, 16.8MB / 910kB, 178MB / 586MB
[2J[HOK,13,2,bd50ebce6e18, matrix-multiplication-medium.1.hbd5mdx4uj9uofijykazv9wsj, 392.95%, 273MiB / 3.871GiB, 6.89%, 16.8MB / 910kB, 178MB / 586MB
[2J[HOK,13,2,bd50ebce6e18, matrix-multiplication-medium.1.hbd5mdx4uj9uofijykazv9wsj, 392.95%, 273MiB / 3.871GiB, 6.89%, 16.8MB / 910kB, 178MB / 586MB
[2J[HOK,13,2,bd50ebce6e18, matrix-multiplication-medium.1.hbd5mdx4uj9uofijykazv9wsj, 393.31%, 273MiB / 3.871GiB, 6.89%, 16.8MB / 910kB, 178MB / 586MB
[2J[HOK,13,2,bd50ebce6e18, matrix-multiplication-medium.1.hbd5mdx4uj9uofijykazv9wsj, 393.31%, 273MiB / 3.871GiB, 6.89%, 16.8MB / 910kB, 178MB / 586MB
[2J[HOK,13,2,bd50ebce6e18, matrix-multiplication-medium.1.hbd5mdx4uj9uofijykazv9wsj, 380.18%, 273MiB / 3.871GiB, 6.89%, 16.8MB / 911kB, 178MB / 586MB
[2J[HOK,13,2,bd50ebce6e18, matrix-multiplication-medium.1.hbd5mdx4uj9uofijykazv9wsj, 380.18%, 273MiB / 3.871GiB, 6.89%, 16.8MB / 911kB, 178MB / 586MB
[2J[HOK,13,2,bd50ebce6e18, matrix-multiplication-medium.1.hbd5mdx4uj9uofijykazv9wsj, 393.25%, 273MiB / 3.871GiB, 6.89%, 16.8MB / 911kB, 178MB / 586MB
[2J[HOK,13,2,bd50ebce6e18, matrix-multiplication-medium.1.hbd5mdx4uj9uofijykazv9wsj, 393.25%, 273MiB / 3.871GiB, 6.89%, 16.8MB / 911kB, 178MB / 586MB
[2J[HOK,13,2,bd50ebce6e18, matrix-multiplication-medium.1.hbd5mdx4uj9uofijykazv9wsj, 394.91%, 273MiB / 3.871GiB, 6.89%, 16.8MB / 911kB, 178MB / 586MB
[2J[HOK,13,2,bd50ebce6e18, matrix-multiplication-medium.1.hbd5mdx4uj9uofijykazv9wsj, 394.91%, 273MiB / 3.871GiB, 6.89%, 16.8MB / 911kB, 178MB / 586MB
[2J[HOK,13,2,bd50ebce6e18, matrix-multiplication-medium.1.hbd5mdx4uj9uofijykazv9wsj, 381.30%, 273MiB / 3.871GiB, 6.89%, 16.8MB / 911kB, 178MB / 586MB
[2J[HOK,13,2,bd50ebce6e18, matrix-multiplication-medium.1.hbd5mdx4uj9uofijykazv9wsj, 381.30%, 273MiB / 3.871GiB, 6.89%, 16.8MB / 911kB, 178MB / 586MB
[2J[HOK,13,2,bd50ebce6e18, matrix-multiplication-medium.1.hbd5mdx4uj9uofijykazv9wsj, 397.32%, 273MiB / 3.871GiB, 6.89%, 16.8MB / 911kB, 178MB / 586MB
[2J[HOK,13,2,bd50ebce6e18, matrix-multiplication-medium.1.hbd5mdx4uj9uofijykazv9wsj, 397.32%, 273MiB / 3.871GiB, 6.89%, 16.8MB / 911kB, 178MB / 586MB
[2J[HOK,13,2,bd50ebce6e18, matrix-multiplication-medium.1.hbd5mdx4uj9uofijykazv9wsj, 384.69%, 273MiB / 3.871GiB, 6.89%, 16.9MB / 911kB, 178MB / 586MB
[2J[HOK,13,2,bd50ebce6e18, matrix-multiplication-medium.1.hbd5mdx4uj9uofijykazv9wsj, 384.69%, 273MiB / 3.871GiB, 6.89%, 16.9MB / 911kB, 178MB / 586MB
[2J[HOK,13,2,bd50ebce6e18, matrix-multiplication-medium.1.hbd5mdx4uj9uofijykazv9wsj, 392.71%, 273MiB / 3.871GiB, 6.89%, 16.9MB / 911kB, 178MB / 586MB
[2J[HOK,13,2,bd50ebce6e18, matrix-multiplication-medium.1.hbd5mdx4uj9uofijykazv9wsj, 392.71%, 273MiB / 3.871GiB, 6.89%, 16.9MB / 911kB, 178MB / 586MB
[2J[HOK,13,2,bd50ebce6e18, matrix-multiplication-medium.1.hbd5mdx4uj9uofijykazv9wsj, 382.74%, 273MiB / 3.871GiB, 6.89%, 16.9MB / 911kB, 178MB / 586MB
[2J[HOK,13,2,bd50ebce6e18, matrix-multiplication-medium.1.hbd5mdx4uj9uofijykazv9wsj, 382.74%, 273MiB / 3.871GiB, 6.89%, 16.9MB / 911kB, 178MB / 586MB
[2J[HOK,13,2,bd50ebce6e18, matrix-multiplication-medium.1.hbd5mdx4uj9uofijykazv9wsj, 395.19%, 273MiB / 3.871GiB, 6.89%, 16.9MB / 911kB, 178MB / 586MB
[2J[HOK,13,2,bd50ebce6e18, matrix-multiplication-medium.1.hbd5mdx4uj9uofijykazv9wsj, 395.19%, 273MiB / 3.871GiB, 6.89%, 16.9MB / 911kB, 178MB / 586MB
[2J[HOK,13,2,bd50ebce6e18, matrix-multiplication-medium.1.hbd5mdx4uj9uofijykazv9wsj, 392.44%, 273MiB / 3.871GiB, 6.89%, 16.9MB / 911kB, 178MB / 586MB
[2J[HOK,13,2,bd50ebce6e18, matrix-multiplication-medium.1.hbd5mdx4uj9uofijykazv9wsj, 392.44%, 273MiB / 3.871GiB, 6.89%, 16.9MB / 911kB, 178MB / 586MB
[2J[HOK,13,2,bd50ebce6e18, matrix-multiplication-medium.1.hbd5mdx4uj9uofijykazv9wsj, 378.87%, 273.1MiB / 3.871GiB, 6.89%, 16.9MB / 911kB, 178MB / 586MB
[2J[HOK,13,2,bd50ebce6e18, matrix-multiplication-medium.1.hbd5mdx4uj9uofijykazv9wsj, 378.87%, 273.1MiB / 3.871GiB, 6.89%, 16.9MB / 911kB, 178MB / 586MB
[2J[HOK,13,2,bd50ebce6e18, matrix-multiplication-medium.1.hbd5mdx4uj9uofijykazv9wsj, 392.88%, 273.1MiB / 3.871GiB, 6.89%, 16.9MB / 911kB, 178MB / 586MB
[2J[HOK,13,2,bd50ebce6e18, matrix-multiplication-medium.1.hbd5mdx4uj9uofijykazv9wsj, 392.88%, 273.1MiB / 3.871GiB, 6.89%, 16.9MB / 911kB, 178MB / 586MB
[2J[HOK,13,2,bd50ebce6e18, matrix-multiplication-medium.1.hbd5mdx4uj9uofijykazv9wsj, 397.61%, 273.1MiB / 3.871GiB, 6.89%, 16.9MB / 911kB, 178MB / 586MB
[2J[HOK,13,2,bd50ebce6e18, matrix-multiplication-medium.1.hbd5mdx4uj9uofijykazv9wsj, 397.61%, 273.1MiB / 3.871GiB, 6.89%, 16.9MB / 911kB, 178MB / 586MB
