[2J[HOK,6,3,429e8e20b14c, floating-point-operation-sine.1.gy1xmc1gob2fuuy0ij7n7tt6w, 24.20%, 24.35MiB / 3.703GiB, 0.64%, 580kB / 589kB, 61.4kB / 0B
[2J[HOK,6,3,429e8e20b14c, floating-point-operation-sine.1.gy1xmc1gob2fuuy0ij7n7tt6w, 24.20%, 24.35MiB / 3.703GiB, 0.64%, 580kB / 589kB, 61.4kB / 0B
[2J[HOK,6,3,429e8e20b14c, floating-point-operation-sine.1.gy1xmc1gob2fuuy0ij7n7tt6w, 99.93%, 24.35MiB / 3.703GiB, 0.64%, 580kB / 589kB, 61.4kB / 0B
[2J[HOK,6,3,429e8e20b14c, floating-point-operation-sine.1.gy1xmc1gob2fuuy0ij7n7tt6w, 99.93%, 24.35MiB / 3.703GiB, 0.64%, 580kB / 589kB, 61.4kB / 0B
[2J[HOK,6,3,429e8e20b14c, floating-point-operation-sine.1.gy1xmc1gob2fuuy0ij7n7tt6w, 100.23%, 24.35MiB / 3.703GiB, 0.64%, 580kB / 590kB, 61.4kB / 0B
[2J[HOK,6,3,429e8e20b14c, floating-point-operation-sine.1.gy1xmc1gob2fuuy0ij7n7tt6w, 100.23%, 24.35MiB / 3.703GiB, 0.64%, 580kB / 590kB, 61.4kB / 0B
[2J[HOK,6,3,429e8e20b14c, floating-point-operation-sine.1.gy1xmc1gob2fuuy0ij7n7tt6w, 104.46%, 24.38MiB / 3.703GiB, 0.64%, 580kB / 590kB, 61.4kB / 0B
[2J[HOK,6,3,429e8e20b14c, floating-point-operation-sine.1.gy1xmc1gob2fuuy0ij7n7tt6w, 104.46%, 24.38MiB / 3.703GiB, 0.64%, 580kB / 590kB, 61.4kB / 0B
[2J[HOK,6,3,429e8e20b14c, floating-point-operation-sine.1.gy1xmc1gob2fuuy0ij7n7tt6w, 100.14%, 24.38MiB / 3.703GiB, 0.64%, 580kB / 590kB, 61.4kB / 0B
[2J[HOK,6,3,429e8e20b14c, floating-point-operation-sine.1.gy1xmc1gob2fuuy0ij7n7tt6w, 100.14%, 24.38MiB / 3.703GiB, 0.64%, 580kB / 590kB, 61.4kB / 0B
[2J[HOK,6,3,429e8e20b14c, floating-point-operation-sine.1.gy1xmc1gob2fuuy0ij7n7tt6w, 99.98%, 24.35MiB / 3.703GiB, 0.64%, 580kB / 590kB, 61.4kB / 0B
[2J[HOK,6,3,429e8e20b14c, floating-point-operation-sine.1.gy1xmc1gob2fuuy0ij7n7tt6w, 99.98%, 24.35MiB / 3.703GiB, 0.64%, 580kB / 590kB, 61.4kB / 0B
[2J[HOK,6,3,429e8e20b14c, floating-point-operation-sine.1.gy1xmc1gob2fuuy0ij7n7tt6w, 104.32%, 24.35MiB / 3.703GiB, 0.64%, 580kB / 590kB, 61.4kB / 0B
[2J[HOK,6,3,429e8e20b14c, floating-point-operation-sine.1.gy1xmc1gob2fuuy0ij7n7tt6w, 104.32%, 24.35MiB / 3.703GiB, 0.64%, 580kB / 590kB, 61.4kB / 0B
[2J[HOK,6,3,429e8e20b14c, floating-point-operation-sine.1.gy1xmc1gob2fuuy0ij7n7tt6w, 99.89%, 24.35MiB / 3.703GiB, 0.64%, 580kB / 590kB, 61.4kB / 0B
[2J[HOK,6,3,429e8e20b14c, floating-point-operation-sine.1.gy1xmc1gob2fuuy0ij7n7tt6w, 99.89%, 24.35MiB / 3.703GiB, 0.64%, 580kB / 590kB, 61.4kB / 0B
[2J[HOK,6,3,429e8e20b14c, floating-point-operation-sine.1.gy1xmc1gob2fuuy0ij7n7tt6w, 100.23%, 24.35MiB / 3.703GiB, 0.64%, 580kB / 590kB, 61.4kB / 0B
[2J[HOK,6,3,429e8e20b14c, floating-point-operation-sine.1.gy1xmc1gob2fuuy0ij7n7tt6w, 100.23%, 24.35MiB / 3.703GiB, 0.64%, 580kB / 590kB, 61.4kB / 0B
[2J[HOK,6,3,429e8e20b14c, floating-point-operation-sine.1.gy1xmc1gob2fuuy0ij7n7tt6w, 104.41%, 24.35MiB / 3.703GiB, 0.64%, 580kB / 590kB, 61.4kB / 0B
[2J[HOK,6,3,429e8e20b14c, floating-point-operation-sine.1.gy1xmc1gob2fuuy0ij7n7tt6w, 104.41%, 24.35MiB / 3.703GiB, 0.64%, 580kB / 590kB, 61.4kB / 0B
[2J[HOK,6,3,429e8e20b14c, floating-point-operation-sine.1.gy1xmc1gob2fuuy0ij7n7tt6w, 100.38%, 24.35MiB / 3.703GiB, 0.64%, 580kB / 590kB, 61.4kB / 0B
[2J[HOK,6,3,429e8e20b14c, floating-point-operation-sine.1.gy1xmc1gob2fuuy0ij7n7tt6w, 100.38%, 24.35MiB / 3.703GiB, 0.64%, 580kB / 590kB, 61.4kB / 0B
[2J[HOK,6,3,429e8e20b14c, floating-point-operation-sine.1.gy1xmc1gob2fuuy0ij7n7tt6w, 100.23%, 24.35MiB / 3.703GiB, 0.64%, 580kB / 590kB, 61.4kB / 0B
[2J[HOK,6,3,429e8e20b14c, floating-point-operation-sine.1.gy1xmc1gob2fuuy0ij7n7tt6w, 100.23%, 24.35MiB / 3.703GiB, 0.64%, 580kB / 590kB, 61.4kB / 0B
[2J[HOK,6,3,429e8e20b14c, floating-point-operation-sine.1.gy1xmc1gob2fuuy0ij7n7tt6w, 104.28%, 24.35MiB / 3.703GiB, 0.64%, 580kB / 590kB, 61.4kB / 0B
[2J[HOK,6,3,429e8e20b14c, floating-point-operation-sine.1.gy1xmc1gob2fuuy0ij7n7tt6w, 104.28%, 24.35MiB / 3.703GiB, 0.64%, 580kB / 590kB, 61.4kB / 0B
[2J[HOK,6,3,429e8e20b14c, floating-point-operation-sine.1.gy1xmc1gob2fuuy0ij7n7tt6w, 100.38%, 24.35MiB / 3.703GiB, 0.64%, 580kB / 590kB, 61.4kB / 0B
[2J[HOK,6,3,429e8e20b14c, floating-point-operation-sine.1.gy1xmc1gob2fuuy0ij7n7tt6w, 100.38%, 24.35MiB / 3.703GiB, 0.64%, 580kB / 590kB, 61.4kB / 0B
[2J[HOK,6,3,429e8e20b14c, floating-point-operation-sine.1.gy1xmc1gob2fuuy0ij7n7tt6w, 99.99%, 24.35MiB / 3.703GiB, 0.64%, 580kB / 590kB, 61.4kB / 0B
[2J[HOK,6,3,429e8e20b14c, floating-point-operation-sine.1.gy1xmc1gob2fuuy0ij7n7tt6w, 99.99%, 24.35MiB / 3.703GiB, 0.64%, 580kB / 590kB, 61.4kB / 0B
[2J[HOK,6,3,429e8e20b14c, floating-point-operation-sine.1.gy1xmc1gob2fuuy0ij7n7tt6w, 105.59%, 24.35MiB / 3.703GiB, 0.64%, 580kB / 590kB, 61.4kB / 0B
[2J[HOK,6,3,429e8e20b14c, floating-point-operation-sine.1.gy1xmc1gob2fuuy0ij7n7tt6w, 105.59%, 24.35MiB / 3.703GiB, 0.64%, 580kB / 590kB, 61.4kB / 0B
[2J[HOK,6,3,429e8e20b14c, floating-point-operation-sine.1.gy1xmc1gob2fuuy0ij7n7tt6w, 100.33%, 24.35MiB / 3.703GiB, 0.64%, 580kB / 590kB, 61.4kB / 0B
[2J[HOK,6,3,429e8e20b14c, floating-point-operation-sine.1.gy1xmc1gob2fuuy0ij7n7tt6w, 100.33%, 24.35MiB / 3.703GiB, 0.64%, 580kB / 590kB, 61.4kB / 0B
[2J[HOK,6,3,429e8e20b14c, floating-point-operation-sine.1.gy1xmc1gob2fuuy0ij7n7tt6w, 301.31%, 46.76MiB / 3.703GiB, 1.23%, 582kB / 591kB, 61.4kB / 0B
[2J[HOK,6,3,429e8e20b14c, floating-point-operation-sine.1.gy1xmc1gob2fuuy0ij7n7tt6w, 301.31%, 46.76MiB / 3.703GiB, 1.23%, 582kB / 591kB, 61.4kB / 0B
[2J[HOK,6,3,429e8e20b14c, floating-point-operation-sine.1.gy1xmc1gob2fuuy0ij7n7tt6w, 393.26%, 46.6MiB / 3.703GiB, 1.23%, 582kB / 591kB, 61.4kB / 0B
[2J[HOK,6,3,429e8e20b14c, floating-point-operation-sine.1.gy1xmc1gob2fuuy0ij7n7tt6w, 393.26%, 46.6MiB / 3.703GiB, 1.23%, 582kB / 591kB, 61.4kB / 0B
[2J[HOK,6,3,429e8e20b14c, floating-point-operation-sine.1.gy1xmc1gob2fuuy0ij7n7tt6w, 383.15%, 46.73MiB / 3.703GiB, 1.23%, 582kB / 591kB, 61.4kB / 0B
[2J[HOK,6,3,429e8e20b14c, floating-point-operation-sine.1.gy1xmc1gob2fuuy0ij7n7tt6w, 383.15%, 46.73MiB / 3.703GiB, 1.23%, 582kB / 591kB, 61.4kB / 0B
[2J[HOK,6,3,429e8e20b14c, floating-point-operation-sine.1.gy1xmc1gob2fuuy0ij7n7tt6w, 395.45%, 46.62MiB / 3.703GiB, 1.23%, 582kB / 591kB, 61.4kB / 0B
[2J[HOK,6,3,429e8e20b14c, floating-point-operation-sine.1.gy1xmc1gob2fuuy0ij7n7tt6w, 395.45%, 46.62MiB / 3.703GiB, 1.23%, 582kB / 591kB, 61.4kB / 0B
[2J[HOK,6,3,429e8e20b14c, floating-point-operation-sine.1.gy1xmc1gob2fuuy0ij7n7tt6w, 395.36%, 46.61MiB / 3.703GiB, 1.23%, 582kB / 591kB, 61.4kB / 0B
[2J[HOK,6,3,429e8e20b14c, floating-point-operation-sine.1.gy1xmc1gob2fuuy0ij7n7tt6w, 395.36%, 46.61MiB / 3.703GiB, 1.23%, 582kB / 591kB, 61.4kB / 0B
[2J[HOK,6,3,429e8e20b14c, floating-point-operation-sine.1.gy1xmc1gob2fuuy0ij7n7tt6w, 382.15%, 46.75MiB / 3.703GiB, 1.23%, 582kB / 591kB, 61.4kB / 0B
[2J[HOK,6,3,429e8e20b14c, floating-point-operation-sine.1.gy1xmc1gob2fuuy0ij7n7tt6w, 382.15%, 46.75MiB / 3.703GiB, 1.23%, 582kB / 591kB, 61.4kB / 0B
[2J[HOK,6,3,429e8e20b14c, floating-point-operation-sine.1.gy1xmc1gob2fuuy0ij7n7tt6w, 391.88%, 46.75MiB / 3.703GiB, 1.23%, 582kB / 591kB, 61.4kB / 0B
[2J[HOK,6,3,429e8e20b14c, floating-point-operation-sine.1.gy1xmc1gob2fuuy0ij7n7tt6w, 391.88%, 46.75MiB / 3.703GiB, 1.23%, 582kB / 591kB, 61.4kB / 0B
[2J[HOK,6,3,429e8e20b14c, floating-point-operation-sine.1.gy1xmc1gob2fuuy0ij7n7tt6w, 398.97%, 46.64MiB / 3.703GiB, 1.23%, 582kB / 591kB, 61.4kB / 0B
[2J[HOK,6,3,429e8e20b14c, floating-point-operation-sine.1.gy1xmc1gob2fuuy0ij7n7tt6w, 398.97%, 46.64MiB / 3.703GiB, 1.23%, 582kB / 591kB, 61.4kB / 0B
[2J[HOK,6,3,429e8e20b14c, floating-point-operation-sine.1.gy1xmc1gob2fuuy0ij7n7tt6w, 372.78%, 46.63MiB / 3.703GiB, 1.23%, 582kB / 591kB, 61.4kB / 0B
[2J[HOK,6,3,429e8e20b14c, floating-point-operation-sine.1.gy1xmc1gob2fuuy0ij7n7tt6w, 372.78%, 46.63MiB / 3.703GiB, 1.23%, 582kB / 591kB, 61.4kB / 0B
[2J[HOK,6,3,429e8e20b14c, floating-point-operation-sine.1.gy1xmc1gob2fuuy0ij7n7tt6w, 401.67%, 46.63MiB / 3.703GiB, 1.23%, 582kB / 591kB, 61.4kB / 0B
[2J[HOK,6,3,429e8e20b14c, floating-point-operation-sine.1.gy1xmc1gob2fuuy0ij7n7tt6w, 401.67%, 46.63MiB / 3.703GiB, 1.23%, 582kB / 591kB, 61.4kB / 0B
[2J[HOK,6,3,429e8e20b14c, floating-point-operation-sine.1.gy1xmc1gob2fuuy0ij7n7tt6w, 398.53%, 46.63MiB / 3.703GiB, 1.23%, 582kB / 591kB, 61.4kB / 0B
[2J[HOK,6,3,429e8e20b14c, floating-point-operation-sine.1.gy1xmc1gob2fuuy0ij7n7tt6w, 398.53%, 46.63MiB / 3.703GiB, 1.23%, 582kB / 591kB, 61.4kB / 0B
[2J[HOK,6,3,429e8e20b14c, floating-point-operation-sine.1.gy1xmc1gob2fuuy0ij7n7tt6w, 381.43%, 46.79MiB / 3.703GiB, 1.23%, 582kB / 591kB, 61.4kB / 0B
[2J[HOK,6,3,429e8e20b14c, floating-point-operation-sine.1.gy1xmc1gob2fuuy0ij7n7tt6w, 381.43%, 46.79MiB / 3.703GiB, 1.23%, 582kB / 591kB, 61.4kB / 0B
[2J[HOK,6,3,429e8e20b14c, floating-point-operation-sine.1.gy1xmc1gob2fuuy0ij7n7tt6w, 392.05%, 46.75MiB / 3.703GiB, 1.23%, 582kB / 591kB, 61.4kB / 0B
[2J[HOK,6,3,429e8e20b14c, floating-point-operation-sine.1.gy1xmc1gob2fuuy0ij7n7tt6w, 392.05%, 46.75MiB / 3.703GiB, 1.23%, 582kB / 591kB, 61.4kB / 0B
[2J[HOK,6,3,429e8e20b14c, floating-point-operation-sine.1.gy1xmc1gob2fuuy0ij7n7tt6w, 393.16%, 46.75MiB / 3.703GiB, 1.23%, 582kB / 591kB, 61.4kB / 0B
[2J[HOK,6,3,429e8e20b14c, floating-point-operation-sine.1.gy1xmc1gob2fuuy0ij7n7tt6w, 393.16%, 46.75MiB / 3.703GiB, 1.23%, 582kB / 591kB, 61.4kB / 0B
[2J[HOK,6,3,429e8e20b14c, floating-point-operation-sine.1.gy1xmc1gob2fuuy0ij7n7tt6w, 387.34%, 46.62MiB / 3.703GiB, 1.23%, 582kB / 591kB, 61.4kB / 0B
[2J[HOK,6,3,429e8e20b14c, floating-point-operation-sine.1.gy1xmc1gob2fuuy0ij7n7tt6w, 387.34%, 46.62MiB / 3.703GiB, 1.23%, 582kB / 591kB, 61.4kB / 0B
[2J[HOK,6,3,429e8e20b14c, floating-point-operation-sine.1.gy1xmc1gob2fuuy0ij7n7tt6w, 386.99%, 46.97MiB / 3.703GiB, 1.24%, 582kB / 591kB, 61.4kB / 0B
[2J[HOK,6,3,429e8e20b14c, floating-point-operation-sine.1.gy1xmc1gob2fuuy0ij7n7tt6w, 386.99%, 46.97MiB / 3.703GiB, 1.24%, 582kB / 591kB, 61.4kB / 0B
[2J[HOK,6,3,429e8e20b14c, floating-point-operation-sine.1.gy1xmc1gob2fuuy0ij7n7tt6w, 394.95%, 46.97MiB / 3.703GiB, 1.24%, 582kB / 591kB, 61.4kB / 0B
[2J[HOK,6,3,429e8e20b14c, floating-point-operation-sine.1.gy1xmc1gob2fuuy0ij7n7tt6w, 394.95%, 46.97MiB / 3.703GiB, 1.24%, 582kB / 591kB, 61.4kB / 0B
[2J[HOK,6,3,429e8e20b14c, floating-point-operation-sine.1.gy1xmc1gob2fuuy0ij7n7tt6w, 396.14%, 46.83MiB / 3.703GiB, 1.24%, 582kB / 591kB, 61.4kB / 0B
[2J[HOK,6,3,429e8e20b14c, floating-point-operation-sine.1.gy1xmc1gob2fuuy0ij7n7tt6w, 396.14%, 46.83MiB / 3.703GiB, 1.24%, 582kB / 591kB, 61.4kB / 0B
[2J[HOK,6,3,429e8e20b14c, floating-point-operation-sine.1.gy1xmc1gob2fuuy0ij7n7tt6w, 355.50%, 46.76MiB / 3.703GiB, 1.23%, 582kB / 591kB, 61.4kB / 0B
[2J[HOK,6,3,429e8e20b14c, floating-point-operation-sine.1.gy1xmc1gob2fuuy0ij7n7tt6w, 355.50%, 46.76MiB / 3.703GiB, 1.23%, 582kB / 591kB, 61.4kB / 0B
[2J[HOK,6,3,429e8e20b14c, floating-point-operation-sine.1.gy1xmc1gob2fuuy0ij7n7tt6w, 355.50%, 46.76MiB / 3.703GiB, 1.23%, 582kB / 591kB, 61.4kB / 0B
[2J[HOK,6,3,429e8e20b14c, floating-point-operation-sine.1.gy1xmc1gob2fuuy0ij7n7tt6w, 397.98%, 46.7MiB / 3.703GiB, 1.23%, 582kB / 591kB, 61.4kB / 0B
[2J[HOK,6,3,429e8e20b14c, floating-point-operation-sine.1.gy1xmc1gob2fuuy0ij7n7tt6w, 397.98%, 46.7MiB / 3.703GiB, 1.23%, 582kB / 591kB, 61.4kB / 0B
[2J[HOK,6,3,429e8e20b14c, floating-point-operation-sine.1.gy1xmc1gob2fuuy0ij7n7tt6w, 386.77%, 46.62MiB / 3.703GiB, 1.23%, 582kB / 591kB, 61.4kB / 0B
[2J[HOK,6,3,429e8e20b14c, floating-point-operation-sine.1.gy1xmc1gob2fuuy0ij7n7tt6w, 386.77%, 46.62MiB / 3.703GiB, 1.23%, 582kB / 591kB, 61.4kB / 0B
[2J[HOK,6,3,429e8e20b14c, floating-point-operation-sine.1.gy1xmc1gob2fuuy0ij7n7tt6w, 381.46%, 46.85MiB / 3.703GiB, 1.24%, 582kB / 591kB, 61.4kB / 0B
[2J[HOK,6,3,429e8e20b14c, floating-point-operation-sine.1.gy1xmc1gob2fuuy0ij7n7tt6w, 381.46%, 46.85MiB / 3.703GiB, 1.24%, 582kB / 591kB, 61.4kB / 0B
[2J[HOK,6,3,429e8e20b14c, floating-point-operation-sine.1.gy1xmc1gob2fuuy0ij7n7tt6w, 393.31%, 46.85MiB / 3.703GiB, 1.24%, 582kB / 591kB, 61.4kB / 0B
[2J[HOK,6,3,429e8e20b14c, floating-point-operation-sine.1.gy1xmc1gob2fuuy0ij7n7tt6w, 393.31%, 46.85MiB / 3.703GiB, 1.24%, 582kB / 591kB, 61.4kB / 0B
[2J[HOK,6,3,429e8e20b14c, floating-point-operation-sine.1.gy1xmc1gob2fuuy0ij7n7tt6w, 392.05%, 46.85MiB / 3.703GiB, 1.24%, 582kB / 591kB, 61.4kB / 0B
[2J[HOK,6,3,429e8e20b14c, floating-point-operation-sine.1.gy1xmc1gob2fuuy0ij7n7tt6w, 392.05%, 46.85MiB / 3.703GiB, 1.24%, 582kB / 591kB, 61.4kB / 0B
[2J[HOK,6,3,429e8e20b14c, floating-point-operation-sine.1.gy1xmc1gob2fuuy0ij7n7tt6w, 383.42%, 49MiB / 3.703GiB, 1.29%, 582kB / 591kB, 61.4kB / 0B
[2J[HOK,6,3,429e8e20b14c, floating-point-operation-sine.1.gy1xmc1gob2fuuy0ij7n7tt6w, 383.42%, 49MiB / 3.703GiB, 1.29%, 582kB / 591kB, 61.4kB / 0B
[2J[HOK,6,3,429e8e20b14c, floating-point-operation-sine.1.gy1xmc1gob2fuuy0ij7n7tt6w, 389.67%, 46.74MiB / 3.703GiB, 1.23%, 582kB / 591kB, 61.4kB / 0B
[2J[HOK,6,3,429e8e20b14c, floating-point-operation-sine.1.gy1xmc1gob2fuuy0ij7n7tt6w, 389.67%, 46.74MiB / 3.703GiB, 1.23%, 582kB / 591kB, 61.4kB / 0B
[2J[HOK,6,3,429e8e20b14c, floating-point-operation-sine.1.gy1xmc1gob2fuuy0ij7n7tt6w, 394.85%, 46.74MiB / 3.703GiB, 1.23%, 582kB / 591kB, 61.4kB / 0B
[2J[HOK,6,3,429e8e20b14c, floating-point-operation-sine.1.gy1xmc1gob2fuuy0ij7n7tt6w, 394.85%, 46.74MiB / 3.703GiB, 1.23%, 582kB / 591kB, 61.4kB / 0B
[2J[HOK,6,3,429e8e20b14c, floating-point-operation-sine.1.gy1xmc1gob2fuuy0ij7n7tt6w, 393.45%, 46.74MiB / 3.703GiB, 1.23%, 582kB / 591kB, 61.4kB / 0B
[2J[HOK,6,3,429e8e20b14c, floating-point-operation-sine.1.gy1xmc1gob2fuuy0ij7n7tt6w, 393.45%, 46.74MiB / 3.703GiB, 1.23%, 582kB / 591kB, 61.4kB / 0B
[2J[HOK,6,3,429e8e20b14c, floating-point-operation-sine.1.gy1xmc1gob2fuuy0ij7n7tt6w, 366.52%, 46.63MiB / 3.703GiB, 1.23%, 582kB / 591kB, 61.4kB / 0B
[2J[HOK,6,3,429e8e20b14c, floating-point-operation-sine.1.gy1xmc1gob2fuuy0ij7n7tt6w, 366.52%, 46.63MiB / 3.703GiB, 1.23%, 582kB / 591kB, 61.4kB / 0B
[2J[HOK,6,3,429e8e20b14c, floating-point-operation-sine.1.gy1xmc1gob2fuuy0ij7n7tt6w, 387.97%, 45.64MiB / 3.703GiB, 1.20%, 583kB / 592kB, 61.4kB / 0B
[2J[HOK,6,3,429e8e20b14c, floating-point-operation-sine.1.gy1xmc1gob2fuuy0ij7n7tt6w, 387.97%, 45.64MiB / 3.703GiB, 1.20%, 583kB / 592kB, 61.4kB / 0B
[2J[HOK,6,3,429e8e20b14c, floating-point-operation-sine.1.gy1xmc1gob2fuuy0ij7n7tt6w, 397.11%, 46.83MiB / 3.703GiB, 1.24%, 583kB / 592kB, 61.4kB / 0B
[2J[HOK,6,3,429e8e20b14c, floating-point-operation-sine.1.gy1xmc1gob2fuuy0ij7n7tt6w, 397.11%, 46.83MiB / 3.703GiB, 1.24%, 583kB / 592kB, 61.4kB / 0B
[2J[HOK,6,3,429e8e20b14c, floating-point-operation-sine.1.gy1xmc1gob2fuuy0ij7n7tt6w, 376.07%, 46.69MiB / 3.703GiB, 1.23%, 583kB / 592kB, 61.4kB / 0B
[2J[HOK,6,3,429e8e20b14c, floating-point-operation-sine.1.gy1xmc1gob2fuuy0ij7n7tt6w, 376.07%, 46.69MiB / 3.703GiB, 1.23%, 583kB / 592kB, 61.4kB / 0B
[2J[HOK,6,3,429e8e20b14c, floating-point-operation-sine.1.gy1xmc1gob2fuuy0ij7n7tt6w, 392.16%, 46.98MiB / 3.703GiB, 1.24%, 584kB / 593kB, 61.4kB / 0B
[2J[HOK,6,3,429e8e20b14c, floating-point-operation-sine.1.gy1xmc1gob2fuuy0ij7n7tt6w, 392.16%, 46.98MiB / 3.703GiB, 1.24%, 584kB / 593kB, 61.4kB / 0B
[2J[HOK,6,3,429e8e20b14c, floating-point-operation-sine.1.gy1xmc1gob2fuuy0ij7n7tt6w, 391.77%, 46.89MiB / 3.703GiB, 1.24%, 584kB / 593kB, 61.4kB / 0B
[2J[HOK,6,3,429e8e20b14c, floating-point-operation-sine.1.gy1xmc1gob2fuuy0ij7n7tt6w, 391.77%, 46.89MiB / 3.703GiB, 1.24%, 584kB / 593kB, 61.4kB / 0B
[2J[HOK,6,3,429e8e20b14c, floating-point-operation-sine.1.gy1xmc1gob2fuuy0ij7n7tt6w, 374.13%, 46.79MiB / 3.703GiB, 1.23%, 584kB / 593kB, 61.4kB / 0B
[2J[HOK,6,3,429e8e20b14c, floating-point-operation-sine.1.gy1xmc1gob2fuuy0ij7n7tt6w, 374.13%, 46.79MiB / 3.703GiB, 1.23%, 584kB / 593kB, 61.4kB / 0B
[2J[HOK,6,3,429e8e20b14c, floating-point-operation-sine.1.gy1xmc1gob2fuuy0ij7n7tt6w, 392.70%, 46.79MiB / 3.703GiB, 1.23%, 584kB / 593kB, 61.4kB / 0B
[2J[HOK,6,3,429e8e20b14c, floating-point-operation-sine.1.gy1xmc1gob2fuuy0ij7n7tt6w, 392.70%, 46.79MiB / 3.703GiB, 1.23%, 584kB / 593kB, 61.4kB / 0B
[2J[HOK,6,3,429e8e20b14c, floating-point-operation-sine.1.gy1xmc1gob2fuuy0ij7n7tt6w, 397.12%, 46.79MiB / 3.703GiB, 1.23%, 584kB / 593kB, 61.4kB / 0B
[2J[HOK,6,3,429e8e20b14c, floating-point-operation-sine.1.gy1xmc1gob2fuuy0ij7n7tt6w, 397.12%, 46.79MiB / 3.703GiB, 1.23%, 584kB / 593kB, 61.4kB / 0B
[2J[HOK,6,3,429e8e20b14c, floating-point-operation-sine.1.gy1xmc1gob2fuuy0ij7n7tt6w, 383.85%, 46.71MiB / 3.703GiB, 1.23%, 584kB / 593kB, 61.4kB / 0B
[2J[HOK,6,3,429e8e20b14c, floating-point-operation-sine.1.gy1xmc1gob2fuuy0ij7n7tt6w, 383.85%, 46.71MiB / 3.703GiB, 1.23%, 584kB / 593kB, 61.4kB / 0B
[2J[HOK,6,3,429e8e20b14c, floating-point-operation-sine.1.gy1xmc1gob2fuuy0ij7n7tt6w, 380.11%, 46.77MiB / 3.703GiB, 1.23%, 584kB / 593kB, 61.4kB / 0B
[2J[HOK,6,3,429e8e20b14c, floating-point-operation-sine.1.gy1xmc1gob2fuuy0ij7n7tt6w, 380.11%, 46.77MiB / 3.703GiB, 1.23%, 584kB / 593kB, 61.4kB / 0B
[2J[HOK,6,3,429e8e20b14c, floating-point-operation-sine.1.gy1xmc1gob2fuuy0ij7n7tt6w, 388.68%, 46.72MiB / 3.703GiB, 1.23%, 584kB / 593kB, 61.4kB / 0B
[2J[HOK,6,3,429e8e20b14c, floating-point-operation-sine.1.gy1xmc1gob2fuuy0ij7n7tt6w, 388.68%, 46.72MiB / 3.703GiB, 1.23%, 584kB / 593kB, 61.4kB / 0B
[2J[HOK,6,3,429e8e20b14c, floating-point-operation-sine.1.gy1xmc1gob2fuuy0ij7n7tt6w, 395.35%, 46.72MiB / 3.703GiB, 1.23%, 584kB / 593kB, 61.4kB / 0B
[2J[HOK,6,3,429e8e20b14c, floating-point-operation-sine.1.gy1xmc1gob2fuuy0ij7n7tt6w, 395.35%, 46.72MiB / 3.703GiB, 1.23%, 584kB / 593kB, 61.4kB / 0B
[2J[HOK,6,3,429e8e20b14c, floating-point-operation-sine.1.gy1xmc1gob2fuuy0ij7n7tt6w, 374.85%, 46.84MiB / 3.703GiB, 1.24%, 584kB / 593kB, 61.4kB / 0B
[2J[HOK,6,3,429e8e20b14c, floating-point-operation-sine.1.gy1xmc1gob2fuuy0ij7n7tt6w, 374.85%, 46.84MiB / 3.703GiB, 1.24%, 584kB / 593kB, 61.4kB / 0B
[2J[HOK,6,3,429e8e20b14c, floating-point-operation-sine.1.gy1xmc1gob2fuuy0ij7n7tt6w, 393.90%, 46.84MiB / 3.703GiB, 1.24%, 584kB / 593kB, 61.4kB / 0B
[2J[HOK,6,3,429e8e20b14c, floating-point-operation-sine.1.gy1xmc1gob2fuuy0ij7n7tt6w, 393.90%, 46.84MiB / 3.703GiB, 1.24%, 584kB / 593kB, 61.4kB / 0B
[2J[HOK,6,3,429e8e20b14c, floating-point-operation-sine.1.gy1xmc1gob2fuuy0ij7n7tt6w, 390.60%, 46.84MiB / 3.703GiB, 1.24%, 584kB / 593kB, 61.4kB / 0B
[2J[HOK,6,3,429e8e20b14c, floating-point-operation-sine.1.gy1xmc1gob2fuuy0ij7n7tt6w, 390.60%, 46.84MiB / 3.703GiB, 1.24%, 584kB / 593kB, 61.4kB / 0B
[2J[HOK,6,3,429e8e20b14c, floating-point-operation-sine.1.gy1xmc1gob2fuuy0ij7n7tt6w, 374.47%, 46.87MiB / 3.703GiB, 1.24%, 584kB / 593kB, 61.4kB / 0B
[2J[HOK,6,3,429e8e20b14c, floating-point-operation-sine.1.gy1xmc1gob2fuuy0ij7n7tt6w, 374.47%, 46.87MiB / 3.703GiB, 1.24%, 584kB / 593kB, 61.4kB / 0B
[2J[HOK,6,3,429e8e20b14c, floating-point-operation-sine.1.gy1xmc1gob2fuuy0ij7n7tt6w, 393.75%, 46.83MiB / 3.703GiB, 1.24%, 584kB / 593kB, 61.4kB / 0B
[2J[HOK,6,3,429e8e20b14c, floating-point-operation-sine.1.gy1xmc1gob2fuuy0ij7n7tt6w, 393.75%, 46.83MiB / 3.703GiB, 1.24%, 584kB / 593kB, 61.4kB / 0B
[2J[HOK,6,3,429e8e20b14c, floating-point-operation-sine.1.gy1xmc1gob2fuuy0ij7n7tt6w, 393.75%, 46.83MiB / 3.703GiB, 1.24%, 584kB / 593kB, 61.4kB / 0B
[2J[HOK,6,3,429e8e20b14c, floating-point-operation-sine.1.gy1xmc1gob2fuuy0ij7n7tt6w, 382.82%, 46.83MiB / 3.703GiB, 1.24%, 584kB / 593kB, 61.4kB / 0B
[2J[HOK,6,3,429e8e20b14c, floating-point-operation-sine.1.gy1xmc1gob2fuuy0ij7n7tt6w, 382.82%, 46.83MiB / 3.703GiB, 1.24%, 584kB / 593kB, 61.4kB / 0B
[2J[HOK,6,3,429e8e20b14c, floating-point-operation-sine.1.gy1xmc1gob2fuuy0ij7n7tt6w, 383.92%, 48.98MiB / 3.703GiB, 1.29%, 585kB / 594kB, 61.4kB / 0B
[2J[HOK,6,3,429e8e20b14c, floating-point-operation-sine.1.gy1xmc1gob2fuuy0ij7n7tt6w, 383.92%, 48.98MiB / 3.703GiB, 1.29%, 585kB / 594kB, 61.4kB / 0B
[2J[HOK,6,3,429e8e20b14c, floating-point-operation-sine.1.gy1xmc1gob2fuuy0ij7n7tt6w, 389.45%, 46.73MiB / 3.703GiB, 1.23%, 585kB / 594kB, 61.4kB / 0B
[2J[HOK,6,3,429e8e20b14c, floating-point-operation-sine.1.gy1xmc1gob2fuuy0ij7n7tt6w, 389.45%, 46.73MiB / 3.703GiB, 1.23%, 585kB / 594kB, 61.4kB / 0B
[2J[HOK,6,3,429e8e20b14c, floating-point-operation-sine.1.gy1xmc1gob2fuuy0ij7n7tt6w, 392.67%, 46.73MiB / 3.703GiB, 1.23%, 585kB / 594kB, 61.4kB / 0B
[2J[HOK,6,3,429e8e20b14c, floating-point-operation-sine.1.gy1xmc1gob2fuuy0ij7n7tt6w, 392.67%, 46.73MiB / 3.703GiB, 1.23%, 585kB / 594kB, 61.4kB / 0B
[2J[HOK,6,3,429e8e20b14c, floating-point-operation-sine.1.gy1xmc1gob2fuuy0ij7n7tt6w, 398.28%, 46.73MiB / 3.703GiB, 1.23%, 585kB / 594kB, 61.4kB / 0B
[2J[HOK,6,3,429e8e20b14c, floating-point-operation-sine.1.gy1xmc1gob2fuuy0ij7n7tt6w, 398.28%, 46.73MiB / 3.703GiB, 1.23%, 585kB / 594kB, 61.4kB / 0B
[2J[HOK,6,3,429e8e20b14c, floating-point-operation-sine.1.gy1xmc1gob2fuuy0ij7n7tt6w, 372.21%, 46.87MiB / 3.703GiB, 1.24%, 585kB / 594kB, 61.4kB / 0B
[2J[HOK,6,3,429e8e20b14c, floating-point-operation-sine.1.gy1xmc1gob2fuuy0ij7n7tt6w, 372.21%, 46.87MiB / 3.703GiB, 1.24%, 585kB / 594kB, 61.4kB / 0B
[2J[HOK,6,3,429e8e20b14c, floating-point-operation-sine.1.gy1xmc1gob2fuuy0ij7n7tt6w, 387.25%, 46.84MiB / 3.703GiB, 1.24%, 585kB / 594kB, 61.4kB / 0B
[2J[HOK,6,3,429e8e20b14c, floating-point-operation-sine.1.gy1xmc1gob2fuuy0ij7n7tt6w, 387.25%, 46.84MiB / 3.703GiB, 1.24%, 585kB / 594kB, 61.4kB / 0B
[2J[HOK,6,3,429e8e20b14c, floating-point-operation-sine.1.gy1xmc1gob2fuuy0ij7n7tt6w, 394.99%, 46.84MiB / 3.703GiB, 1.24%, 585kB / 594kB, 61.4kB / 0B
[2J[HOK,6,3,429e8e20b14c, floating-point-operation-sine.1.gy1xmc1gob2fuuy0ij7n7tt6w, 394.99%, 46.84MiB / 3.703GiB, 1.24%, 585kB / 594kB, 61.4kB / 0B
[2J[HOK,6,3,429e8e20b14c, floating-point-operation-sine.1.gy1xmc1gob2fuuy0ij7n7tt6w, 379.15%, 47.04MiB / 3.703GiB, 1.24%, 585kB / 594kB, 61.4kB / 0B
[2J[HOK,6,3,429e8e20b14c, floating-point-operation-sine.1.gy1xmc1gob2fuuy0ij7n7tt6w, 379.15%, 47.04MiB / 3.703GiB, 1.24%, 585kB / 594kB, 61.4kB / 0B
[2J[HOK,6,3,429e8e20b14c, floating-point-operation-sine.1.gy1xmc1gob2fuuy0ij7n7tt6w, 393.22%, 47.04MiB / 3.703GiB, 1.24%, 585kB / 594kB, 61.4kB / 0B
[2J[HOK,6,3,429e8e20b14c, floating-point-operation-sine.1.gy1xmc1gob2fuuy0ij7n7tt6w, 393.22%, 47.04MiB / 3.703GiB, 1.24%, 585kB / 594kB, 61.4kB / 0B
[2J[HOK,6,3,429e8e20b14c, floating-point-operation-sine.1.gy1xmc1gob2fuuy0ij7n7tt6w, 396.77%, 46.94MiB / 3.703GiB, 1.24%, 585kB / 594kB, 61.4kB / 0B
[2J[HOK,6,3,429e8e20b14c, floating-point-operation-sine.1.gy1xmc1gob2fuuy0ij7n7tt6w, 396.77%, 46.94MiB / 3.703GiB, 1.24%, 585kB / 594kB, 61.4kB / 0B
[2J[HOK,6,3,429e8e20b14c, floating-point-operation-sine.1.gy1xmc1gob2fuuy0ij7n7tt6w, 362.46%, 46.89MiB / 3.703GiB, 1.24%, 585kB / 594kB, 61.4kB / 0B
[2J[HOK,6,3,429e8e20b14c, floating-point-operation-sine.1.gy1xmc1gob2fuuy0ij7n7tt6w, 362.46%, 46.89MiB / 3.703GiB, 1.24%, 585kB / 594kB, 61.4kB / 0B
[2J[HOK,6,3,429e8e20b14c, floating-point-operation-sine.1.gy1xmc1gob2fuuy0ij7n7tt6w, 399.02%, 46.89MiB / 3.703GiB, 1.24%, 585kB / 594kB, 61.4kB / 0B
[2J[HOK,6,3,429e8e20b14c, floating-point-operation-sine.1.gy1xmc1gob2fuuy0ij7n7tt6w, 399.02%, 46.89MiB / 3.703GiB, 1.24%, 585kB / 594kB, 61.4kB / 0B
[2J[HOK,6,3,429e8e20b14c, floating-point-operation-sine.1.gy1xmc1gob2fuuy0ij7n7tt6w, 391.32%, 46.73MiB / 3.703GiB, 1.23%, 585kB / 594kB, 61.4kB / 0B
[2J[HOK,6,3,429e8e20b14c, floating-point-operation-sine.1.gy1xmc1gob2fuuy0ij7n7tt6w, 391.32%, 46.73MiB / 3.703GiB, 1.23%, 585kB / 594kB, 61.4kB / 0B
[2J[HOK,6,3,429e8e20b14c, floating-point-operation-sine.1.gy1xmc1gob2fuuy0ij7n7tt6w, 388.61%, 46.73MiB / 3.703GiB, 1.23%, 585kB / 594kB, 61.4kB / 0B
[2J[HOK,6,3,429e8e20b14c, floating-point-operation-sine.1.gy1xmc1gob2fuuy0ij7n7tt6w, 388.61%, 46.73MiB / 3.703GiB, 1.23%, 585kB / 594kB, 61.4kB / 0B
[2J[HOK,6,3,429e8e20b14c, floating-point-operation-sine.1.gy1xmc1gob2fuuy0ij7n7tt6w, 382.29%, 46.89MiB / 3.703GiB, 1.24%, 585kB / 594kB, 61.4kB / 0B
[2J[HOK,6,3,429e8e20b14c, floating-point-operation-sine.1.gy1xmc1gob2fuuy0ij7n7tt6w, 382.29%, 46.89MiB / 3.703GiB, 1.24%, 585kB / 594kB, 61.4kB / 0B
[2J[HOK,6,3,429e8e20b14c, floating-point-operation-sine.1.gy1xmc1gob2fuuy0ij7n7tt6w, 389.16%, 46.89MiB / 3.703GiB, 1.24%, 585kB / 594kB, 61.4kB / 0B
[2J[HOK,6,3,429e8e20b14c, floating-point-operation-sine.1.gy1xmc1gob2fuuy0ij7n7tt6w, 389.16%, 46.89MiB / 3.703GiB, 1.24%, 585kB / 594kB, 61.4kB / 0B
[2J[HOK,6,3,429e8e20b14c, floating-point-operation-sine.1.gy1xmc1gob2fuuy0ij7n7tt6w, 395.51%, 46.89MiB / 3.703GiB, 1.24%, 585kB / 594kB, 61.4kB / 0B
[2J[HOK,6,3,429e8e20b14c, floating-point-operation-sine.1.gy1xmc1gob2fuuy0ij7n7tt6w, 395.51%, 46.89MiB / 3.703GiB, 1.24%, 585kB / 594kB, 61.4kB / 0B
[2J[HOK,6,3,429e8e20b14c, floating-point-operation-sine.1.gy1xmc1gob2fuuy0ij7n7tt6w, 374.43%, 45.84MiB / 3.703GiB, 1.21%, 585kB / 594kB, 61.4kB / 0B
[2J[HOK,6,3,429e8e20b14c, floating-point-operation-sine.1.gy1xmc1gob2fuuy0ij7n7tt6w, 374.43%, 45.84MiB / 3.703GiB, 1.21%, 585kB / 594kB, 61.4kB / 0B
[2J[HOK,6,3,429e8e20b14c, floating-point-operation-sine.1.gy1xmc1gob2fuuy0ij7n7tt6w, 394.23%, 46.91MiB / 3.703GiB, 1.24%, 585kB / 594kB, 61.4kB / 0B
[2J[HOK,6,3,429e8e20b14c, floating-point-operation-sine.1.gy1xmc1gob2fuuy0ij7n7tt6w, 394.23%, 46.91MiB / 3.703GiB, 1.24%, 585kB / 594kB, 61.4kB / 0B
[2J[HOK,6,3,429e8e20b14c, floating-point-operation-sine.1.gy1xmc1gob2fuuy0ij7n7tt6w, 394.55%, 46.91MiB / 3.703GiB, 1.24%, 585kB / 594kB, 61.4kB / 0B
[2J[HOK,6,3,429e8e20b14c, floating-point-operation-sine.1.gy1xmc1gob2fuuy0ij7n7tt6w, 394.55%, 46.91MiB / 3.703GiB, 1.24%, 585kB / 594kB, 61.4kB / 0B
[2J[HOK,6,3,429e8e20b14c, floating-point-operation-sine.1.gy1xmc1gob2fuuy0ij7n7tt6w, 369.58%, 46.91MiB / 3.703GiB, 1.24%, 585kB / 594kB, 61.4kB / 0B
[2J[HOK,6,3,429e8e20b14c, floating-point-operation-sine.1.gy1xmc1gob2fuuy0ij7n7tt6w, 369.58%, 46.91MiB / 3.703GiB, 1.24%, 585kB / 594kB, 61.4kB / 0B
[2J[HOK,6,3,429e8e20b14c, floating-point-operation-sine.1.gy1xmc1gob2fuuy0ij7n7tt6w, 391.14%, 46.87MiB / 3.703GiB, 1.24%, 586kB / 595kB, 61.4kB / 0B
[2J[HOK,6,3,429e8e20b14c, floating-point-operation-sine.1.gy1xmc1gob2fuuy0ij7n7tt6w, 391.14%, 46.87MiB / 3.703GiB, 1.24%, 586kB / 595kB, 61.4kB / 0B
[2J[HOK,6,3,429e8e20b14c, floating-point-operation-sine.1.gy1xmc1gob2fuuy0ij7n7tt6w, 397.15%, 46.87MiB / 3.703GiB, 1.24%, 586kB / 595kB, 61.4kB / 0B
[2J[HOK,6,3,429e8e20b14c, floating-point-operation-sine.1.gy1xmc1gob2fuuy0ij7n7tt6w, 397.15%, 46.87MiB / 3.703GiB, 1.24%, 586kB / 595kB, 61.4kB / 0B
[2J[HOK,6,3,429e8e20b14c, floating-point-operation-sine.1.gy1xmc1gob2fuuy0ij7n7tt6w, 397.15%, 46.87MiB / 3.703GiB, 1.24%, 586kB / 595kB, 61.4kB / 0B
[2J[HOK,6,3,429e8e20b14c, floating-point-operation-sine.1.gy1xmc1gob2fuuy0ij7n7tt6w, 375.08%, 46.75MiB / 3.703GiB, 1.23%, 586kB / 595kB, 61.4kB / 0B
[2J[HOK,6,3,429e8e20b14c, floating-point-operation-sine.1.gy1xmc1gob2fuuy0ij7n7tt6w, 375.08%, 46.75MiB / 3.703GiB, 1.23%, 586kB / 595kB, 61.4kB / 0B
[2J[HOK,6,3,429e8e20b14c, floating-point-operation-sine.1.gy1xmc1gob2fuuy0ij7n7tt6w, 388.49%, 46.88MiB / 3.703GiB, 1.24%, 586kB / 595kB, 61.4kB / 0B
[2J[HOK,6,3,429e8e20b14c, floating-point-operation-sine.1.gy1xmc1gob2fuuy0ij7n7tt6w, 388.49%, 46.88MiB / 3.703GiB, 1.24%, 586kB / 595kB, 61.4kB / 0B
[2J[HOK,6,3,429e8e20b14c, floating-point-operation-sine.1.gy1xmc1gob2fuuy0ij7n7tt6w, 371.53%, 46.87MiB / 3.703GiB, 1.24%, 586kB / 595kB, 61.4kB / 0B
[2J[HOK,6,3,429e8e20b14c, floating-point-operation-sine.1.gy1xmc1gob2fuuy0ij7n7tt6w, 371.53%, 46.87MiB / 3.703GiB, 1.24%, 586kB / 595kB, 61.4kB / 0B
[2J[HOK,6,3,429e8e20b14c, floating-point-operation-sine.1.gy1xmc1gob2fuuy0ij7n7tt6w, 406.20%, 43.81MiB / 3.703GiB, 1.16%, 587kB / 596kB, 61.4kB / 0B
[2J[HOK,6,3,429e8e20b14c, floating-point-operation-sine.1.gy1xmc1gob2fuuy0ij7n7tt6w, 406.20%, 43.81MiB / 3.703GiB, 1.16%, 587kB / 596kB, 61.4kB / 0B
[2J[HOK,6,3,429e8e20b14c, floating-point-operation-sine.1.gy1xmc1gob2fuuy0ij7n7tt6w, 371.37%, 46.88MiB / 3.703GiB, 1.24%, 587kB / 596kB, 61.4kB / 0B
[2J[HOK,6,3,429e8e20b14c, floating-point-operation-sine.1.gy1xmc1gob2fuuy0ij7n7tt6w, 371.37%, 46.88MiB / 3.703GiB, 1.24%, 587kB / 596kB, 61.4kB / 0B
[2J[HOK,6,3,429e8e20b14c, floating-point-operation-sine.1.gy1xmc1gob2fuuy0ij7n7tt6w, 395.17%, 46.83MiB / 3.703GiB, 1.24%, 587kB / 596kB, 61.4kB / 0B
[2J[HOK,6,3,429e8e20b14c, floating-point-operation-sine.1.gy1xmc1gob2fuuy0ij7n7tt6w, 395.17%, 46.83MiB / 3.703GiB, 1.24%, 587kB / 596kB, 61.4kB / 0B
[2J[HOK,6,3,429e8e20b14c, floating-point-operation-sine.1.gy1xmc1gob2fuuy0ij7n7tt6w, 392.73%, 46.83MiB / 3.703GiB, 1.24%, 587kB / 596kB, 61.4kB / 0B
[2J[HOK,6,3,429e8e20b14c, floating-point-operation-sine.1.gy1xmc1gob2fuuy0ij7n7tt6w, 392.73%, 46.83MiB / 3.703GiB, 1.24%, 587kB / 596kB, 61.4kB / 0B
[2J[HOK,6,3,429e8e20b14c, floating-point-operation-sine.1.gy1xmc1gob2fuuy0ij7n7tt6w, 372.17%, 46.97MiB / 3.703GiB, 1.24%, 587kB / 596kB, 61.4kB / 0B
[2J[HOK,6,3,429e8e20b14c, floating-point-operation-sine.1.gy1xmc1gob2fuuy0ij7n7tt6w, 372.17%, 46.97MiB / 3.703GiB, 1.24%, 587kB / 596kB, 61.4kB / 0B
[2J[HOK,6,3,429e8e20b14c, floating-point-operation-sine.1.gy1xmc1gob2fuuy0ij7n7tt6w, 377.31%, 46.72MiB / 3.703GiB, 1.23%, 587kB / 596kB, 61.4kB / 0B
[2J[HOK,6,3,429e8e20b14c, floating-point-operation-sine.1.gy1xmc1gob2fuuy0ij7n7tt6w, 377.31%, 46.72MiB / 3.703GiB, 1.23%, 587kB / 596kB, 61.4kB / 0B
[2J[HOK,6,3,429e8e20b14c, floating-point-operation-sine.1.gy1xmc1gob2fuuy0ij7n7tt6w, 406.19%, 46.72MiB / 3.703GiB, 1.23%, 587kB / 596kB, 61.4kB / 0B
[2J[HOK,6,3,429e8e20b14c, floating-point-operation-sine.1.gy1xmc1gob2fuuy0ij7n7tt6w, 406.19%, 46.72MiB / 3.703GiB, 1.23%, 587kB / 596kB, 61.4kB / 0B
[2J[HOK,6,3,429e8e20b14c, floating-point-operation-sine.1.gy1xmc1gob2fuuy0ij7n7tt6w, 370.68%, 46.87MiB / 3.703GiB, 1.24%, 587kB / 596kB, 61.4kB / 0B
[2J[HOK,6,3,429e8e20b14c, floating-point-operation-sine.1.gy1xmc1gob2fuuy0ij7n7tt6w, 370.68%, 46.87MiB / 3.703GiB, 1.24%, 587kB / 596kB, 61.4kB / 0B
[2J[HOK,6,3,429e8e20b14c, floating-point-operation-sine.1.gy1xmc1gob2fuuy0ij7n7tt6w, 395.23%, 46.83MiB / 3.703GiB, 1.24%, 587kB / 596kB, 61.4kB / 0B
[2J[HOK,6,3,429e8e20b14c, floating-point-operation-sine.1.gy1xmc1gob2fuuy0ij7n7tt6w, 395.23%, 46.83MiB / 3.703GiB, 1.24%, 587kB / 596kB, 61.4kB / 0B
[2J[HOK,6,3,429e8e20b14c, floating-point-operation-sine.1.gy1xmc1gob2fuuy0ij7n7tt6w, 383.06%, 46.74MiB / 3.703GiB, 1.23%, 587kB / 596kB, 61.4kB / 0B
[2J[HOK,6,3,429e8e20b14c, floating-point-operation-sine.1.gy1xmc1gob2fuuy0ij7n7tt6w, 383.06%, 46.74MiB / 3.703GiB, 1.23%, 587kB / 596kB, 61.4kB / 0B
[2J[HOK,6,3,429e8e20b14c, floating-point-operation-sine.1.gy1xmc1gob2fuuy0ij7n7tt6w, 389.97%, 46.72MiB / 3.703GiB, 1.23%, 587kB / 596kB, 61.4kB / 0B
[2J[HOK,6,3,429e8e20b14c, floating-point-operation-sine.1.gy1xmc1gob2fuuy0ij7n7tt6w, 389.97%, 46.72MiB / 3.703GiB, 1.23%, 587kB / 596kB, 61.4kB / 0B
[2J[HOK,6,3,429e8e20b14c, floating-point-operation-sine.1.gy1xmc1gob2fuuy0ij7n7tt6w, 377.65%, 46.91MiB / 3.703GiB, 1.24%, 587kB / 596kB, 61.4kB / 0B
[2J[HOK,6,3,429e8e20b14c, floating-point-operation-sine.1.gy1xmc1gob2fuuy0ij7n7tt6w, 377.65%, 46.91MiB / 3.703GiB, 1.24%, 587kB / 596kB, 61.4kB / 0B
[2J[HOK,6,3,429e8e20b14c, floating-point-operation-sine.1.gy1xmc1gob2fuuy0ij7n7tt6w, 391.19%, 46.82MiB / 3.703GiB, 1.23%, 587kB / 596kB, 61.4kB / 0B
[2J[HOK,6,3,429e8e20b14c, floating-point-operation-sine.1.gy1xmc1gob2fuuy0ij7n7tt6w, 391.19%, 46.82MiB / 3.703GiB, 1.23%, 587kB / 596kB, 61.4kB / 0B
[2J[HOK,6,3,429e8e20b14c, floating-point-operation-sine.1.gy1xmc1gob2fuuy0ij7n7tt6w, 397.51%, 46.82MiB / 3.703GiB, 1.23%, 587kB / 596kB, 61.4kB / 0B
[2J[HOK,6,3,429e8e20b14c, floating-point-operation-sine.1.gy1xmc1gob2fuuy0ij7n7tt6w, 397.51%, 46.82MiB / 3.703GiB, 1.23%, 587kB / 596kB, 61.4kB / 0B
[2J[HOK,6,3,429e8e20b14c, floating-point-operation-sine.1.gy1xmc1gob2fuuy0ij7n7tt6w, 363.28%, 46.97MiB / 3.703GiB, 1.24%, 587kB / 596kB, 61.4kB / 0B
[2J[HOK,6,3,429e8e20b14c, floating-point-operation-sine.1.gy1xmc1gob2fuuy0ij7n7tt6w, 363.28%, 46.97MiB / 3.703GiB, 1.24%, 587kB / 596kB, 61.4kB / 0B
[2J[HOK,6,3,429e8e20b14c, floating-point-operation-sine.1.gy1xmc1gob2fuuy0ij7n7tt6w, 397.51%, 46.97MiB / 3.703GiB, 1.24%, 587kB / 596kB, 61.4kB / 0B
[2J[HOK,6,3,429e8e20b14c, floating-point-operation-sine.1.gy1xmc1gob2fuuy0ij7n7tt6w, 397.51%, 46.97MiB / 3.703GiB, 1.24%, 587kB / 596kB, 61.4kB / 0B
[2J[HOK,6,3,429e8e20b14c, floating-point-operation-sine.1.gy1xmc1gob2fuuy0ij7n7tt6w, 393.60%, 46.97MiB / 3.703GiB, 1.24%, 587kB / 596kB, 61.4kB / 0B
[2J[HOK,6,3,429e8e20b14c, floating-point-operation-sine.1.gy1xmc1gob2fuuy0ij7n7tt6w, 393.60%, 46.97MiB / 3.703GiB, 1.24%, 587kB / 596kB, 61.4kB / 0B
[2J[HOK,6,3,429e8e20b14c, floating-point-operation-sine.1.gy1xmc1gob2fuuy0ij7n7tt6w, 393.60%, 46.97MiB / 3.703GiB, 1.24%, 587kB / 596kB, 61.4kB / 0B
[2J[HOK,6,3,429e8e20b14c, floating-point-operation-sine.1.gy1xmc1gob2fuuy0ij7n7tt6w, 372.47%, 46.96MiB / 3.703GiB, 1.24%, 587kB / 596kB, 61.4kB / 0B
[2J[HOK,6,3,429e8e20b14c, floating-point-operation-sine.1.gy1xmc1gob2fuuy0ij7n7tt6w, 372.47%, 46.96MiB / 3.703GiB, 1.24%, 587kB / 596kB, 61.4kB / 0B
[2J[HOK,6,3,429e8e20b14c, floating-point-operation-sine.1.gy1xmc1gob2fuuy0ij7n7tt6w, 393.69%, 46.96MiB / 3.703GiB, 1.24%, 587kB / 596kB, 61.4kB / 0B
[2J[HOK,6,3,429e8e20b14c, floating-point-operation-sine.1.gy1xmc1gob2fuuy0ij7n7tt6w, 393.69%, 46.96MiB / 3.703GiB, 1.24%, 587kB / 596kB, 61.4kB / 0B
[2J[HOK,6,3,429e8e20b14c, floating-point-operation-sine.1.gy1xmc1gob2fuuy0ij7n7tt6w, 392.02%, 46.86MiB / 3.703GiB, 1.24%, 587kB / 596kB, 61.4kB / 0B
[2J[HOK,6,3,429e8e20b14c, floating-point-operation-sine.1.gy1xmc1gob2fuuy0ij7n7tt6w, 392.02%, 46.86MiB / 3.703GiB, 1.24%, 587kB / 596kB, 61.4kB / 0B
[2J[HOK,6,3,429e8e20b14c, floating-point-operation-sine.1.gy1xmc1gob2fuuy0ij7n7tt6w, 381.35%, 46.73MiB / 3.703GiB, 1.23%, 587kB / 596kB, 61.4kB / 0B
[2J[HOK,6,3,429e8e20b14c, floating-point-operation-sine.1.gy1xmc1gob2fuuy0ij7n7tt6w, 381.35%, 46.73MiB / 3.703GiB, 1.23%, 587kB / 596kB, 61.4kB / 0B
[2J[HOK,6,3,429e8e20b14c, floating-point-operation-sine.1.gy1xmc1gob2fuuy0ij7n7tt6w, 388.55%, 46.84MiB / 3.703GiB, 1.24%, 587kB / 597kB, 61.4kB / 0B
[2J[HOK,6,3,429e8e20b14c, floating-point-operation-sine.1.gy1xmc1gob2fuuy0ij7n7tt6w, 388.55%, 46.84MiB / 3.703GiB, 1.24%, 587kB / 597kB, 61.4kB / 0B
[2J[HOK,6,3,429e8e20b14c, floating-point-operation-sine.1.gy1xmc1gob2fuuy0ij7n7tt6w, 393.81%, 46.84MiB / 3.703GiB, 1.24%, 587kB / 597kB, 61.4kB / 0B
[2J[HOK,6,3,429e8e20b14c, floating-point-operation-sine.1.gy1xmc1gob2fuuy0ij7n7tt6w, 393.81%, 46.84MiB / 3.703GiB, 1.24%, 587kB / 597kB, 61.4kB / 0B
[2J[HOK,6,3,429e8e20b14c, floating-point-operation-sine.1.gy1xmc1gob2fuuy0ij7n7tt6w, 380.60%, 46.84MiB / 3.703GiB, 1.24%, 587kB / 597kB, 61.4kB / 0B
[2J[HOK,6,3,429e8e20b14c, floating-point-operation-sine.1.gy1xmc1gob2fuuy0ij7n7tt6w, 380.60%, 46.84MiB / 3.703GiB, 1.24%, 587kB / 597kB, 61.4kB / 0B
[2J[HOK,6,3,429e8e20b14c, floating-point-operation-sine.1.gy1xmc1gob2fuuy0ij7n7tt6w, 366.66%, 46.88MiB / 3.703GiB, 1.24%, 587kB / 597kB, 61.4kB / 0B
[2J[HOK,6,3,429e8e20b14c, floating-point-operation-sine.1.gy1xmc1gob2fuuy0ij7n7tt6w, 366.66%, 46.88MiB / 3.703GiB, 1.24%, 587kB / 597kB, 61.4kB / 0B
[2J[HOK,6,3,429e8e20b14c, floating-point-operation-sine.1.gy1xmc1gob2fuuy0ij7n7tt6w, 404.21%, 46.73MiB / 3.703GiB, 1.23%, 587kB / 597kB, 61.4kB / 0B
[2J[HOK,6,3,429e8e20b14c, floating-point-operation-sine.1.gy1xmc1gob2fuuy0ij7n7tt6w, 404.21%, 46.73MiB / 3.703GiB, 1.23%, 587kB / 597kB, 61.4kB / 0B
[2J[HOK,6,3,429e8e20b14c, floating-point-operation-sine.1.gy1xmc1gob2fuuy0ij7n7tt6w, 390.19%, 46.73MiB / 3.703GiB, 1.23%, 587kB / 597kB, 61.4kB / 0B
[2J[HOK,6,3,429e8e20b14c, floating-point-operation-sine.1.gy1xmc1gob2fuuy0ij7n7tt6w, 390.19%, 46.73MiB / 3.703GiB, 1.23%, 587kB / 597kB, 61.4kB / 0B
[2J[HOK,6,3,429e8e20b14c, floating-point-operation-sine.1.gy1xmc1gob2fuuy0ij7n7tt6w, 374.62%, 46.89MiB / 3.703GiB, 1.24%, 588kB / 597kB, 61.4kB / 0B
[2J[HOK,6,3,429e8e20b14c, floating-point-operation-sine.1.gy1xmc1gob2fuuy0ij7n7tt6w, 374.62%, 46.89MiB / 3.703GiB, 1.24%, 588kB / 597kB, 61.4kB / 0B
[2J[HOK,6,3,429e8e20b14c, floating-point-operation-sine.1.gy1xmc1gob2fuuy0ij7n7tt6w, 392.62%, 46.89MiB / 3.703GiB, 1.24%, 588kB / 597kB, 61.4kB / 0B
[2J[HOK,6,3,429e8e20b14c, floating-point-operation-sine.1.gy1xmc1gob2fuuy0ij7n7tt6w, 392.62%, 46.89MiB / 3.703GiB, 1.24%, 588kB / 597kB, 61.4kB / 0B
[2J[HOK,6,3,429e8e20b14c, floating-point-operation-sine.1.gy1xmc1gob2fuuy0ij7n7tt6w, 390.62%, 46.89MiB / 3.703GiB, 1.24%, 588kB / 597kB, 61.4kB / 0B
[2J[HOK,6,3,429e8e20b14c, floating-point-operation-sine.1.gy1xmc1gob2fuuy0ij7n7tt6w, 390.62%, 46.89MiB / 3.703GiB, 1.24%, 588kB / 597kB, 61.4kB / 0B
[2J[HOK,6,3,429e8e20b14c, floating-point-operation-sine.1.gy1xmc1gob2fuuy0ij7n7tt6w, 373.45%, 46.73MiB / 3.703GiB, 1.23%, 588kB / 597kB, 61.4kB / 0B
[2J[HOK,6,3,429e8e20b14c, floating-point-operation-sine.1.gy1xmc1gob2fuuy0ij7n7tt6w, 373.45%, 46.73MiB / 3.703GiB, 1.23%, 588kB / 597kB, 61.4kB / 0B
[2J[HOK,6,3,429e8e20b14c, floating-point-operation-sine.1.gy1xmc1gob2fuuy0ij7n7tt6w, 395.71%, 46.85MiB / 3.703GiB, 1.24%, 588kB / 597kB, 61.4kB / 0B
[2J[HOK,6,3,429e8e20b14c, floating-point-operation-sine.1.gy1xmc1gob2fuuy0ij7n7tt6w, 395.71%, 46.85MiB / 3.703GiB, 1.24%, 588kB / 597kB, 61.4kB / 0B
[2J[HOK,6,3,429e8e20b14c, floating-point-operation-sine.1.gy1xmc1gob2fuuy0ij7n7tt6w, 391.10%, 46.76MiB / 3.703GiB, 1.23%, 588kB / 597kB, 61.4kB / 0B
[2J[HOK,6,3,429e8e20b14c, floating-point-operation-sine.1.gy1xmc1gob2fuuy0ij7n7tt6w, 391.10%, 46.76MiB / 3.703GiB, 1.23%, 588kB / 597kB, 61.4kB / 0B
[2J[HOK,6,3,429e8e20b14c, floating-point-operation-sine.1.gy1xmc1gob2fuuy0ij7n7tt6w, 393.25%, 46.76MiB / 3.703GiB, 1.23%, 588kB / 597kB, 61.4kB / 0B
[2J[HOK,6,3,429e8e20b14c, floating-point-operation-sine.1.gy1xmc1gob2fuuy0ij7n7tt6w, 393.25%, 46.76MiB / 3.703GiB, 1.23%, 588kB / 597kB, 61.4kB / 0B
[2J[HOK,6,3,429e8e20b14c, floating-point-operation-sine.1.gy1xmc1gob2fuuy0ij7n7tt6w, 370.87%, 46.93MiB / 3.703GiB, 1.24%, 588kB / 597kB, 61.4kB / 0B
[2J[HOK,6,3,429e8e20b14c, floating-point-operation-sine.1.gy1xmc1gob2fuuy0ij7n7tt6w, 370.87%, 46.93MiB / 3.703GiB, 1.24%, 588kB / 597kB, 61.4kB / 0B
[2J[HOK,6,3,429e8e20b14c, floating-point-operation-sine.1.gy1xmc1gob2fuuy0ij7n7tt6w, 384.49%, 45.38MiB / 3.703GiB, 1.20%, 588kB / 597kB, 61.4kB / 0B
[2J[HOK,6,3,429e8e20b14c, floating-point-operation-sine.1.gy1xmc1gob2fuuy0ij7n7tt6w, 384.49%, 45.38MiB / 3.703GiB, 1.20%, 588kB / 597kB, 61.4kB / 0B
[2J[HOK,6,3,429e8e20b14c, floating-point-operation-sine.1.gy1xmc1gob2fuuy0ij7n7tt6w, 392.31%, 42.48MiB / 3.703GiB, 1.12%, 588kB / 598kB, 61.4kB / 0B
[2J[HOK,6,3,429e8e20b14c, floating-point-operation-sine.1.gy1xmc1gob2fuuy0ij7n7tt6w, 392.31%, 42.48MiB / 3.703GiB, 1.12%, 588kB / 598kB, 61.4kB / 0B
[2J[HOK,6,3,429e8e20b14c, floating-point-operation-sine.1.gy1xmc1gob2fuuy0ij7n7tt6w, 371.09%, 37.93MiB / 3.703GiB, 1.00%, 588kB / 598kB, 61.4kB / 0B
[2J[HOK,6,3,429e8e20b14c, floating-point-operation-sine.1.gy1xmc1gob2fuuy0ij7n7tt6w, 371.09%, 37.93MiB / 3.703GiB, 1.00%, 588kB / 598kB, 61.4kB / 0B
[2J[HOK,6,3,429e8e20b14c, floating-point-operation-sine.1.gy1xmc1gob2fuuy0ij7n7tt6w, 371.09%, 37.93MiB / 3.703GiB, 1.00%, 588kB / 598kB, 61.4kB / 0B
[2J[HOK,6,3,429e8e20b14c, floating-point-operation-sine.1.gy1xmc1gob2fuuy0ij7n7tt6w, 334.00%, 33.45MiB / 3.703GiB, 0.88%, 588kB / 598kB, 61.4kB / 0B
[2J[HOK,6,3,429e8e20b14c, floating-point-operation-sine.1.gy1xmc1gob2fuuy0ij7n7tt6w, 334.00%, 33.45MiB / 3.703GiB, 0.88%, 588kB / 598kB, 61.4kB / 0B
[2J[HOK,6,3,429e8e20b14c, floating-point-operation-sine.1.gy1xmc1gob2fuuy0ij7n7tt6w, 301.66%, 29.13MiB / 3.703GiB, 0.77%, 588kB / 598kB, 61.4kB / 0B
[2J[HOK,6,3,429e8e20b14c, floating-point-operation-sine.1.gy1xmc1gob2fuuy0ij7n7tt6w, 301.66%, 29.13MiB / 3.703GiB, 0.77%, 588kB / 598kB, 61.4kB / 0B
[2J[HOK,6,3,429e8e20b14c, floating-point-operation-sine.1.gy1xmc1gob2fuuy0ij7n7tt6w, 139.12%, 24.67MiB / 3.703GiB, 0.65%, 588kB / 599kB, 61.4kB / 0B
[2J[HOK,6,3,429e8e20b14c, floating-point-operation-sine.1.gy1xmc1gob2fuuy0ij7n7tt6w, 139.12%, 24.67MiB / 3.703GiB, 0.65%, 588kB / 599kB, 61.4kB / 0B
[2J[HOK,6,3,429e8e20b14c, floating-point-operation-sine.1.gy1xmc1gob2fuuy0ij7n7tt6w, 100.22%, 24.67MiB / 3.703GiB, 0.65%, 588kB / 599kB, 61.4kB / 0B
[2J[HOK,6,3,429e8e20b14c, floating-point-operation-sine.1.gy1xmc1gob2fuuy0ij7n7tt6w, 100.22%, 24.67MiB / 3.703GiB, 0.65%, 588kB / 599kB, 61.4kB / 0B
[2J[HOK,6,3,429e8e20b14c, floating-point-operation-sine.1.gy1xmc1gob2fuuy0ij7n7tt6w, 100.45%, 24.57MiB / 3.703GiB, 0.65%, 588kB / 599kB, 61.4kB / 0B
[2J[HOK,6,3,429e8e20b14c, floating-point-operation-sine.1.gy1xmc1gob2fuuy0ij7n7tt6w, 100.45%, 24.57MiB / 3.703GiB, 0.65%, 588kB / 599kB, 61.4kB / 0B
[2J[HOK,6,3,429e8e20b14c, floating-point-operation-sine.1.gy1xmc1gob2fuuy0ij7n7tt6w, 101.02%, 24.57MiB / 3.703GiB, 0.65%, 588kB / 599kB, 61.4kB / 0B
[2J[HOK,6,3,429e8e20b14c, floating-point-operation-sine.1.gy1xmc1gob2fuuy0ij7n7tt6w, 101.02%, 24.57MiB / 3.703GiB, 0.65%, 588kB / 599kB, 61.4kB / 0B
[2J[HOK,6,3,429e8e20b14c, floating-point-operation-sine.1.gy1xmc1gob2fuuy0ij7n7tt6w, 103.43%, 24.57MiB / 3.703GiB, 0.65%, 588kB / 599kB, 61.4kB / 0B
[2J[HOK,6,3,429e8e20b14c, floating-point-operation-sine.1.gy1xmc1gob2fuuy0ij7n7tt6w, 103.43%, 24.57MiB / 3.703GiB, 0.65%, 588kB / 599kB, 61.4kB / 0B
[2J[HOK,6,3,429e8e20b14c, floating-point-operation-sine.1.gy1xmc1gob2fuuy0ij7n7tt6w, 99.71%, 24.57MiB / 3.703GiB, 0.65%, 588kB / 599kB, 61.4kB / 0B
[2J[HOK,6,3,429e8e20b14c, floating-point-operation-sine.1.gy1xmc1gob2fuuy0ij7n7tt6w, 99.71%, 24.57MiB / 3.703GiB, 0.65%, 588kB / 599kB, 61.4kB / 0B
[2J[HOK,6,3,429e8e20b14c, floating-point-operation-sine.1.gy1xmc1gob2fuuy0ij7n7tt6w, 101.01%, 24.57MiB / 3.703GiB, 0.65%, 588kB / 599kB, 61.4kB / 0B
[2J[HOK,6,3,429e8e20b14c, floating-point-operation-sine.1.gy1xmc1gob2fuuy0ij7n7tt6w, 101.01%, 24.57MiB / 3.703GiB, 0.65%, 588kB / 599kB, 61.4kB / 0B
[2J[HOK,6,3,429e8e20b14c, floating-point-operation-sine.1.gy1xmc1gob2fuuy0ij7n7tt6w, 103.46%, 24.57MiB / 3.703GiB, 0.65%, 588kB / 599kB, 61.4kB / 0B
[2J[HOK,6,3,429e8e20b14c, floating-point-operation-sine.1.gy1xmc1gob2fuuy0ij7n7tt6w, 103.46%, 24.57MiB / 3.703GiB, 0.65%, 588kB / 599kB, 61.4kB / 0B
[2J[HOK,6,3,429e8e20b14c, floating-point-operation-sine.1.gy1xmc1gob2fuuy0ij7n7tt6w, 99.23%, 24.57MiB / 3.703GiB, 0.65%, 588kB / 599kB, 61.4kB / 0B
[2J[HOK,6,3,429e8e20b14c, floating-point-operation-sine.1.gy1xmc1gob2fuuy0ij7n7tt6w, 99.23%, 24.57MiB / 3.703GiB, 0.65%, 588kB / 599kB, 61.4kB / 0B
[2J[HOK,6,3,429e8e20b14c, floating-point-operation-sine.1.gy1xmc1gob2fuuy0ij7n7tt6w, 100.21%, 24.57MiB / 3.703GiB, 0.65%, 588kB / 599kB, 61.4kB / 0B
[2J[HOK,6,3,429e8e20b14c, floating-point-operation-sine.1.gy1xmc1gob2fuuy0ij7n7tt6w, 100.21%, 24.57MiB / 3.703GiB, 0.65%, 588kB / 599kB, 61.4kB / 0B
[2J[HOK,6,3,429e8e20b14c, floating-point-operation-sine.1.gy1xmc1gob2fuuy0ij7n7tt6w, 104.27%, 24.66MiB / 3.703GiB, 0.65%, 589kB / 599kB, 61.4kB / 0B
[2J[HOK,6,3,429e8e20b14c, floating-point-operation-sine.1.gy1xmc1gob2fuuy0ij7n7tt6w, 104.27%, 24.66MiB / 3.703GiB, 0.65%, 589kB / 599kB, 61.4kB / 0B
[2J[HOK,6,3,429e8e20b14c, floating-point-operation-sine.1.gy1xmc1gob2fuuy0ij7n7tt6w, 99.22%, 24.66MiB / 3.703GiB, 0.65%, 589kB / 599kB, 61.4kB / 0B
[2J[HOK,6,3,429e8e20b14c, floating-point-operation-sine.1.gy1xmc1gob2fuuy0ij7n7tt6w, 99.22%, 24.66MiB / 3.703GiB, 0.65%, 589kB / 599kB, 61.4kB / 0B
[2J[HOK,6,3,429e8e20b14c, floating-point-operation-sine.1.gy1xmc1gob2fuuy0ij7n7tt6w, 100.38%, 24.66MiB / 3.703GiB, 0.65%, 589kB / 599kB, 61.4kB / 0B
[2J[HOK,6,3,429e8e20b14c, floating-point-operation-sine.1.gy1xmc1gob2fuuy0ij7n7tt6w, 100.38%, 24.66MiB / 3.703GiB, 0.65%, 589kB / 599kB, 61.4kB / 0B
[2J[HOK,6,3,429e8e20b14c, floating-point-operation-sine.1.gy1xmc1gob2fuuy0ij7n7tt6w, 105.52%, 24.66MiB / 3.703GiB, 0.65%, 589kB / 599kB, 61.4kB / 0B
[2J[HOK,6,3,429e8e20b14c, floating-point-operation-sine.1.gy1xmc1gob2fuuy0ij7n7tt6w, 105.52%, 24.66MiB / 3.703GiB, 0.65%, 589kB / 599kB, 61.4kB / 0B
[2J[HOK,6,3,429e8e20b14c, floating-point-operation-sine.1.gy1xmc1gob2fuuy0ij7n7tt6w, 100.48%, 24.66MiB / 3.703GiB, 0.65%, 589kB / 599kB, 61.4kB / 0B
