[2J[Hok, 9a8afdfdba5f, image-classification-alexnet-gpu.1.ggw4dvws6wr07eeuogt3lvs62, 0.00%, 1.781MiB / 3.871GiB, 0.04%, 1.73kB / 0B, 455kB / 0B, 8
[2J[Hok, 9a8afdfdba5f, image-classification-alexnet-gpu.1.ggw4dvws6wr07eeuogt3lvs62, 0.00%, 1.781MiB / 3.871GiB, 0.04%, 1.73kB / 0B, 455kB / 0B, 8
[2J[Hok, 9a8afdfdba5f, image-classification-alexnet-gpu.1.ggw4dvws6wr07eeuogt3lvs62, 0.00%, 1.781MiB / 3.871GiB, 0.04%, 2kB / 0B, 455kB / 0B, 8
[2J[Hok, 9a8afdfdba5f, image-classification-alexnet-gpu.1.ggw4dvws6wr07eeuogt3lvs62, 0.00%, 1.781MiB / 3.871GiB, 0.04%, 2kB / 0B, 455kB / 0B, 8
[2J[Hok, 9a8afdfdba5f, image-classification-alexnet-gpu.1.ggw4dvws6wr07eeuogt3lvs62, 0.00%, 1.781MiB / 3.871GiB, 0.04%, 2kB / 0B, 455kB / 0B, 8
[2J[Hok, 9a8afdfdba5f, image-classification-alexnet-gpu.1.ggw4dvws6wr07eeuogt3lvs62, 0.00%, 1.781MiB / 3.871GiB, 0.04%, 2kB / 0B, 455kB / 0B, 8
[2J[Hok, 9a8afdfdba5f, image-classification-alexnet-gpu.1.ggw4dvws6wr07eeuogt3lvs62, 3.86%, 1.895MiB / 3.871GiB, 0.05%, 2kB / 0B, 467kB / 0B, 8
[2J[Hok, 9a8afdfdba5f, image-classification-alexnet-gpu.1.ggw4dvws6wr07eeuogt3lvs62, 3.86%, 1.895MiB / 3.871GiB, 0.05%, 2kB / 0B, 467kB / 0B, 8
[2J[Hok, 9a8afdfdba5f, image-classification-alexnet-gpu.1.ggw4dvws6wr07eeuogt3lvs62, 77.65%, 17.88MiB / 3.871GiB, 0.45%, 2.45kB / 182B, 38.1MB / 0B, 13
[2J[Hok, 9a8afdfdba5f, image-classification-alexnet-gpu.1.ggw4dvws6wr07eeuogt3lvs62, 77.65%, 17.88MiB / 3.871GiB, 0.45%, 2.45kB / 182B, 38.1MB / 0B, 13
[2J[Hok, 9a8afdfdba5f, image-classification-alexnet-gpu.1.ggw4dvws6wr07eeuogt3lvs62, 145.87%, 51.55MiB / 3.871GiB, 1.30%, 2.45kB / 182B, 55.2MB / 0B, 13
[2J[Hok, 9a8afdfdba5f, image-classification-alexnet-gpu.1.ggw4dvws6wr07eeuogt3lvs62, 145.87%, 51.55MiB / 3.871GiB, 1.30%, 2.45kB / 182B, 55.2MB / 0B, 13
[2J[Hok, 9a8afdfdba5f, image-classification-alexnet-gpu.1.ggw4dvws6wr07eeuogt3lvs62, 66.62%, 64.48MiB / 3.871GiB, 1.63%, 11.9kB / 3.21kB, 56.4MB / 0B, 13
[2J[Hok, 9a8afdfdba5f, image-classification-alexnet-gpu.1.ggw4dvws6wr07eeuogt3lvs62, 66.62%, 64.48MiB / 3.871GiB, 1.63%, 11.9kB / 3.21kB, 56.4MB / 0B, 13
[2J[Hok, 9a8afdfdba5f, image-classification-alexnet-gpu.1.ggw4dvws6wr07eeuogt3lvs62, 59.66%, 66.7MiB / 3.871GiB, 1.68%, 6.44MB / 123kB, 58.2MB / 0B, 13
[2J[Hok, 9a8afdfdba5f, image-classification-alexnet-gpu.1.ggw4dvws6wr07eeuogt3lvs62, 59.66%, 66.7MiB / 3.871GiB, 1.68%, 6.44MB / 123kB, 58.2MB / 0B, 13
[2J[Hok, 9a8afdfdba5f, image-classification-alexnet-gpu.1.ggw4dvws6wr07eeuogt3lvs62, 99.27%, 259.8MiB / 3.871GiB, 6.55%, 6.44MB / 123kB, 58.2MB / 0B, 13
[2J[Hok, 9a8afdfdba5f, image-classification-alexnet-gpu.1.ggw4dvws6wr07eeuogt3lvs62, 99.27%, 259.8MiB / 3.871GiB, 6.55%, 6.44MB / 123kB, 58.2MB / 0B, 13
[2J[Hok, 9a8afdfdba5f, image-classification-alexnet-gpu.1.ggw4dvws6wr07eeuogt3lvs62, 55.89%, 299.3MiB / 3.871GiB, 7.55%, 14.9MB / 275kB, 58.2MB / 0B, 13
[2J[Hok, 9a8afdfdba5f, image-classification-alexnet-gpu.1.ggw4dvws6wr07eeuogt3lvs62, 55.89%, 299.3MiB / 3.871GiB, 7.55%, 14.9MB / 275kB, 58.2MB / 0B, 13
[2J[Hok, 9a8afdfdba5f, image-classification-alexnet-gpu.1.ggw4dvws6wr07eeuogt3lvs62, 54.17%, 299.3MiB / 3.871GiB, 7.55%, 27.2MB / 490kB, 58.2MB / 0B, 13
[2J[Hok, 9a8afdfdba5f, image-classification-alexnet-gpu.1.ggw4dvws6wr07eeuogt3lvs62, 54.17%, 299.3MiB / 3.871GiB, 7.55%, 27.2MB / 490kB, 58.2MB / 0B, 13
[2J[Hok, 9a8afdfdba5f, image-classification-alexnet-gpu.1.ggw4dvws6wr07eeuogt3lvs62, 56.95%, 299.6MiB / 3.871GiB, 7.56%, 39.5MB / 725kB, 58.2MB / 0B, 13
[2J[Hok, 9a8afdfdba5f, image-classification-alexnet-gpu.1.ggw4dvws6wr07eeuogt3lvs62, 56.95%, 299.6MiB / 3.871GiB, 7.56%, 39.5MB / 725kB, 58.2MB / 0B, 13
[2J[Hok, 9a8afdfdba5f, image-classification-alexnet-gpu.1.ggw4dvws6wr07eeuogt3lvs62, 54.68%, 299.4MiB / 3.871GiB, 7.55%, 51.9MB / 958kB, 58.2MB / 0B, 13
[2J[Hok, 9a8afdfdba5f, image-classification-alexnet-gpu.1.ggw4dvws6wr07eeuogt3lvs62, 54.68%, 299.4MiB / 3.871GiB, 7.55%, 51.9MB / 958kB, 58.2MB / 0B, 13
[2J[Hok, 9a8afdfdba5f, image-classification-alexnet-gpu.1.ggw4dvws6wr07eeuogt3lvs62, 52.82%, 299.6MiB / 3.871GiB, 7.56%, 64.3MB / 1.2MB, 58.2MB / 0B, 13
[2J[Hok, 9a8afdfdba5f, image-classification-alexnet-gpu.1.ggw4dvws6wr07eeuogt3lvs62, 52.82%, 299.6MiB / 3.871GiB, 7.56%, 64.3MB / 1.2MB, 58.2MB / 0B, 13
[2J[Hok, 9a8afdfdba5f, image-classification-alexnet-gpu.1.ggw4dvws6wr07eeuogt3lvs62, 55.33%, 299.7MiB / 3.871GiB, 7.56%, 76.7MB / 1.43MB, 58.2MB / 0B, 13
[2J[Hok, 9a8afdfdba5f, image-classification-alexnet-gpu.1.ggw4dvws6wr07eeuogt3lvs62, 55.33%, 299.7MiB / 3.871GiB, 7.56%, 76.7MB / 1.43MB, 58.2MB / 0B, 13
[2J[Hok, 9a8afdfdba5f, image-classification-alexnet-gpu.1.ggw4dvws6wr07eeuogt3lvs62, 59.37%, 299.6MiB / 3.871GiB, 7.56%, 89.1MB / 1.66MB, 58.2MB / 0B, 13
[2J[Hok, 9a8afdfdba5f, image-classification-alexnet-gpu.1.ggw4dvws6wr07eeuogt3lvs62, 59.37%, 299.6MiB / 3.871GiB, 7.56%, 89.1MB / 1.66MB, 58.2MB / 0B, 13
[2J[Hok, 9a8afdfdba5f, image-classification-alexnet-gpu.1.ggw4dvws6wr07eeuogt3lvs62, 54.40%, 299.6MiB / 3.871GiB, 7.56%, 102MB / 1.91MB, 58.2MB / 0B, 13
[2J[Hok, 9a8afdfdba5f, image-classification-alexnet-gpu.1.ggw4dvws6wr07eeuogt3lvs62, 54.40%, 299.6MiB / 3.871GiB, 7.56%, 102MB / 1.91MB, 58.2MB / 0B, 13
[2J[Hok, 9a8afdfdba5f, image-classification-alexnet-gpu.1.ggw4dvws6wr07eeuogt3lvs62, 53.94%, 299.6MiB / 3.871GiB, 7.56%, 114MB / 2.15MB, 58.2MB / 0B, 13
[2J[Hok, 9a8afdfdba5f, image-classification-alexnet-gpu.1.ggw4dvws6wr07eeuogt3lvs62, 53.94%, 299.6MiB / 3.871GiB, 7.56%, 114MB / 2.15MB, 58.2MB / 0B, 13
[2J[Hok, 9a8afdfdba5f, image-classification-alexnet-gpu.1.ggw4dvws6wr07eeuogt3lvs62, 56.72%, 299.7MiB / 3.871GiB, 7.56%, 126MB / 2.39MB, 58.2MB / 0B, 13
[2J[Hok, 9a8afdfdba5f, image-classification-alexnet-gpu.1.ggw4dvws6wr07eeuogt3lvs62, 56.72%, 299.7MiB / 3.871GiB, 7.56%, 126MB / 2.39MB, 58.2MB / 0B, 13
[2J[Hok, 9a8afdfdba5f, image-classification-alexnet-gpu.1.ggw4dvws6wr07eeuogt3lvs62, 45.88%, 299.9MiB / 3.871GiB, 7.57%, 136MB / 2.57MB, 58.2MB / 0B, 13
[2J[Hok, 9a8afdfdba5f, image-classification-alexnet-gpu.1.ggw4dvws6wr07eeuogt3lvs62, 45.88%, 299.9MiB / 3.871GiB, 7.57%, 136MB / 2.57MB, 58.2MB / 0B, 13
[2J[Hok, 9a8afdfdba5f, image-classification-alexnet-gpu.1.ggw4dvws6wr07eeuogt3lvs62, 59.26%, 299.8MiB / 3.871GiB, 7.56%, 148MB / 2.8MB, 58.2MB / 0B, 13
[2J[Hok, 9a8afdfdba5f, image-classification-alexnet-gpu.1.ggw4dvws6wr07eeuogt3lvs62, 59.26%, 299.8MiB / 3.871GiB, 7.56%, 148MB / 2.8MB, 58.2MB / 0B, 13
[2J[Hok, 9a8afdfdba5f, image-classification-alexnet-gpu.1.ggw4dvws6wr07eeuogt3lvs62, 60.72%, 299.9MiB / 3.871GiB, 7.57%, 161MB / 3.03MB, 58.2MB / 0B, 13
[2J[Hok, 9a8afdfdba5f, image-classification-alexnet-gpu.1.ggw4dvws6wr07eeuogt3lvs62, 60.72%, 299.9MiB / 3.871GiB, 7.57%, 161MB / 3.03MB, 58.2MB / 0B, 13
[2J[Hok, 9a8afdfdba5f, image-classification-alexnet-gpu.1.ggw4dvws6wr07eeuogt3lvs62, 52.11%, 299.7MiB / 3.871GiB, 7.56%, 173MB / 3.24MB, 58.2MB / 0B, 13
[2J[Hok, 9a8afdfdba5f, image-classification-alexnet-gpu.1.ggw4dvws6wr07eeuogt3lvs62, 52.11%, 299.7MiB / 3.871GiB, 7.56%, 173MB / 3.24MB, 58.2MB / 0B, 13
[2J[Hok, 9a8afdfdba5f, image-classification-alexnet-gpu.1.ggw4dvws6wr07eeuogt3lvs62, 54.46%, 300MiB / 3.871GiB, 7.57%, 185MB / 3.45MB, 58.2MB / 0B, 13
[2J[Hok, 9a8afdfdba5f, image-classification-alexnet-gpu.1.ggw4dvws6wr07eeuogt3lvs62, 54.46%, 300MiB / 3.871GiB, 7.57%, 185MB / 3.45MB, 58.2MB / 0B, 13
[2J[Hok, 9a8afdfdba5f, image-classification-alexnet-gpu.1.ggw4dvws6wr07eeuogt3lvs62, 56.54%, 300.1MiB / 3.871GiB, 7.57%, 198MB / 3.68MB, 58.2MB / 0B, 13
[2J[Hok, 9a8afdfdba5f, image-classification-alexnet-gpu.1.ggw4dvws6wr07eeuogt3lvs62, 56.54%, 300.1MiB / 3.871GiB, 7.57%, 198MB / 3.68MB, 58.2MB / 0B, 13
[2J[Hok, 9a8afdfdba5f, image-classification-alexnet-gpu.1.ggw4dvws6wr07eeuogt3lvs62, 57.40%, 300MiB / 3.871GiB, 7.57%, 210MB / 3.9MB, 58.2MB / 0B, 21
[2J[Hok, 9a8afdfdba5f, image-classification-alexnet-gpu.1.ggw4dvws6wr07eeuogt3lvs62, 57.40%, 300MiB / 3.871GiB, 7.57%, 210MB / 3.9MB, 58.2MB / 0B, 21
[2J[Hok, 9a8afdfdba5f, image-classification-alexnet-gpu.1.ggw4dvws6wr07eeuogt3lvs62, 57.40%, 300MiB / 3.871GiB, 7.57%, 210MB / 3.9MB, 58.2MB / 0B, 21
[2J[Hok, 9a8afdfdba5f, image-classification-alexnet-gpu.1.ggw4dvws6wr07eeuogt3lvs62, 57.40%, 300MiB / 3.871GiB, 7.57%, 210MB / 3.9MB, 58.2MB / 0B, 21
[2J[Hok, 9a8afdfdba5f, image-classification-alexnet-gpu.1.ggw4dvws6wr07eeuogt3lvs62, --, -- / --, --, --, --, --
[2J[Hok, 9a8afdfdba5f, image-classification-alexnet-gpu.1.ggw4dvws6wr07eeuogt3lvs62, 55.39%, 300.2MiB / 3.871GiB, 7.57%, 244MB / 4.55MB, 58.2MB / 0B, 13
[2J[Hok, 9a8afdfdba5f, image-classification-alexnet-gpu.1.ggw4dvws6wr07eeuogt3lvs62, 55.39%, 300.2MiB / 3.871GiB, 7.57%, 244MB / 4.55MB, 58.2MB / 0B, 13
[2J[Hok, 9a8afdfdba5f, image-classification-alexnet-gpu.1.ggw4dvws6wr07eeuogt3lvs62, 55.39%, 300.2MiB / 3.871GiB, 7.57%, 244MB / 4.55MB, 58.2MB / 0B, 13
[2J[Hok, 9a8afdfdba5f, image-classification-alexnet-gpu.1.ggw4dvws6wr07eeuogt3lvs62, 56.70%, 300.4MiB / 3.871GiB, 7.58%, 256MB / 4.78MB, 58.2MB / 0B, 13
[2J[Hok, 9a8afdfdba5f, image-classification-alexnet-gpu.1.ggw4dvws6wr07eeuogt3lvs62, 56.70%, 300.4MiB / 3.871GiB, 7.58%, 256MB / 4.78MB, 58.2MB / 0B, 13
[2J[Hok, 9a8afdfdba5f, image-classification-alexnet-gpu.1.ggw4dvws6wr07eeuogt3lvs62, 80.46%, 300.6MiB / 3.871GiB, 7.58%, 262MB / 4.89MB, 58.2MB / 0B, 13
[2J[Hok, 9a8afdfdba5f, image-classification-alexnet-gpu.1.ggw4dvws6wr07eeuogt3lvs62, 80.46%, 300.6MiB / 3.871GiB, 7.58%, 262MB / 4.89MB, 58.2MB / 0B, 13
[2J[Hok, 9a8afdfdba5f, image-classification-alexnet-gpu.1.ggw4dvws6wr07eeuogt3lvs62, 77.47%, 533.8MiB / 3.871GiB, 13.47%, 262MB / 4.89MB, 58.2MB / 0B, 13
[2J[Hok, 9a8afdfdba5f, image-classification-alexnet-gpu.1.ggw4dvws6wr07eeuogt3lvs62, 77.47%, 533.8MiB / 3.871GiB, 13.47%, 262MB / 4.89MB, 58.2MB / 0B, 13
[2J[Hok, 9a8afdfdba5f, image-classification-alexnet-gpu.1.ggw4dvws6wr07eeuogt3lvs62, 77.47%, 533.8MiB / 3.871GiB, 13.47%, 262MB / 4.89MB, 58.2MB / 0B, 13
[2J[Hok, 9a8afdfdba5f, image-classification-alexnet-gpu.1.ggw4dvws6wr07eeuogt3lvs62, 77.47%, 533.8MiB / 3.871GiB, 13.47%, 262MB / 4.89MB, 58.2MB / 0B, 13
[2J[Hok, 9a8afdfdba5f, image-classification-alexnet-gpu.1.ggw4dvws6wr07eeuogt3lvs62, --, -- / --, --, --, --, --
[2J[Hok, 9a8afdfdba5f, image-classification-alexnet-gpu.1.ggw4dvws6wr07eeuogt3lvs62, --, -- / --, --, --, --, --
[2J[Hok, 9a8afdfdba5f, image-classification-alexnet-gpu.1.ggw4dvws6wr07eeuogt3lvs62, 18.73%, 302MiB / 3.871GiB, 7.62%, 262MB / 4.89MB, 58.3MB / 0B, 16
[2J[Hok, 9a8afdfdba5f, image-classification-alexnet-gpu.1.ggw4dvws6wr07eeuogt3lvs62, 18.73%, 302MiB / 3.871GiB, 7.62%, 262MB / 4.89MB, 58.3MB / 0B, 16
[2J[Hok, 9a8afdfdba5f, image-classification-alexnet-gpu.1.ggw4dvws6wr07eeuogt3lvs62, 65.37%, 360.3MiB / 3.871GiB, 9.09%, 262MB / 4.89MB, 106MB / 0B, 17
[2J[Hok, 9a8afdfdba5f, image-classification-alexnet-gpu.1.ggw4dvws6wr07eeuogt3lvs62, 65.37%, 360.3MiB / 3.871GiB, 9.09%, 262MB / 4.89MB, 106MB / 0B, 17
[2J[Hok, 9a8afdfdba5f, image-classification-alexnet-gpu.1.ggw4dvws6wr07eeuogt3lvs62, 47.77%, 416.1MiB / 3.871GiB, 10.50%, 262MB / 4.89MB, 181MB / 0B, 17
[2J[Hok, 9a8afdfdba5f, image-classification-alexnet-gpu.1.ggw4dvws6wr07eeuogt3lvs62, 47.77%, 416.1MiB / 3.871GiB, 10.50%, 262MB / 4.89MB, 181MB / 0B, 17
[2J[Hok, 9a8afdfdba5f, image-classification-alexnet-gpu.1.ggw4dvws6wr07eeuogt3lvs62, 58.87%, 503.2MiB / 3.871GiB, 12.69%, 262MB / 4.89MB, 220MB / 0B, 17
[2J[Hok, 9a8afdfdba5f, image-classification-alexnet-gpu.1.ggw4dvws6wr07eeuogt3lvs62, 58.87%, 503.2MiB / 3.871GiB, 12.69%, 262MB / 4.89MB, 220MB / 0B, 17
[2J[Hok, 9a8afdfdba5f, image-classification-alexnet-gpu.1.ggw4dvws6wr07eeuogt3lvs62, 58.87%, 503.2MiB / 3.871GiB, 12.69%, 262MB / 4.89MB, 220MB / 0B, 17
[2J[Hok, 9a8afdfdba5f, image-classification-alexnet-gpu.1.ggw4dvws6wr07eeuogt3lvs62, 51.92%, 600.7MiB / 3.871GiB, 15.15%, 262MB / 4.89MB, 270MB / 0B, 17
[2J[Hok, 9a8afdfdba5f, image-classification-alexnet-gpu.1.ggw4dvws6wr07eeuogt3lvs62, 51.92%, 600.7MiB / 3.871GiB, 15.15%, 262MB / 4.89MB, 270MB / 0B, 17
[2J[Hok, 9a8afdfdba5f, image-classification-alexnet-gpu.1.ggw4dvws6wr07eeuogt3lvs62, 56.35%, 688.9MiB / 3.871GiB, 17.38%, 262MB / 4.89MB, 325MB / 0B, 17
[2J[Hok, 9a8afdfdba5f, image-classification-alexnet-gpu.1.ggw4dvws6wr07eeuogt3lvs62, 56.35%, 688.9MiB / 3.871GiB, 17.38%, 262MB / 4.89MB, 325MB / 0B, 17
[2J[Hok, 9a8afdfdba5f, image-classification-alexnet-gpu.1.ggw4dvws6wr07eeuogt3lvs62, 76.87%, 819.4MiB / 3.871GiB, 20.67%, 262MB / 4.89MB, 357MB / 0B, 17
[2J[Hok, 9a8afdfdba5f, image-classification-alexnet-gpu.1.ggw4dvws6wr07eeuogt3lvs62, 76.87%, 819.4MiB / 3.871GiB, 20.67%, 262MB / 4.89MB, 357MB / 0B, 17
[2J[Hok, 9a8afdfdba5f, image-classification-alexnet-gpu.1.ggw4dvws6wr07eeuogt3lvs62, 71.35%, 939.7MiB / 3.871GiB, 23.71%, 262MB / 4.89MB, 395MB / 0B, 17
[2J[Hok, 9a8afdfdba5f, image-classification-alexnet-gpu.1.ggw4dvws6wr07eeuogt3lvs62, 71.35%, 939.7MiB / 3.871GiB, 23.71%, 262MB / 4.89MB, 395MB / 0B, 17
[2J[Hok, 9a8afdfdba5f, image-classification-alexnet-gpu.1.ggw4dvws6wr07eeuogt3lvs62, 64.10%, 1.025GiB / 3.871GiB, 26.47%, 262MB / 4.89MB, 446MB / 0B, 17
[2J[Hok, 9a8afdfdba5f, image-classification-alexnet-gpu.1.ggw4dvws6wr07eeuogt3lvs62, 64.10%, 1.025GiB / 3.871GiB, 26.47%, 262MB / 4.89MB, 446MB / 0B, 17
[2J[Hok, 9a8afdfdba5f, image-classification-alexnet-gpu.1.ggw4dvws6wr07eeuogt3lvs62, 59.67%, 1.102GiB / 3.871GiB, 28.47%, 262MB / 4.89MB, 495MB / 0B, 17
[2J[Hok, 9a8afdfdba5f, image-classification-alexnet-gpu.1.ggw4dvws6wr07eeuogt3lvs62, 59.67%, 1.102GiB / 3.871GiB, 28.47%, 262MB / 4.89MB, 495MB / 0B, 17
[2J[Hok, 9a8afdfdba5f, image-classification-alexnet-gpu.1.ggw4dvws6wr07eeuogt3lvs62, 53.73%, 1.174GiB / 3.871GiB, 30.32%, 262MB / 4.89MB, 568MB / 0B, 17
[2J[Hok, 9a8afdfdba5f, image-classification-alexnet-gpu.1.ggw4dvws6wr07eeuogt3lvs62, 53.73%, 1.174GiB / 3.871GiB, 30.32%, 262MB / 4.89MB, 568MB / 0B, 17
[2J[Hok, 9a8afdfdba5f, image-classification-alexnet-gpu.1.ggw4dvws6wr07eeuogt3lvs62, 67.34%, 1.272GiB / 3.871GiB, 32.87%, 262MB / 4.89MB, 606MB / 0B, 17
[2J[Hok, 9a8afdfdba5f, image-classification-alexnet-gpu.1.ggw4dvws6wr07eeuogt3lvs62, 67.34%, 1.272GiB / 3.871GiB, 32.87%, 262MB / 4.89MB, 606MB / 0B, 17
[2J[Hok, 9a8afdfdba5f, image-classification-alexnet-gpu.1.ggw4dvws6wr07eeuogt3lvs62, 66.46%, 1.08GiB / 3.871GiB, 27.89%, 262MB / 4.89MB, 631MB / 0B, 17
[2J[Hok, 9a8afdfdba5f, image-classification-alexnet-gpu.1.ggw4dvws6wr07eeuogt3lvs62, 66.46%, 1.08GiB / 3.871GiB, 27.89%, 262MB / 4.89MB, 631MB / 0B, 17
[2J[Hok, 9a8afdfdba5f, image-classification-alexnet-gpu.1.ggw4dvws6wr07eeuogt3lvs62, 67.94%, 1.165GiB / 3.871GiB, 30.10%, 262MB / 4.89MB, 664MB / 0B, 17
[2J[Hok, 9a8afdfdba5f, image-classification-alexnet-gpu.1.ggw4dvws6wr07eeuogt3lvs62, 67.94%, 1.165GiB / 3.871GiB, 30.10%, 262MB / 4.89MB, 664MB / 0B, 17
[2J[Hok, 9a8afdfdba5f, image-classification-alexnet-gpu.1.ggw4dvws6wr07eeuogt3lvs62, 61.62%, 1.286GiB / 3.871GiB, 33.22%, 262MB / 4.89MB, 732MB / 0B, 17
[2J[Hok, 9a8afdfdba5f, image-classification-alexnet-gpu.1.ggw4dvws6wr07eeuogt3lvs62, 61.62%, 1.286GiB / 3.871GiB, 33.22%, 262MB / 4.89MB, 732MB / 0B, 17
[2J[Hok, 9a8afdfdba5f, image-classification-alexnet-gpu.1.ggw4dvws6wr07eeuogt3lvs62, 19.55%, 1.353GiB / 3.871GiB, 34.95%, 262MB / 4.89MB, 858MB / 0B, 17
[2J[Hok, 9a8afdfdba5f, image-classification-alexnet-gpu.1.ggw4dvws6wr07eeuogt3lvs62, 19.55%, 1.353GiB / 3.871GiB, 34.95%, 262MB / 4.89MB, 858MB / 0B, 17
[2J[Hok, 9a8afdfdba5f, image-classification-alexnet-gpu.1.ggw4dvws6wr07eeuogt3lvs62, 20.03%, 1.404GiB / 3.871GiB, 36.27%, 262MB / 4.89MB, 962MB / 0B, 17
[2J[Hok, 9a8afdfdba5f, image-classification-alexnet-gpu.1.ggw4dvws6wr07eeuogt3lvs62, 20.03%, 1.404GiB / 3.871GiB, 36.27%, 262MB / 4.89MB, 962MB / 0B, 17
[2J[Hok, 9a8afdfdba5f, image-classification-alexnet-gpu.1.ggw4dvws6wr07eeuogt3lvs62, 52.96%, 1.538GiB / 3.871GiB, 39.74%, 262MB / 4.89MB, 1.02GB / 0B, 17
[2J[Hok, 9a8afdfdba5f, image-classification-alexnet-gpu.1.ggw4dvws6wr07eeuogt3lvs62, 52.96%, 1.538GiB / 3.871GiB, 39.74%, 262MB / 4.89MB, 1.02GB / 0B, 17
[2J[Hok, 9a8afdfdba5f, image-classification-alexnet-gpu.1.ggw4dvws6wr07eeuogt3lvs62, 44.52%, 1.628GiB / 3.871GiB, 42.05%, 262MB / 4.89MB, 1.08GB / 0B, 17
[2J[Hok, 9a8afdfdba5f, image-classification-alexnet-gpu.1.ggw4dvws6wr07eeuogt3lvs62, 44.52%, 1.628GiB / 3.871GiB, 42.05%, 262MB / 4.89MB, 1.08GB / 0B, 17
[2J[Hok, 9a8afdfdba5f, image-classification-alexnet-gpu.1.ggw4dvws6wr07eeuogt3lvs62, 29.10%, 1.667GiB / 3.871GiB, 43.05%, 262MB / 4.89MB, 1.15GB / 0B, 17
[2J[Hok, 9a8afdfdba5f, image-classification-alexnet-gpu.1.ggw4dvws6wr07eeuogt3lvs62, 29.10%, 1.667GiB / 3.871GiB, 43.05%, 262MB / 4.89MB, 1.15GB / 0B, 17
[2J[Hok, 9a8afdfdba5f, image-classification-alexnet-gpu.1.ggw4dvws6wr07eeuogt3lvs62, 29.10%, 1.667GiB / 3.871GiB, 43.05%, 262MB / 4.89MB, 1.15GB / 0B, 17
[2J[Hok, 9a8afdfdba5f, image-classification-alexnet-gpu.1.ggw4dvws6wr07eeuogt3lvs62, 59.68%, 1.725GiB / 3.871GiB, 44.56%, 262MB / 4.89MB, 1.2GB / 0B, 17
[2J[Hok, 9a8afdfdba5f, image-classification-alexnet-gpu.1.ggw4dvws6wr07eeuogt3lvs62, 59.68%, 1.725GiB / 3.871GiB, 44.56%, 262MB / 4.89MB, 1.2GB / 0B, 17
[2J[Hok, 9a8afdfdba5f, image-classification-alexnet-gpu.1.ggw4dvws6wr07eeuogt3lvs62, 42.29%, 1.782GiB / 3.871GiB, 46.02%, 262MB / 4.89MB, 1.28GB / 0B, 17
[2J[Hok, 9a8afdfdba5f, image-classification-alexnet-gpu.1.ggw4dvws6wr07eeuogt3lvs62, 42.29%, 1.782GiB / 3.871GiB, 46.02%, 262MB / 4.89MB, 1.28GB / 0B, 17
[2J[Hok, 9a8afdfdba5f, image-classification-alexnet-gpu.1.ggw4dvws6wr07eeuogt3lvs62, 51.44%, 1.785GiB / 3.871GiB, 46.10%, 262MB / 4.89MB, 1.31GB / 0B, 17
[2J[Hok, 9a8afdfdba5f, image-classification-alexnet-gpu.1.ggw4dvws6wr07eeuogt3lvs62, 51.44%, 1.785GiB / 3.871GiB, 46.10%, 262MB / 4.89MB, 1.31GB / 0B, 17
[2J[Hok, 9a8afdfdba5f, image-classification-alexnet-gpu.1.ggw4dvws6wr07eeuogt3lvs62, 28.71%, 1.794GiB / 3.871GiB, 46.35%, 262MB / 4.89MB, 1.39GB / 0B, 17
[2J[Hok, 9a8afdfdba5f, image-classification-alexnet-gpu.1.ggw4dvws6wr07eeuogt3lvs62, 28.71%, 1.794GiB / 3.871GiB, 46.35%, 262MB / 4.89MB, 1.39GB / 0B, 17
[2J[Hok, 9a8afdfdba5f, image-classification-alexnet-gpu.1.ggw4dvws6wr07eeuogt3lvs62, 59.38%, 245MiB / 3.871GiB, 6.18%, 262MB / 5.07MB, 1.41GB / 0B, 12
[2J[Hok, 9a8afdfdba5f, image-classification-alexnet-gpu.1.ggw4dvws6wr07eeuogt3lvs62, 59.38%, 245MiB / 3.871GiB, 6.18%, 262MB / 5.07MB, 1.41GB / 0B, 12
[2J[Hok, 9a8afdfdba5f, image-classification-alexnet-gpu.1.ggw4dvws6wr07eeuogt3lvs62, 146.50%, 275.8MiB / 3.871GiB, 6.96%, 262MB / 5.07MB, 1.45GB / 0B, 15
[2J[Hok, 9a8afdfdba5f, image-classification-alexnet-gpu.1.ggw4dvws6wr07eeuogt3lvs62, 146.50%, 275.8MiB / 3.871GiB, 6.96%, 262MB / 5.07MB, 1.45GB / 0B, 15
[2J[Hok, 9a8afdfdba5f, image-classification-alexnet-gpu.1.ggw4dvws6wr07eeuogt3lvs62, 95.56%, 299.9MiB / 3.871GiB, 7.56%, 262MB / 5.07MB, 1.45GB / 0B, 15
[2J[Hok, 9a8afdfdba5f, image-classification-alexnet-gpu.1.ggw4dvws6wr07eeuogt3lvs62, 95.56%, 299.9MiB / 3.871GiB, 7.56%, 262MB / 5.07MB, 1.45GB / 0B, 15
[2J[Hok, 9a8afdfdba5f, image-classification-alexnet-gpu.1.ggw4dvws6wr07eeuogt3lvs62, 93.54%, 455.8MiB / 3.871GiB, 11.50%, 262MB / 5.07MB, 1.45GB / 0B, 15
[2J[Hok, 9a8afdfdba5f, image-classification-alexnet-gpu.1.ggw4dvws6wr07eeuogt3lvs62, 93.54%, 455.8MiB / 3.871GiB, 11.50%, 262MB / 5.07MB, 1.45GB / 0B, 15
[2J[Hok, 9a8afdfdba5f, image-classification-alexnet-gpu.1.ggw4dvws6wr07eeuogt3lvs62, 68.84%, 536.5MiB / 3.871GiB, 13.53%, 262MB / 5.07MB, 1.54GB / 0B, 15
[2J[Hok, 9a8afdfdba5f, image-classification-alexnet-gpu.1.ggw4dvws6wr07eeuogt3lvs62, 68.84%, 536.5MiB / 3.871GiB, 13.53%, 262MB / 5.07MB, 1.54GB / 0B, 15
[2J[Hok, 9a8afdfdba5f, image-classification-alexnet-gpu.1.ggw4dvws6wr07eeuogt3lvs62, 54.54%, 538.3MiB / 3.871GiB, 13.58%, 262MB / 5.07MB, 1.67GB / 0B, 22
[2J[Hok, 9a8afdfdba5f, image-classification-alexnet-gpu.1.ggw4dvws6wr07eeuogt3lvs62, 54.54%, 538.3MiB / 3.871GiB, 13.58%, 262MB / 5.07MB, 1.67GB / 0B, 22
[2J[Hok, 9a8afdfdba5f, image-classification-alexnet-gpu.1.ggw4dvws6wr07eeuogt3lvs62, 55.29%, 537MiB / 3.871GiB, 13.55%, 262MB / 5.07MB, 1.81GB / 0B, 15
[2J[Hok, 9a8afdfdba5f, image-classification-alexnet-gpu.1.ggw4dvws6wr07eeuogt3lvs62, 55.29%, 537MiB / 3.871GiB, 13.55%, 262MB / 5.07MB, 1.81GB / 0B, 15
[2J[Hok, 9a8afdfdba5f, image-classification-alexnet-gpu.1.ggw4dvws6wr07eeuogt3lvs62, 89.94%, 544.1MiB / 3.871GiB, 13.73%, 262MB / 5.07MB, 1.82GB / 0B, 19
[2J[Hok, 9a8afdfdba5f, image-classification-alexnet-gpu.1.ggw4dvws6wr07eeuogt3lvs62, 89.94%, 544.1MiB / 3.871GiB, 13.73%, 262MB / 5.07MB, 1.82GB / 0B, 19
[2J[Hok, 9a8afdfdba5f, image-classification-alexnet-gpu.1.ggw4dvws6wr07eeuogt3lvs62, 46.29%, 612.9MiB / 3.871GiB, 15.46%, 262MB / 5.07MB, 1.9GB / 0B, 19
[2J[Hok, 9a8afdfdba5f, image-classification-alexnet-gpu.1.ggw4dvws6wr07eeuogt3lvs62, 46.29%, 612.9MiB / 3.871GiB, 15.46%, 262MB / 5.07MB, 1.9GB / 0B, 19
[2J[Hok, 9a8afdfdba5f, image-classification-alexnet-gpu.1.ggw4dvws6wr07eeuogt3lvs62, 51.68%, 688.5MiB / 3.871GiB, 17.37%, 262MB / 5.07MB, 1.98GB / 0B, 19
[2J[Hok, 9a8afdfdba5f, image-classification-alexnet-gpu.1.ggw4dvws6wr07eeuogt3lvs62, 51.68%, 688.5MiB / 3.871GiB, 17.37%, 262MB / 5.07MB, 1.98GB / 0B, 19
[2J[Hok, 9a8afdfdba5f, image-classification-alexnet-gpu.1.ggw4dvws6wr07eeuogt3lvs62, 51.14%, 796.1MiB / 3.871GiB, 20.08%, 262MB / 5.07MB, 2.04GB / 0B, 19
[2J[Hok, 9a8afdfdba5f, image-classification-alexnet-gpu.1.ggw4dvws6wr07eeuogt3lvs62, 51.14%, 796.1MiB / 3.871GiB, 20.08%, 262MB / 5.07MB, 2.04GB / 0B, 19
[2J[Hok, 9a8afdfdba5f, image-classification-alexnet-gpu.1.ggw4dvws6wr07eeuogt3lvs62, 56.62%, 863.8MiB / 3.871GiB, 21.79%, 262MB / 5.07MB, 2.09GB / 0B, 19
[2J[Hok, 9a8afdfdba5f, image-classification-alexnet-gpu.1.ggw4dvws6wr07eeuogt3lvs62, 56.62%, 863.8MiB / 3.871GiB, 21.79%, 262MB / 5.07MB, 2.09GB / 0B, 19
[2J[Hok, 9a8afdfdba5f, image-classification-alexnet-gpu.1.ggw4dvws6wr07eeuogt3lvs62, 70.57%, 1000MiB / 3.871GiB, 25.24%, 262MB / 5.07MB, 2.13GB / 0B, 19
[2J[Hok, 9a8afdfdba5f, image-classification-alexnet-gpu.1.ggw4dvws6wr07eeuogt3lvs62, 70.57%, 1000MiB / 3.871GiB, 25.24%, 262MB / 5.07MB, 2.13GB / 0B, 19
[2J[Hok, 9a8afdfdba5f, image-classification-alexnet-gpu.1.ggw4dvws6wr07eeuogt3lvs62, 63.24%, 1.077GiB / 3.871GiB, 27.82%, 262MB / 5.07MB, 2.18GB / 0B, 19
[2J[Hok, 9a8afdfdba5f, image-classification-alexnet-gpu.1.ggw4dvws6wr07eeuogt3lvs62, 63.24%, 1.077GiB / 3.871GiB, 27.82%, 262MB / 5.07MB, 2.18GB / 0B, 19
[2J[Hok, 9a8afdfdba5f, image-classification-alexnet-gpu.1.ggw4dvws6wr07eeuogt3lvs62, 56.99%, 1.158GiB / 3.871GiB, 29.92%, 262MB / 5.07MB, 2.24GB / 0B, 19
[2J[Hok, 9a8afdfdba5f, image-classification-alexnet-gpu.1.ggw4dvws6wr07eeuogt3lvs62, 56.99%, 1.158GiB / 3.871GiB, 29.92%, 262MB / 5.07MB, 2.24GB / 0B, 19
[2J[Hok, 9a8afdfdba5f, image-classification-alexnet-gpu.1.ggw4dvws6wr07eeuogt3lvs62, 74.56%, 1.299GiB / 3.871GiB, 33.55%, 262MB / 5.07MB, 2.28GB / 0B, 19
[2J[Hok, 9a8afdfdba5f, image-classification-alexnet-gpu.1.ggw4dvws6wr07eeuogt3lvs62, 74.56%, 1.299GiB / 3.871GiB, 33.55%, 262MB / 5.07MB, 2.28GB / 0B, 19
[2J[Hok, 9a8afdfdba5f, image-classification-alexnet-gpu.1.ggw4dvws6wr07eeuogt3lvs62, 74.56%, 1.299GiB / 3.871GiB, 33.55%, 262MB / 5.07MB, 2.28GB / 0B, 19
[2J[Hok, 9a8afdfdba5f, image-classification-alexnet-gpu.1.ggw4dvws6wr07eeuogt3lvs62, 62.11%, 1.331GiB / 3.871GiB, 34.39%, 262MB / 5.07MB, 2.32GB / 0B, 19
[2J[Hok, 9a8afdfdba5f, image-classification-alexnet-gpu.1.ggw4dvws6wr07eeuogt3lvs62, 62.11%, 1.331GiB / 3.871GiB, 34.39%, 262MB / 5.07MB, 2.32GB / 0B, 19
[2J[Hok, 9a8afdfdba5f, image-classification-alexnet-gpu.1.ggw4dvws6wr07eeuogt3lvs62, 69.09%, 1.464GiB / 3.871GiB, 37.82%, 262MB / 5.07MB, 2.36GB / 0B, 19
[2J[Hok, 9a8afdfdba5f, image-classification-alexnet-gpu.1.ggw4dvws6wr07eeuogt3lvs62, 69.09%, 1.464GiB / 3.871GiB, 37.82%, 262MB / 5.07MB, 2.36GB / 0B, 19
[2J[Hok, 9a8afdfdba5f, image-classification-alexnet-gpu.1.ggw4dvws6wr07eeuogt3lvs62, 75.06%, 1.626GiB / 3.871GiB, 42.01%, 262MB / 5.07MB, 2.39GB / 0B, 19
[2J[Hok, 9a8afdfdba5f, image-classification-alexnet-gpu.1.ggw4dvws6wr07eeuogt3lvs62, 75.06%, 1.626GiB / 3.871GiB, 42.01%, 262MB / 5.07MB, 2.39GB / 0B, 19
[2J[Hok, 9a8afdfdba5f, image-classification-alexnet-gpu.1.ggw4dvws6wr07eeuogt3lvs62, 71.04%, 1.462GiB / 3.871GiB, 37.76%, 262MB / 5.07MB, 2.42GB / 0B, 19
[2J[Hok, 9a8afdfdba5f, image-classification-alexnet-gpu.1.ggw4dvws6wr07eeuogt3lvs62, 71.04%, 1.462GiB / 3.871GiB, 37.76%, 262MB / 5.07MB, 2.42GB / 0B, 19
[2J[Hok, 9a8afdfdba5f, image-classification-alexnet-gpu.1.ggw4dvws6wr07eeuogt3lvs62, 82.90%, 1.602GiB / 3.871GiB, 41.38%, 262MB / 5.07MB, 2.44GB / 0B, 19
[2J[Hok, 9a8afdfdba5f, image-classification-alexnet-gpu.1.ggw4dvws6wr07eeuogt3lvs62, 82.90%, 1.602GiB / 3.871GiB, 41.38%, 262MB / 5.07MB, 2.44GB / 0B, 19
[2J[Hok, 9a8afdfdba5f, image-classification-alexnet-gpu.1.ggw4dvws6wr07eeuogt3lvs62, 34.13%, 1.676GiB / 3.871GiB, 43.28%, 262MB / 5.07MB, 2.55GB / 0B, 19
[2J[Hok, 9a8afdfdba5f, image-classification-alexnet-gpu.1.ggw4dvws6wr07eeuogt3lvs62, 34.13%, 1.676GiB / 3.871GiB, 43.28%, 262MB / 5.07MB, 2.55GB / 0B, 19
[2J[Hok, 9a8afdfdba5f, image-classification-alexnet-gpu.1.ggw4dvws6wr07eeuogt3lvs62, 35.82%, 1.781GiB / 3.871GiB, 46.00%, 262MB / 5.07MB, 2.63GB / 0B, 19
[2J[Hok, 9a8afdfdba5f, image-classification-alexnet-gpu.1.ggw4dvws6wr07eeuogt3lvs62, 35.82%, 1.781GiB / 3.871GiB, 46.00%, 262MB / 5.07MB, 2.63GB / 0B, 19
[2J[Hok, 9a8afdfdba5f, image-classification-alexnet-gpu.1.ggw4dvws6wr07eeuogt3lvs62, 74.90%, 1.778GiB / 3.871GiB, 45.92%, 262MB / 5.07MB, 2.66GB / 0B, 19
[2J[Hok, 9a8afdfdba5f, image-classification-alexnet-gpu.1.ggw4dvws6wr07eeuogt3lvs62, 74.90%, 1.778GiB / 3.871GiB, 45.92%, 262MB / 5.07MB, 2.66GB / 0B, 19
[2J[Hok, 9a8afdfdba5f, image-classification-alexnet-gpu.1.ggw4dvws6wr07eeuogt3lvs62, 54.28%, 1.789GiB / 3.871GiB, 46.22%, 262MB / 5.07MB, 2.72GB / 0B, 19
[2J[Hok, 9a8afdfdba5f, image-classification-alexnet-gpu.1.ggw4dvws6wr07eeuogt3lvs62, 54.28%, 1.789GiB / 3.871GiB, 46.22%, 262MB / 5.07MB, 2.72GB / 0B, 19
[2J[Hok, 9a8afdfdba5f, image-classification-alexnet-gpu.1.ggw4dvws6wr07eeuogt3lvs62, 48.21%, 1.813GiB / 3.871GiB, 46.84%, 262MB / 5.07MB, 2.77GB / 0B, 19
[2J[Hok, 9a8afdfdba5f, image-classification-alexnet-gpu.1.ggw4dvws6wr07eeuogt3lvs62, 48.21%, 1.813GiB / 3.871GiB, 46.84%, 262MB / 5.07MB, 2.77GB / 0B, 19
[2J[Hok, 9a8afdfdba5f, image-classification-alexnet-gpu.1.ggw4dvws6wr07eeuogt3lvs62, 44.37%, 1.831GiB / 3.871GiB, 47.29%, 262MB / 5.07MB, 2.83GB / 0B, 19
[2J[Hok, 9a8afdfdba5f, image-classification-alexnet-gpu.1.ggw4dvws6wr07eeuogt3lvs62, 44.37%, 1.831GiB / 3.871GiB, 47.29%, 262MB / 5.07MB, 2.83GB / 0B, 19
[2J[Hok, 9a8afdfdba5f, image-classification-alexnet-gpu.1.ggw4dvws6wr07eeuogt3lvs62, 44.94%, 1.83GiB / 3.871GiB, 47.28%, 262MB / 5.07MB, 2.87GB / 0B, 19
[2J[Hok, 9a8afdfdba5f, image-classification-alexnet-gpu.1.ggw4dvws6wr07eeuogt3lvs62, 44.94%, 1.83GiB / 3.871GiB, 47.28%, 262MB / 5.07MB, 2.87GB / 0B, 19
[2J[Hok, 9a8afdfdba5f, image-classification-alexnet-gpu.1.ggw4dvws6wr07eeuogt3lvs62, 57.40%, 301.5MiB / 3.871GiB, 7.61%, 262MB / 5.07MB, 2.91GB / 0B, 13
[2J[Hok, 9a8afdfdba5f, image-classification-alexnet-gpu.1.ggw4dvws6wr07eeuogt3lvs62, 57.40%, 301.5MiB / 3.871GiB, 7.61%, 262MB / 5.07MB, 2.91GB / 0B, 13
[2J[Hok, 9a8afdfdba5f, image-classification-alexnet-gpu.1.ggw4dvws6wr07eeuogt3lvs62, 50.80%, 315.4MiB / 3.871GiB, 7.96%, 262MB / 5.07MB, 2.94GB / 0B, 12
[2J[Hok, 9a8afdfdba5f, image-classification-alexnet-gpu.1.ggw4dvws6wr07eeuogt3lvs62, 50.80%, 315.4MiB / 3.871GiB, 7.96%, 262MB / 5.07MB, 2.94GB / 0B, 12
[2J[Hok, 9a8afdfdba5f, image-classification-alexnet-gpu.1.ggw4dvws6wr07eeuogt3lvs62, 158.14%, 348.9MiB / 3.871GiB, 8.80%, 262MB / 5.07MB, 2.95GB / 0B, 15
[2J[Hok, 9a8afdfdba5f, image-classification-alexnet-gpu.1.ggw4dvws6wr07eeuogt3lvs62, 158.14%, 348.9MiB / 3.871GiB, 8.80%, 262MB / 5.07MB, 2.95GB / 0B, 15
[2J[Hok, 9a8afdfdba5f, image-classification-alexnet-gpu.1.ggw4dvws6wr07eeuogt3lvs62, 79.78%, 365.4MiB / 3.871GiB, 9.22%, 262MB / 5.07MB, 2.96GB / 0B, 15
[2J[Hok, 9a8afdfdba5f, image-classification-alexnet-gpu.1.ggw4dvws6wr07eeuogt3lvs62, 79.78%, 365.4MiB / 3.871GiB, 9.22%, 262MB / 5.07MB, 2.96GB / 0B, 15
[2J[Hok, 9a8afdfdba5f, image-classification-alexnet-gpu.1.ggw4dvws6wr07eeuogt3lvs62, 100.87%, 532.9MiB / 3.871GiB, 13.44%, 262MB / 5.07MB, 2.96GB / 0B, 15
[2J[Hok, 9a8afdfdba5f, image-classification-alexnet-gpu.1.ggw4dvws6wr07eeuogt3lvs62, 100.87%, 532.9MiB / 3.871GiB, 13.44%, 262MB / 5.07MB, 2.96GB / 0B, 15
[2J[Hok, 9a8afdfdba5f, image-classification-alexnet-gpu.1.ggw4dvws6wr07eeuogt3lvs62, 89.73%, 721.4MiB / 3.871GiB, 18.20%, 262MB / 5.07MB, 2.98GB / 0B, 15
[2J[Hok, 9a8afdfdba5f, image-classification-alexnet-gpu.1.ggw4dvws6wr07eeuogt3lvs62, 89.73%, 721.4MiB / 3.871GiB, 18.20%, 262MB / 5.07MB, 2.98GB / 0B, 15
[2J[Hok, 9a8afdfdba5f, image-classification-alexnet-gpu.1.ggw4dvws6wr07eeuogt3lvs62, 52.67%, 727.8MiB / 3.871GiB, 18.36%, 262MB / 5.07MB, 3.12GB / 0B, 15
[2J[Hok, 9a8afdfdba5f, image-classification-alexnet-gpu.1.ggw4dvws6wr07eeuogt3lvs62, 52.67%, 727.8MiB / 3.871GiB, 18.36%, 262MB / 5.07MB, 3.12GB / 0B, 15
[2J[Hok, 9a8afdfdba5f, image-classification-alexnet-gpu.1.ggw4dvws6wr07eeuogt3lvs62, 52.67%, 727.8MiB / 3.871GiB, 18.36%, 262MB / 5.07MB, 3.12GB / 0B, 15
[2J[Hok, 9a8afdfdba5f, image-classification-alexnet-gpu.1.ggw4dvws6wr07eeuogt3lvs62, 52.67%, 727.8MiB / 3.871GiB, 18.36%, 262MB / 5.07MB, 3.12GB / 0B, 15
[2J[Hok, 9a8afdfdba5f, image-classification-alexnet-gpu.1.ggw4dvws6wr07eeuogt3lvs62, --, -- / --, --, --, --, --
[2J[Hok, 9a8afdfdba5f, image-classification-alexnet-gpu.1.ggw4dvws6wr07eeuogt3lvs62, --, -- / --, --, --, --, --
[2J[Hok, 9a8afdfdba5f, image-classification-alexnet-gpu.1.ggw4dvws6wr07eeuogt3lvs62, --, -- / --, --, --, --, --
[2J[Hok, 9a8afdfdba5f, image-classification-alexnet-gpu.1.ggw4dvws6wr07eeuogt3lvs62, --, -- / --, --, --, --, --
[2J[Hok, 9a8afdfdba5f, image-classification-alexnet-gpu.1.ggw4dvws6wr07eeuogt3lvs62, --, -- / --, --, --, --, --
[2J[Hok, 9a8afdfdba5f, image-classification-alexnet-gpu.1.ggw4dvws6wr07eeuogt3lvs62, --, -- / --, --, --, --, --
[2J[Hok, 9a8afdfdba5f, image-classification-alexnet-gpu.1.ggw4dvws6wr07eeuogt3lvs62, --, -- / --, --, --, --, --
[2J[Hok, 9a8afdfdba5f, image-classification-alexnet-gpu.1.ggw4dvws6wr07eeuogt3lvs62, --, -- / --, --, --, --, --
[2J[Hok, 9a8afdfdba5f, image-classification-alexnet-gpu.1.ggw4dvws6wr07eeuogt3lvs62, --, -- / --, --, --, --, --
[2J[Hok, 9a8afdfdba5f, image-classification-alexnet-gpu.1.ggw4dvws6wr07eeuogt3lvs62, --, -- / --, --, --, --, --
[2J[Hok, 9a8afdfdba5f, image-classification-alexnet-gpu.1.ggw4dvws6wr07eeuogt3lvs62, --, -- / --, --, --, --, --
[2J[Hok, 9a8afdfdba5f, image-classification-alexnet-gpu.1.ggw4dvws6wr07eeuogt3lvs62, --, -- / --, --, --, --, --
[2J[Hok, 9a8afdfdba5f, image-classification-alexnet-gpu.1.ggw4dvws6wr07eeuogt3lvs62, --, -- / --, --, --, --, --
[2J[Hok, 9a8afdfdba5f, image-classification-alexnet-gpu.1.ggw4dvws6wr07eeuogt3lvs62, --, -- / --, --, --, --, --
[2J[Hok, 9a8afdfdba5f, image-classification-alexnet-gpu.1.ggw4dvws6wr07eeuogt3lvs62, --, -- / --, --, --, --, --
[2J[Hok, 9a8afdfdba5f, image-classification-alexnet-gpu.1.ggw4dvws6wr07eeuogt3lvs62, --, -- / --, --, --, --, --
[2J[Hok, 9a8afdfdba5f, image-classification-alexnet-gpu.1.ggw4dvws6wr07eeuogt3lvs62, --, -- / --, --, --, --, --
[2J[Hok, 9a8afdfdba5f, image-classification-alexnet-gpu.1.ggw4dvws6wr07eeuogt3lvs62, --, -- / --, --, --, --, --
[2J[Hok, 9a8afdfdba5f, image-classification-alexnet-gpu.1.ggw4dvws6wr07eeuogt3lvs62, --, -- / --, --, --, --, --
[2J[Hok, 9a8afdfdba5f, image-classification-alexnet-gpu.1.ggw4dvws6wr07eeuogt3lvs62, --, -- / --, --, --, --, --
[2J[Hok, 9a8afdfdba5f, image-classification-alexnet-gpu.1.ggw4dvws6wr07eeuogt3lvs62, --, -- / --, --, --, --, --
[2J[Hok, 9a8afdfdba5f, image-classification-alexnet-gpu.1.ggw4dvws6wr07eeuogt3lvs62, --, -- / --, --, --, --, --
[2J[Hok, 9a8afdfdba5f, image-classification-alexnet-gpu.1.ggw4dvws6wr07eeuogt3lvs62, --, -- / --, --, --, --, --
[2J[Hok, 9a8afdfdba5f, image-classification-alexnet-gpu.1.ggw4dvws6wr07eeuogt3lvs62, --, -- / --, --, --, --, --
[2J[Hok, 9a8afdfdba5f, image-classification-alexnet-gpu.1.ggw4dvws6wr07eeuogt3lvs62, 6.66%, 961.1MiB / 3.871GiB, 24.24%, 262MB / 5.07MB, 3.15GB / 348MB, 18
[2J[Hok, 9a8afdfdba5f, image-classification-alexnet-gpu.1.ggw4dvws6wr07eeuogt3lvs62, 6.66%, 961.1MiB / 3.871GiB, 24.24%, 262MB / 5.07MB, 3.15GB / 348MB, 18
[2J[Hok, 9a8afdfdba5f, image-classification-alexnet-gpu.1.ggw4dvws6wr07eeuogt3lvs62, 62.44%, 785.8MiB / 3.871GiB, 19.82%, 262MB / 5.07MB, 3.21GB / 348MB, 19
[2J[Hok, 9a8afdfdba5f, image-classification-alexnet-gpu.1.ggw4dvws6wr07eeuogt3lvs62, 62.44%, 785.8MiB / 3.871GiB, 19.82%, 262MB / 5.07MB, 3.21GB / 348MB, 19
[2J[Hok, 9a8afdfdba5f, image-classification-alexnet-gpu.1.ggw4dvws6wr07eeuogt3lvs62, 58.86%, 892.4MiB / 3.871GiB, 22.51%, 262MB / 5.07MB, 3.27GB / 348MB, 19
[2J[Hok, 9a8afdfdba5f, image-classification-alexnet-gpu.1.ggw4dvws6wr07eeuogt3lvs62, 58.86%, 892.4MiB / 3.871GiB, 22.51%, 262MB / 5.07MB, 3.27GB / 348MB, 19
[2J[Hok, 9a8afdfdba5f, image-classification-alexnet-gpu.1.ggw4dvws6wr07eeuogt3lvs62, 51.81%, 969.4MiB / 3.871GiB, 24.45%, 262MB / 5.07MB, 3.34GB / 348MB, 19
[2J[Hok, 9a8afdfdba5f, image-classification-alexnet-gpu.1.ggw4dvws6wr07eeuogt3lvs62, 51.81%, 969.4MiB / 3.871GiB, 24.45%, 262MB / 5.07MB, 3.34GB / 348MB, 19
[2J[Hok, 9a8afdfdba5f, image-classification-alexnet-gpu.1.ggw4dvws6wr07eeuogt3lvs62, 70.33%, 1.062GiB / 3.871GiB, 27.43%, 262MB / 5.07MB, 3.39GB / 348MB, 19
[2J[Hok, 9a8afdfdba5f, image-classification-alexnet-gpu.1.ggw4dvws6wr07eeuogt3lvs62, 70.33%, 1.062GiB / 3.871GiB, 27.43%, 262MB / 5.07MB, 3.39GB / 348MB, 19
[2J[Hok, 9a8afdfdba5f, image-classification-alexnet-gpu.1.ggw4dvws6wr07eeuogt3lvs62, 44.85%, 1.142GiB / 3.871GiB, 29.50%, 262MB / 5.07MB, 3.46GB / 348MB, 19
[2J[Hok, 9a8afdfdba5f, image-classification-alexnet-gpu.1.ggw4dvws6wr07eeuogt3lvs62, 44.85%, 1.142GiB / 3.871GiB, 29.50%, 262MB / 5.07MB, 3.46GB / 348MB, 19
[2J[Hok, 9a8afdfdba5f, image-classification-alexnet-gpu.1.ggw4dvws6wr07eeuogt3lvs62, 62.98%, 1.241GiB / 3.871GiB, 32.05%, 262MB / 5.07MB, 3.51GB / 348MB, 19
[2J[Hok, 9a8afdfdba5f, image-classification-alexnet-gpu.1.ggw4dvws6wr07eeuogt3lvs62, 62.98%, 1.241GiB / 3.871GiB, 32.05%, 262MB / 5.07MB, 3.51GB / 348MB, 19
[2J[Hok, 9a8afdfdba5f, image-classification-alexnet-gpu.1.ggw4dvws6wr07eeuogt3lvs62, 72.03%, 1.332GiB / 3.871GiB, 34.42%, 262MB / 5.07MB, 3.55GB / 348MB, 19
[2J[Hok, 9a8afdfdba5f, image-classification-alexnet-gpu.1.ggw4dvws6wr07eeuogt3lvs62, 72.03%, 1.332GiB / 3.871GiB, 34.42%, 262MB / 5.07MB, 3.55GB / 348MB, 19
[2J[Hok, 9a8afdfdba5f, image-classification-alexnet-gpu.1.ggw4dvws6wr07eeuogt3lvs62, 65.80%, 1.454GiB / 3.871GiB, 37.56%, 262MB / 5.07MB, 3.6GB / 348MB, 19
[2J[Hok, 9a8afdfdba5f, image-classification-alexnet-gpu.1.ggw4dvws6wr07eeuogt3lvs62, 65.80%, 1.454GiB / 3.871GiB, 37.56%, 262MB / 5.07MB, 3.6GB / 348MB, 19
[2J[Hok, 9a8afdfdba5f, image-classification-alexnet-gpu.1.ggw4dvws6wr07eeuogt3lvs62, 71.98%, 1.582GiB / 3.871GiB, 40.85%, 262MB / 5.07MB, 3.65GB / 348MB, 19
[2J[Hok, 9a8afdfdba5f, image-classification-alexnet-gpu.1.ggw4dvws6wr07eeuogt3lvs62, 71.98%, 1.582GiB / 3.871GiB, 40.85%, 262MB / 5.07MB, 3.65GB / 348MB, 19
[2J[Hok, 9a8afdfdba5f, image-classification-alexnet-gpu.1.ggw4dvws6wr07eeuogt3lvs62, 92.13%, 1.666GiB / 3.871GiB, 43.03%, 262MB / 5.07MB, 3.65GB / 348MB, 19
[2J[Hok, 9a8afdfdba5f, image-classification-alexnet-gpu.1.ggw4dvws6wr07eeuogt3lvs62, 92.13%, 1.666GiB / 3.871GiB, 43.03%, 262MB / 5.07MB, 3.65GB / 348MB, 19
[2J[Hok, 9a8afdfdba5f, image-classification-alexnet-gpu.1.ggw4dvws6wr07eeuogt3lvs62, 56.11%, 1.704GiB / 3.871GiB, 44.02%, 262MB / 5.07MB, 3.71GB / 348MB, 19
[2J[Hok, 9a8afdfdba5f, image-classification-alexnet-gpu.1.ggw4dvws6wr07eeuogt3lvs62, 56.11%, 1.704GiB / 3.871GiB, 44.02%, 262MB / 5.07MB, 3.71GB / 348MB, 19
[2J[Hok, 9a8afdfdba5f, image-classification-alexnet-gpu.1.ggw4dvws6wr07eeuogt3lvs62, 68.52%, 1.458GiB / 3.871GiB, 37.67%, 262MB / 5.07MB, 3.74GB / 348MB, 19
[2J[Hok, 9a8afdfdba5f, image-classification-alexnet-gpu.1.ggw4dvws6wr07eeuogt3lvs62, 68.52%, 1.458GiB / 3.871GiB, 37.67%, 262MB / 5.07MB, 3.74GB / 348MB, 19
[2J[Hok, 9a8afdfdba5f, image-classification-alexnet-gpu.1.ggw4dvws6wr07eeuogt3lvs62, 67.72%, 1.551GiB / 3.871GiB, 40.07%, 262MB / 5.07MB, 3.78GB / 348MB, 19
[2J[Hok, 9a8afdfdba5f, image-classification-alexnet-gpu.1.ggw4dvws6wr07eeuogt3lvs62, 67.72%, 1.551GiB / 3.871GiB, 40.07%, 262MB / 5.07MB, 3.78GB / 348MB, 19
[2J[Hok, 9a8afdfdba5f, image-classification-alexnet-gpu.1.ggw4dvws6wr07eeuogt3lvs62, 65.52%, 1.603GiB / 3.871GiB, 41.41%, 262MB / 5.07MB, 3.83GB / 348MB, 19
[2J[Hok, 9a8afdfdba5f, image-classification-alexnet-gpu.1.ggw4dvws6wr07eeuogt3lvs62, 65.52%, 1.603GiB / 3.871GiB, 41.41%, 262MB / 5.07MB, 3.83GB / 348MB, 19
[2J[Hok, 9a8afdfdba5f, image-classification-alexnet-gpu.1.ggw4dvws6wr07eeuogt3lvs62, 15.04%, 1.604GiB / 3.871GiB, 41.43%, 262MB / 5.07MB, 3.96GB / 348MB, 19
[2J[Hok, 9a8afdfdba5f, image-classification-alexnet-gpu.1.ggw4dvws6wr07eeuogt3lvs62, 15.04%, 1.604GiB / 3.871GiB, 41.43%, 262MB / 5.07MB, 3.96GB / 348MB, 19
[2J[Hok, 9a8afdfdba5f, image-classification-alexnet-gpu.1.ggw4dvws6wr07eeuogt3lvs62, 16.58%, 1.612GiB / 3.871GiB, 41.64%, 262MB / 5.07MB, 4.08GB / 348MB, 19
[2J[Hok, 9a8afdfdba5f, image-classification-alexnet-gpu.1.ggw4dvws6wr07eeuogt3lvs62, 16.58%, 1.612GiB / 3.871GiB, 41.64%, 262MB / 5.07MB, 4.08GB / 348MB, 19
[2J[Hok, 9a8afdfdba5f, image-classification-alexnet-gpu.1.ggw4dvws6wr07eeuogt3lvs62, 15.47%, 1.614GiB / 3.871GiB, 41.69%, 262MB / 5.07MB, 4.19GB / 348MB, 19
[2J[Hok, 9a8afdfdba5f, image-classification-alexnet-gpu.1.ggw4dvws6wr07eeuogt3lvs62, 15.47%, 1.614GiB / 3.871GiB, 41.69%, 262MB / 5.07MB, 4.19GB / 348MB, 19
[2J[Hok, 9a8afdfdba5f, image-classification-alexnet-gpu.1.ggw4dvws6wr07eeuogt3lvs62, 22.44%, 1.626GiB / 3.871GiB, 42.01%, 262MB / 5.07MB, 4.28GB / 348MB, 19
[2J[Hok, 9a8afdfdba5f, image-classification-alexnet-gpu.1.ggw4dvws6wr07eeuogt3lvs62, 22.44%, 1.626GiB / 3.871GiB, 42.01%, 262MB / 5.07MB, 4.28GB / 348MB, 19
[2J[Hok, 9a8afdfdba5f, image-classification-alexnet-gpu.1.ggw4dvws6wr07eeuogt3lvs62, 41.50%, 1.652GiB / 3.871GiB, 42.66%, 262MB / 5.07MB, 4.35GB / 348MB, 19
[2J[Hok, 9a8afdfdba5f, image-classification-alexnet-gpu.1.ggw4dvws6wr07eeuogt3lvs62, 41.50%, 1.652GiB / 3.871GiB, 42.66%, 262MB / 5.07MB, 4.35GB / 348MB, 19
[2J[Hok, 9a8afdfdba5f, image-classification-alexnet-gpu.1.ggw4dvws6wr07eeuogt3lvs62, 41.50%, 1.652GiB / 3.871GiB, 42.66%, 262MB / 5.07MB, 4.35GB / 348MB, 19
[2J[Hok, 9a8afdfdba5f, image-classification-alexnet-gpu.1.ggw4dvws6wr07eeuogt3lvs62, 34.32%, 1.666GiB / 3.871GiB, 43.04%, 262MB / 5.07MB, 4.42GB / 348MB, 19
[2J[Hok, 9a8afdfdba5f, image-classification-alexnet-gpu.1.ggw4dvws6wr07eeuogt3lvs62, 34.32%, 1.666GiB / 3.871GiB, 43.04%, 262MB / 5.07MB, 4.42GB / 348MB, 19
[2J[Hok, 9a8afdfdba5f, image-classification-alexnet-gpu.1.ggw4dvws6wr07eeuogt3lvs62, 15.93%, 1.664GiB / 3.871GiB, 43.00%, 262MB / 5.07MB, 4.48GB / 348MB, 19
[2J[Hok, 9a8afdfdba5f, image-classification-alexnet-gpu.1.ggw4dvws6wr07eeuogt3lvs62, 15.93%, 1.664GiB / 3.871GiB, 43.00%, 262MB / 5.07MB, 4.48GB / 348MB, 19
[2J[Hok, 9a8afdfdba5f, image-classification-alexnet-gpu.1.ggw4dvws6wr07eeuogt3lvs62, 54.09%, 1.694GiB / 3.871GiB, 43.75%, 262MB / 5.07MB, 4.54GB / 348MB, 19
[2J[Hok, 9a8afdfdba5f, image-classification-alexnet-gpu.1.ggw4dvws6wr07eeuogt3lvs62, 54.09%, 1.694GiB / 3.871GiB, 43.75%, 262MB / 5.07MB, 4.54GB / 348MB, 19
[2J[Hok, 9a8afdfdba5f, image-classification-alexnet-gpu.1.ggw4dvws6wr07eeuogt3lvs62, 50.22%, 1.731GiB / 3.871GiB, 44.71%, 262MB / 5.07MB, 4.6GB / 348MB, 19
[2J[Hok, 9a8afdfdba5f, image-classification-alexnet-gpu.1.ggw4dvws6wr07eeuogt3lvs62, 50.22%, 1.731GiB / 3.871GiB, 44.71%, 262MB / 5.07MB, 4.6GB / 348MB, 19
[2J[Hok, 9a8afdfdba5f, image-classification-alexnet-gpu.1.ggw4dvws6wr07eeuogt3lvs62, 36.48%, 1.738GiB / 3.871GiB, 44.90%, 262MB / 5.07MB, 4.65GB / 348MB, 19
[2J[Hok, 9a8afdfdba5f, image-classification-alexnet-gpu.1.ggw4dvws6wr07eeuogt3lvs62, 36.48%, 1.738GiB / 3.871GiB, 44.90%, 262MB / 5.07MB, 4.65GB / 348MB, 19
[2J[Hok, 9a8afdfdba5f, image-classification-alexnet-gpu.1.ggw4dvws6wr07eeuogt3lvs62, 44.14%, 1.737GiB / 3.871GiB, 44.86%, 262MB / 5.07MB, 4.71GB / 348MB, 19
[2J[Hok, 9a8afdfdba5f, image-classification-alexnet-gpu.1.ggw4dvws6wr07eeuogt3lvs62, 44.14%, 1.737GiB / 3.871GiB, 44.86%, 262MB / 5.07MB, 4.71GB / 348MB, 19
[2J[Hok, 9a8afdfdba5f, image-classification-alexnet-gpu.1.ggw4dvws6wr07eeuogt3lvs62, 39.65%, 318.3MiB / 3.871GiB, 8.03%, 262MB / 5.07MB, 4.76GB / 348MB, 13
[2J[Hok, 9a8afdfdba5f, image-classification-alexnet-gpu.1.ggw4dvws6wr07eeuogt3lvs62, 39.65%, 318.3MiB / 3.871GiB, 8.03%, 262MB / 5.07MB, 4.76GB / 348MB, 13
[2J[Hok, 9a8afdfdba5f, image-classification-alexnet-gpu.1.ggw4dvws6wr07eeuogt3lvs62, 43.27%, 223.7MiB / 3.871GiB, 5.64%, 262MB / 5.07MB, 4.81GB / 348MB, 12
[2J[Hok, 9a8afdfdba5f, image-classification-alexnet-gpu.1.ggw4dvws6wr07eeuogt3lvs62, 43.27%, 223.7MiB / 3.871GiB, 5.64%, 262MB / 5.07MB, 4.81GB / 348MB, 12
[2J[Hok, 9a8afdfdba5f, image-classification-alexnet-gpu.1.ggw4dvws6wr07eeuogt3lvs62, 146.84%, 252.7MiB / 3.871GiB, 6.37%, 262MB / 5.07MB, 4.83GB / 348MB, 15
[2J[Hok, 9a8afdfdba5f, image-classification-alexnet-gpu.1.ggw4dvws6wr07eeuogt3lvs62, 146.84%, 252.7MiB / 3.871GiB, 6.37%, 262MB / 5.07MB, 4.83GB / 348MB, 15
[2J[Hok, 9a8afdfdba5f, image-classification-alexnet-gpu.1.ggw4dvws6wr07eeuogt3lvs62, 67.61%, 274.3MiB / 3.871GiB, 6.92%, 262MB / 5.07MB, 4.83GB / 348MB, 15
[2J[Hok, 9a8afdfdba5f, image-classification-alexnet-gpu.1.ggw4dvws6wr07eeuogt3lvs62, 67.61%, 274.3MiB / 3.871GiB, 6.92%, 262MB / 5.07MB, 4.83GB / 348MB, 15
[2J[Hok, 9a8afdfdba5f, image-classification-alexnet-gpu.1.ggw4dvws6wr07eeuogt3lvs62, 90.68%, 418.3MiB / 3.871GiB, 10.55%, 262MB / 5.07MB, 4.84GB / 348MB, 15
[2J[Hok, 9a8afdfdba5f, image-classification-alexnet-gpu.1.ggw4dvws6wr07eeuogt3lvs62, 90.68%, 418.3MiB / 3.871GiB, 10.55%, 262MB / 5.07MB, 4.84GB / 348MB, 15
[2J[Hok, 9a8afdfdba5f, image-classification-alexnet-gpu.1.ggw4dvws6wr07eeuogt3lvs62, 73.84%, 513.8MiB / 3.871GiB, 12.96%, 262MB / 5.07MB, 4.9GB / 348MB, 15
[2J[Hok, 9a8afdfdba5f, image-classification-alexnet-gpu.1.ggw4dvws6wr07eeuogt3lvs62, 73.84%, 513.8MiB / 3.871GiB, 12.96%, 262MB / 5.07MB, 4.9GB / 348MB, 15
[2J[Hok, 9a8afdfdba5f, image-classification-alexnet-gpu.1.ggw4dvws6wr07eeuogt3lvs62, 54.16%, 515.4MiB / 3.871GiB, 13.00%, 262MB / 5.07MB, 4.97GB / 348MB, 15
[2J[Hok, 9a8afdfdba5f, image-classification-alexnet-gpu.1.ggw4dvws6wr07eeuogt3lvs62, 54.16%, 515.4MiB / 3.871GiB, 13.00%, 262MB / 5.07MB, 4.97GB / 348MB, 15
[2J[Hok, 9a8afdfdba5f, image-classification-alexnet-gpu.1.ggw4dvws6wr07eeuogt3lvs62, 31.67%, 515.6MiB / 3.871GiB, 13.01%, 262MB / 5.07MB, 5.03GB / 348MB, 15
[2J[Hok, 9a8afdfdba5f, image-classification-alexnet-gpu.1.ggw4dvws6wr07eeuogt3lvs62, 31.67%, 515.6MiB / 3.871GiB, 13.01%, 262MB / 5.07MB, 5.03GB / 348MB, 15
[2J[Hok, 9a8afdfdba5f, image-classification-alexnet-gpu.1.ggw4dvws6wr07eeuogt3lvs62, 31.67%, 515.6MiB / 3.871GiB, 13.01%, 262MB / 5.07MB, 5.03GB / 348MB, 15
[2J[Hok, 9a8afdfdba5f, image-classification-alexnet-gpu.1.ggw4dvws6wr07eeuogt3lvs62, 53.69%, 719.3MiB / 3.871GiB, 18.15%, 262MB / 5.07MB, 5.09GB / 348MB, 15
[2J[Hok, 9a8afdfdba5f, image-classification-alexnet-gpu.1.ggw4dvws6wr07eeuogt3lvs62, 53.69%, 719.3MiB / 3.871GiB, 18.15%, 262MB / 5.07MB, 5.09GB / 348MB, 15
[2J[Hok, 9a8afdfdba5f, image-classification-alexnet-gpu.1.ggw4dvws6wr07eeuogt3lvs62, 53.69%, 719.3MiB / 3.871GiB, 18.15%, 262MB / 5.07MB, 5.09GB / 348MB, 15
[2J[Hok, 9a8afdfdba5f, image-classification-alexnet-gpu.1.ggw4dvws6wr07eeuogt3lvs62, 53.69%, 719.3MiB / 3.871GiB, 18.15%, 262MB / 5.07MB, 5.09GB / 348MB, 15
[2J[Hok, 9a8afdfdba5f, image-classification-alexnet-gpu.1.ggw4dvws6wr07eeuogt3lvs62, --, -- / --, --, --, --, --
[2J[Hok, 9a8afdfdba5f, image-classification-alexnet-gpu.1.ggw4dvws6wr07eeuogt3lvs62, --, -- / --, --, --, --, --
[2J[Hok, 9a8afdfdba5f, image-classification-alexnet-gpu.1.ggw4dvws6wr07eeuogt3lvs62, --, -- / --, --, --, --, --
[2J[Hok, 9a8afdfdba5f, image-classification-alexnet-gpu.1.ggw4dvws6wr07eeuogt3lvs62, --, -- / --, --, --, --, --
[2J[Hok, 9a8afdfdba5f, image-classification-alexnet-gpu.1.ggw4dvws6wr07eeuogt3lvs62, --, -- / --, --, --, --, --
[2J[Hok, 9a8afdfdba5f, image-classification-alexnet-gpu.1.ggw4dvws6wr07eeuogt3lvs62, 6.52%, 749.1MiB / 3.871GiB, 18.90%, 262MB / 5.07MB, 5.09GB / 348MB, 18
[2J[Hok, 9a8afdfdba5f, image-classification-alexnet-gpu.1.ggw4dvws6wr07eeuogt3lvs62, 6.52%, 749.1MiB / 3.871GiB, 18.90%, 262MB / 5.07MB, 5.09GB / 348MB, 18
[2J[Hok, 9a8afdfdba5f, image-classification-alexnet-gpu.1.ggw4dvws6wr07eeuogt3lvs62, 66.92%, 551.3MiB / 3.871GiB, 13.91%, 262MB / 5.07MB, 5.15GB / 348MB, 19
[2J[Hok, 9a8afdfdba5f, image-classification-alexnet-gpu.1.ggw4dvws6wr07eeuogt3lvs62, 66.92%, 551.3MiB / 3.871GiB, 13.91%, 262MB / 5.07MB, 5.15GB / 348MB, 19
[2J[Hok, 9a8afdfdba5f, image-classification-alexnet-gpu.1.ggw4dvws6wr07eeuogt3lvs62, 67.14%, 636MiB / 3.871GiB, 16.04%, 262MB / 5.07MB, 5.2GB / 348MB, 19
[2J[Hok, 9a8afdfdba5f, image-classification-alexnet-gpu.1.ggw4dvws6wr07eeuogt3lvs62, 67.14%, 636MiB / 3.871GiB, 16.04%, 262MB / 5.07MB, 5.2GB / 348MB, 19
[2J[Hok, 9a8afdfdba5f, image-classification-alexnet-gpu.1.ggw4dvws6wr07eeuogt3lvs62, 45.99%, 694.6MiB / 3.871GiB, 17.52%, 262MB / 5.07MB, 5.27GB / 348MB, 19
[2J[Hok, 9a8afdfdba5f, image-classification-alexnet-gpu.1.ggw4dvws6wr07eeuogt3lvs62, 45.99%, 694.6MiB / 3.871GiB, 17.52%, 262MB / 5.07MB, 5.27GB / 348MB, 19
[2J[Hok, 9a8afdfdba5f, image-classification-alexnet-gpu.1.ggw4dvws6wr07eeuogt3lvs62, 55.34%, 758.7MiB / 3.871GiB, 19.14%, 262MB / 5.07MB, 5.34GB / 348MB, 19
[2J[Hok, 9a8afdfdba5f, image-classification-alexnet-gpu.1.ggw4dvws6wr07eeuogt3lvs62, 55.34%, 758.7MiB / 3.871GiB, 19.14%, 262MB / 5.07MB, 5.34GB / 348MB, 19
[2J[Hok, 9a8afdfdba5f, image-classification-alexnet-gpu.1.ggw4dvws6wr07eeuogt3lvs62, 46.73%, 845.8MiB / 3.871GiB, 21.34%, 262MB / 5.07MB, 5.42GB / 348MB, 19
[2J[Hok, 9a8afdfdba5f, image-classification-alexnet-gpu.1.ggw4dvws6wr07eeuogt3lvs62, 46.73%, 845.8MiB / 3.871GiB, 21.34%, 262MB / 5.07MB, 5.42GB / 348MB, 19
[2J[Hok, 9a8afdfdba5f, image-classification-alexnet-gpu.1.ggw4dvws6wr07eeuogt3lvs62, 36.72%, 887.7MiB / 3.871GiB, 22.39%, 262MB / 5.07MB, 5.51GB / 348MB, 19
[2J[Hok, 9a8afdfdba5f, image-classification-alexnet-gpu.1.ggw4dvws6wr07eeuogt3lvs62, 36.72%, 887.7MiB / 3.871GiB, 22.39%, 262MB / 5.07MB, 5.51GB / 348MB, 19
[2J[Hok, 9a8afdfdba5f, image-classification-alexnet-gpu.1.ggw4dvws6wr07eeuogt3lvs62, 52.06%, 963.3MiB / 3.871GiB, 24.30%, 262MB / 5.07MB, 5.58GB / 348MB, 19
[2J[Hok, 9a8afdfdba5f, image-classification-alexnet-gpu.1.ggw4dvws6wr07eeuogt3lvs62, 52.06%, 963.3MiB / 3.871GiB, 24.30%, 262MB / 5.07MB, 5.58GB / 348MB, 19
[2J[Hok, 9a8afdfdba5f, image-classification-alexnet-gpu.1.ggw4dvws6wr07eeuogt3lvs62, 50.50%, 1.003GiB / 3.871GiB, 25.90%, 262MB / 5.07MB, 5.64GB / 348MB, 19
[2J[Hok, 9a8afdfdba5f, image-classification-alexnet-gpu.1.ggw4dvws6wr07eeuogt3lvs62, 50.50%, 1.003GiB / 3.871GiB, 25.90%, 262MB / 5.07MB, 5.64GB / 348MB, 19
[2J[Hok, 9a8afdfdba5f, image-classification-alexnet-gpu.1.ggw4dvws6wr07eeuogt3lvs62, 46.78%, 1.073GiB / 3.871GiB, 27.71%, 262MB / 5.07MB, 5.72GB / 348MB, 19
[2J[Hok, 9a8afdfdba5f, image-classification-alexnet-gpu.1.ggw4dvws6wr07eeuogt3lvs62, 46.78%, 1.073GiB / 3.871GiB, 27.71%, 262MB / 5.07MB, 5.72GB / 348MB, 19
[2J[Hok, 9a8afdfdba5f, image-classification-alexnet-gpu.1.ggw4dvws6wr07eeuogt3lvs62, 76.33%, 1.184GiB / 3.871GiB, 30.58%, 262MB / 5.07MB, 5.76GB / 348MB, 19
[2J[Hok, 9a8afdfdba5f, image-classification-alexnet-gpu.1.ggw4dvws6wr07eeuogt3lvs62, 76.33%, 1.184GiB / 3.871GiB, 30.58%, 262MB / 5.07MB, 5.76GB / 348MB, 19
[2J[Hok, 9a8afdfdba5f, image-classification-alexnet-gpu.1.ggw4dvws6wr07eeuogt3lvs62, 46.56%, 1.265GiB / 3.871GiB, 32.68%, 262MB / 5.07MB, 5.83GB / 348MB, 19
[2J[Hok, 9a8afdfdba5f, image-classification-alexnet-gpu.1.ggw4dvws6wr07eeuogt3lvs62, 46.56%, 1.265GiB / 3.871GiB, 32.68%, 262MB / 5.07MB, 5.83GB / 348MB, 19
[2J[Hok, 9a8afdfdba5f, image-classification-alexnet-gpu.1.ggw4dvws6wr07eeuogt3lvs62, 57.57%, 1.359GiB / 3.871GiB, 35.11%, 262MB / 5.07MB, 5.88GB / 348MB, 19
[2J[Hok, 9a8afdfdba5f, image-classification-alexnet-gpu.1.ggw4dvws6wr07eeuogt3lvs62, 57.57%, 1.359GiB / 3.871GiB, 35.11%, 262MB / 5.07MB, 5.88GB / 348MB, 19
[2J[Hok, 9a8afdfdba5f, image-classification-alexnet-gpu.1.ggw4dvws6wr07eeuogt3lvs62, 59.39%, 1.489GiB / 3.871GiB, 38.45%, 262MB / 5.07MB, 5.94GB / 348MB, 19
[2J[Hok, 9a8afdfdba5f, image-classification-alexnet-gpu.1.ggw4dvws6wr07eeuogt3lvs62, 59.39%, 1.489GiB / 3.871GiB, 38.45%, 262MB / 5.07MB, 5.94GB / 348MB, 19
[2J[Hok, 9a8afdfdba5f, image-classification-alexnet-gpu.1.ggw4dvws6wr07eeuogt3lvs62, 67.72%, 1.443GiB / 3.871GiB, 37.27%, 262MB / 5.07MB, 5.96GB / 348MB, 19
[2J[Hok, 9a8afdfdba5f, image-classification-alexnet-gpu.1.ggw4dvws6wr07eeuogt3lvs62, 67.72%, 1.443GiB / 3.871GiB, 37.27%, 262MB / 5.07MB, 5.96GB / 348MB, 19
[2J[Hok, 9a8afdfdba5f, image-classification-alexnet-gpu.1.ggw4dvws6wr07eeuogt3lvs62, 50.87%, 1.416GiB / 3.871GiB, 36.58%, 262MB / 5.07MB, 6.03GB / 348MB, 19
[2J[Hok, 9a8afdfdba5f, image-classification-alexnet-gpu.1.ggw4dvws6wr07eeuogt3lvs62, 50.87%, 1.416GiB / 3.871GiB, 36.58%, 262MB / 5.07MB, 6.03GB / 348MB, 19
[2J[Hok, 9a8afdfdba5f, image-classification-alexnet-gpu.1.ggw4dvws6wr07eeuogt3lvs62, 71.03%, 1.546GiB / 3.871GiB, 39.95%, 262MB / 5.07MB, 6.07GB / 348MB, 19
[2J[Hok, 9a8afdfdba5f, image-classification-alexnet-gpu.1.ggw4dvws6wr07eeuogt3lvs62, 71.03%, 1.546GiB / 3.871GiB, 39.95%, 262MB / 5.07MB, 6.07GB / 348MB, 19
[2J[Hok, 9a8afdfdba5f, image-classification-alexnet-gpu.1.ggw4dvws6wr07eeuogt3lvs62, 41.58%, 1.588GiB / 3.871GiB, 41.01%, 262MB / 5.07MB, 6.15GB / 348MB, 19
[2J[Hok, 9a8afdfdba5f, image-classification-alexnet-gpu.1.ggw4dvws6wr07eeuogt3lvs62, 41.58%, 1.588GiB / 3.871GiB, 41.01%, 262MB / 5.07MB, 6.15GB / 348MB, 19
[2J[Hok, 9a8afdfdba5f, image-classification-alexnet-gpu.1.ggw4dvws6wr07eeuogt3lvs62, 20.47%, 1.61GiB / 3.871GiB, 41.59%, 262MB / 5.07MB, 6.27GB / 348MB, 19
[2J[Hok, 9a8afdfdba5f, image-classification-alexnet-gpu.1.ggw4dvws6wr07eeuogt3lvs62, 20.47%, 1.61GiB / 3.871GiB, 41.59%, 262MB / 5.07MB, 6.27GB / 348MB, 19
[2J[Hok, 9a8afdfdba5f, image-classification-alexnet-gpu.1.ggw4dvws6wr07eeuogt3lvs62, 22.94%, 1.673GiB / 3.871GiB, 43.21%, 262MB / 5.07MB, 6.4GB / 348MB, 19
[2J[Hok, 9a8afdfdba5f, image-classification-alexnet-gpu.1.ggw4dvws6wr07eeuogt3lvs62, 22.94%, 1.673GiB / 3.871GiB, 43.21%, 262MB / 5.07MB, 6.4GB / 348MB, 19
[2J[Hok, 9a8afdfdba5f, image-classification-alexnet-gpu.1.ggw4dvws6wr07eeuogt3lvs62, 10.78%, 1.663GiB / 3.871GiB, 42.97%, 262MB / 5.07MB, 6.47GB / 348MB, 19
[2J[Hok, 9a8afdfdba5f, image-classification-alexnet-gpu.1.ggw4dvws6wr07eeuogt3lvs62, 10.78%, 1.663GiB / 3.871GiB, 42.97%, 262MB / 5.07MB, 6.47GB / 348MB, 19
[2J[Hok, 9a8afdfdba5f, image-classification-alexnet-gpu.1.ggw4dvws6wr07eeuogt3lvs62, 23.37%, 1.673GiB / 3.871GiB, 43.22%, 262MB / 5.07MB, 6.55GB / 348MB, 19
[2J[Hok, 9a8afdfdba5f, image-classification-alexnet-gpu.1.ggw4dvws6wr07eeuogt3lvs62, 23.37%, 1.673GiB / 3.871GiB, 43.22%, 262MB / 5.07MB, 6.55GB / 348MB, 19
[2J[Hok, 9a8afdfdba5f, image-classification-alexnet-gpu.1.ggw4dvws6wr07eeuogt3lvs62, 39.22%, 1.708GiB / 3.871GiB, 44.12%, 262MB / 5.07MB, 6.63GB / 348MB, 19
[2J[Hok, 9a8afdfdba5f, image-classification-alexnet-gpu.1.ggw4dvws6wr07eeuogt3lvs62, 39.22%, 1.708GiB / 3.871GiB, 44.12%, 262MB / 5.07MB, 6.63GB / 348MB, 19
[2J[Hok, 9a8afdfdba5f, image-classification-alexnet-gpu.1.ggw4dvws6wr07eeuogt3lvs62, 39.22%, 1.708GiB / 3.871GiB, 44.12%, 262MB / 5.07MB, 6.63GB / 348MB, 19
[2J[Hok, 9a8afdfdba5f, image-classification-alexnet-gpu.1.ggw4dvws6wr07eeuogt3lvs62, 41.76%, 1.724GiB / 3.871GiB, 44.53%, 262MB / 5.07MB, 6.7GB / 348MB, 19
[2J[Hok, 9a8afdfdba5f, image-classification-alexnet-gpu.1.ggw4dvws6wr07eeuogt3lvs62, 33.22%, 1.726GiB / 3.871GiB, 44.57%, 262MB / 5.07MB, 6.75GB / 348MB, 19
[2J[Hok, 9a8afdfdba5f, image-classification-alexnet-gpu.1.ggw4dvws6wr07eeuogt3lvs62, 33.22%, 1.726GiB / 3.871GiB, 44.57%, 262MB / 5.07MB, 6.75GB / 348MB, 19
[2J[Hok, 9a8afdfdba5f, image-classification-alexnet-gpu.1.ggw4dvws6wr07eeuogt3lvs62, 33.22%, 1.726GiB / 3.871GiB, 44.57%, 262MB / 5.07MB, 6.75GB / 348MB, 19
[2J[Hok, 9a8afdfdba5f, image-classification-alexnet-gpu.1.ggw4dvws6wr07eeuogt3lvs62, 65.61%, 1.768GiB / 3.871GiB, 45.68%, 262MB / 5.07MB, 6.79GB / 348MB, 19
[2J[Hok, 9a8afdfdba5f, image-classification-alexnet-gpu.1.ggw4dvws6wr07eeuogt3lvs62, 65.61%, 1.768GiB / 3.871GiB, 45.68%, 262MB / 5.07MB, 6.79GB / 348MB, 19
[2J[Hok, 9a8afdfdba5f, image-classification-alexnet-gpu.1.ggw4dvws6wr07eeuogt3lvs62, 40.28%, 1.787GiB / 3.871GiB, 46.16%, 262MB / 5.07MB, 6.86GB / 348MB, 19
[2J[Hok, 9a8afdfdba5f, image-classification-alexnet-gpu.1.ggw4dvws6wr07eeuogt3lvs62, 40.28%, 1.787GiB / 3.871GiB, 46.16%, 262MB / 5.07MB, 6.86GB / 348MB, 19
[2J[Hok, 9a8afdfdba5f, image-classification-alexnet-gpu.1.ggw4dvws6wr07eeuogt3lvs62, 47.47%, 1.788GiB / 3.871GiB, 46.20%, 262MB / 5.07MB, 6.91GB / 348MB, 19
[2J[Hok, 9a8afdfdba5f, image-classification-alexnet-gpu.1.ggw4dvws6wr07eeuogt3lvs62, 47.47%, 1.788GiB / 3.871GiB, 46.20%, 262MB / 5.07MB, 6.91GB / 348MB, 19
[2J[Hok, 9a8afdfdba5f, image-classification-alexnet-gpu.1.ggw4dvws6wr07eeuogt3lvs62, 62.35%, 282.8MiB / 3.871GiB, 7.13%, 262MB / 5.07MB, 6.93GB / 348MB, 12
[2J[Hok, 9a8afdfdba5f, image-classification-alexnet-gpu.1.ggw4dvws6wr07eeuogt3lvs62, 62.35%, 282.8MiB / 3.871GiB, 7.13%, 262MB / 5.07MB, 6.93GB / 348MB, 12
[2J[Hok, 9a8afdfdba5f, image-classification-alexnet-gpu.1.ggw4dvws6wr07eeuogt3lvs62, 135.09%, 307.6MiB / 3.871GiB, 7.76%, 262MB / 5.07MB, 6.96GB / 348MB, 15
[2J[Hok, 9a8afdfdba5f, image-classification-alexnet-gpu.1.ggw4dvws6wr07eeuogt3lvs62, 135.09%, 307.6MiB / 3.871GiB, 7.76%, 262MB / 5.07MB, 6.96GB / 348MB, 15
[2J[Hok, 9a8afdfdba5f, image-classification-alexnet-gpu.1.ggw4dvws6wr07eeuogt3lvs62, 75.40%, 332.4MiB / 3.871GiB, 8.39%, 262MB / 5.07MB, 6.98GB / 348MB, 15
[2J[Hok, 9a8afdfdba5f, image-classification-alexnet-gpu.1.ggw4dvws6wr07eeuogt3lvs62, 75.40%, 332.4MiB / 3.871GiB, 8.39%, 262MB / 5.07MB, 6.98GB / 348MB, 15
[2J[Hok, 9a8afdfdba5f, image-classification-alexnet-gpu.1.ggw4dvws6wr07eeuogt3lvs62, 84.81%, 394MiB / 3.871GiB, 9.94%, 262MB / 5.07MB, 6.99GB / 348MB, 15
[2J[Hok, 9a8afdfdba5f, image-classification-alexnet-gpu.1.ggw4dvws6wr07eeuogt3lvs62, 84.81%, 394MiB / 3.871GiB, 9.94%, 262MB / 5.07MB, 6.99GB / 348MB, 15
[2J[Hok, 9a8afdfdba5f, image-classification-alexnet-gpu.1.ggw4dvws6wr07eeuogt3lvs62, 97.42%, 581MiB / 3.871GiB, 14.66%, 262MB / 5.07MB, 6.99GB / 348MB, 15
[2J[Hok, 9a8afdfdba5f, image-classification-alexnet-gpu.1.ggw4dvws6wr07eeuogt3lvs62, 97.42%, 581MiB / 3.871GiB, 14.66%, 262MB / 5.07MB, 6.99GB / 348MB, 15
[2J[Hok, 9a8afdfdba5f, image-classification-alexnet-gpu.1.ggw4dvws6wr07eeuogt3lvs62, 49.77%, 621.6MiB / 3.871GiB, 15.68%, 262MB / 5.07MB, 7.13GB / 348MB, 15
[2J[Hok, 9a8afdfdba5f, image-classification-alexnet-gpu.1.ggw4dvws6wr07eeuogt3lvs62, 49.77%, 621.6MiB / 3.871GiB, 15.68%, 262MB / 5.07MB, 7.13GB / 348MB, 15
[2J[Hok, 9a8afdfdba5f, image-classification-alexnet-gpu.1.ggw4dvws6wr07eeuogt3lvs62, 66.57%, 675.1MiB / 3.871GiB, 17.03%, 262MB / 5.07MB, 7.25GB / 348MB, 15
[2J[Hok, 9a8afdfdba5f, image-classification-alexnet-gpu.1.ggw4dvws6wr07eeuogt3lvs62, 66.57%, 675.1MiB / 3.871GiB, 17.03%, 262MB / 5.07MB, 7.25GB / 348MB, 15
[2J[Hok, 9a8afdfdba5f, image-classification-alexnet-gpu.1.ggw4dvws6wr07eeuogt3lvs62, 66.52%, 907.7MiB / 3.871GiB, 22.90%, 262MB / 5.07MB, 7.29GB / 348MB, 15
[2J[Hok, 9a8afdfdba5f, image-classification-alexnet-gpu.1.ggw4dvws6wr07eeuogt3lvs62, 66.52%, 907.7MiB / 3.871GiB, 22.90%, 262MB / 5.07MB, 7.29GB / 348MB, 15
[2J[Hok, 9a8afdfdba5f, image-classification-alexnet-gpu.1.ggw4dvws6wr07eeuogt3lvs62, 10.75%, 908MiB / 3.871GiB, 22.90%, 262MB / 5.07MB, 7.29GB / 348MB, 15
[2J[Hok, 9a8afdfdba5f, image-classification-alexnet-gpu.1.ggw4dvws6wr07eeuogt3lvs62, 10.75%, 908MiB / 3.871GiB, 22.90%, 262MB / 5.07MB, 7.29GB / 348MB, 15
[2J[Hok, 9a8afdfdba5f, image-classification-alexnet-gpu.1.ggw4dvws6wr07eeuogt3lvs62, 45.51%, 681.5MiB / 3.871GiB, 17.19%, 262MB / 5.07MB, 7.29GB / 348MB, 19
[2J[Hok, 9a8afdfdba5f, image-classification-alexnet-gpu.1.ggw4dvws6wr07eeuogt3lvs62, 45.51%, 681.5MiB / 3.871GiB, 17.19%, 262MB / 5.07MB, 7.29GB / 348MB, 19
[2J[Hok, 9a8afdfdba5f, image-classification-alexnet-gpu.1.ggw4dvws6wr07eeuogt3lvs62, 49.90%, 735.8MiB / 3.871GiB, 18.56%, 262MB / 5.07MB, 7.36GB / 348MB, 19
[2J[Hok, 9a8afdfdba5f, image-classification-alexnet-gpu.1.ggw4dvws6wr07eeuogt3lvs62, 49.90%, 735.8MiB / 3.871GiB, 18.56%, 262MB / 5.07MB, 7.36GB / 348MB, 19
[2J[Hok, 9a8afdfdba5f, image-classification-alexnet-gpu.1.ggw4dvws6wr07eeuogt3lvs62, 45.07%, 791.9MiB / 3.871GiB, 19.98%, 262MB / 5.07MB, 7.45GB / 348MB, 19
[2J[Hok, 9a8afdfdba5f, image-classification-alexnet-gpu.1.ggw4dvws6wr07eeuogt3lvs62, 45.07%, 791.9MiB / 3.871GiB, 19.98%, 262MB / 5.07MB, 7.45GB / 348MB, 19
[2J[Hok, 9a8afdfdba5f, image-classification-alexnet-gpu.1.ggw4dvws6wr07eeuogt3lvs62, 68.89%, 892.5MiB / 3.871GiB, 22.52%, 262MB / 5.07MB, 7.5GB / 348MB, 19
[2J[Hok, 9a8afdfdba5f, image-classification-alexnet-gpu.1.ggw4dvws6wr07eeuogt3lvs62, 68.89%, 892.5MiB / 3.871GiB, 22.52%, 262MB / 5.07MB, 7.5GB / 348MB, 19
[2J[Hok, 9a8afdfdba5f, image-classification-alexnet-gpu.1.ggw4dvws6wr07eeuogt3lvs62, 46.09%, 946.9MiB / 3.871GiB, 23.89%, 262MB / 5.07MB, 7.58GB / 348MB, 19
[2J[Hok, 9a8afdfdba5f, image-classification-alexnet-gpu.1.ggw4dvws6wr07eeuogt3lvs62, 46.09%, 946.9MiB / 3.871GiB, 23.89%, 262MB / 5.07MB, 7.58GB / 348MB, 19
[2J[Hok, 9a8afdfdba5f, image-classification-alexnet-gpu.1.ggw4dvws6wr07eeuogt3lvs62, 59.91%, 1.009GiB / 3.871GiB, 26.05%, 262MB / 5.07MB, 7.63GB / 348MB, 19
[2J[Hok, 9a8afdfdba5f, image-classification-alexnet-gpu.1.ggw4dvws6wr07eeuogt3lvs62, 59.91%, 1.009GiB / 3.871GiB, 26.05%, 262MB / 5.07MB, 7.63GB / 348MB, 19
[2J[Hok, 9a8afdfdba5f, image-classification-alexnet-gpu.1.ggw4dvws6wr07eeuogt3lvs62, 46.56%, 1.077GiB / 3.871GiB, 27.83%, 262MB / 5.07MB, 7.71GB / 348MB, 26
[2J[Hok, 9a8afdfdba5f, image-classification-alexnet-gpu.1.ggw4dvws6wr07eeuogt3lvs62, 46.56%, 1.077GiB / 3.871GiB, 27.83%, 262MB / 5.07MB, 7.71GB / 348MB, 26
[2J[Hok, 9a8afdfdba5f, image-classification-alexnet-gpu.1.ggw4dvws6wr07eeuogt3lvs62, 57.02%, 1.155GiB / 3.871GiB, 29.84%, 262MB / 5.07MB, 7.77GB / 348MB, 19
[2J[Hok, 9a8afdfdba5f, image-classification-alexnet-gpu.1.ggw4dvws6wr07eeuogt3lvs62, 57.02%, 1.155GiB / 3.871GiB, 29.84%, 262MB / 5.07MB, 7.77GB / 348MB, 19
[2J[Hok, 9a8afdfdba5f, image-classification-alexnet-gpu.1.ggw4dvws6wr07eeuogt3lvs62, 49.27%, 1.237GiB / 3.871GiB, 31.95%, 262MB / 5.07MB, 7.84GB / 348MB, 19
[2J[Hok, 9a8afdfdba5f, image-classification-alexnet-gpu.1.ggw4dvws6wr07eeuogt3lvs62, 49.27%, 1.237GiB / 3.871GiB, 31.95%, 262MB / 5.07MB, 7.84GB / 348MB, 19
[2J[Hok, 9a8afdfdba5f, image-classification-alexnet-gpu.1.ggw4dvws6wr07eeuogt3lvs62, 53.27%, 1.32GiB / 3.871GiB, 34.10%, 262MB / 5.07MB, 7.91GB / 348MB, 19
[2J[Hok, 9a8afdfdba5f, image-classification-alexnet-gpu.1.ggw4dvws6wr07eeuogt3lvs62, 53.27%, 1.32GiB / 3.871GiB, 34.10%, 262MB / 5.07MB, 7.91GB / 348MB, 19
[2J[Hok, 9a8afdfdba5f, image-classification-alexnet-gpu.1.ggw4dvws6wr07eeuogt3lvs62, 57.37%, 1.404GiB / 3.871GiB, 36.26%, 262MB / 5.07MB, 7.97GB / 348MB, 19
[2J[Hok, 9a8afdfdba5f, image-classification-alexnet-gpu.1.ggw4dvws6wr07eeuogt3lvs62, 57.37%, 1.404GiB / 3.871GiB, 36.26%, 262MB / 5.07MB, 7.97GB / 348MB, 19
[2J[Hok, 9a8afdfdba5f, image-classification-alexnet-gpu.1.ggw4dvws6wr07eeuogt3lvs62, 84.95%, 1.513GiB / 3.871GiB, 39.09%, 262MB / 5.07MB, 7.98GB / 348MB, 19
[2J[Hok, 9a8afdfdba5f, image-classification-alexnet-gpu.1.ggw4dvws6wr07eeuogt3lvs62, 84.95%, 1.513GiB / 3.871GiB, 39.09%, 262MB / 5.07MB, 7.98GB / 348MB, 19
[2J[Hok, 9a8afdfdba5f, image-classification-alexnet-gpu.1.ggw4dvws6wr07eeuogt3lvs62, 62.96%, 1.631GiB / 3.871GiB, 42.13%, 262MB / 5.07MB, 8.03GB / 348MB, 19
[2J[Hok, 9a8afdfdba5f, image-classification-alexnet-gpu.1.ggw4dvws6wr07eeuogt3lvs62, 62.96%, 1.631GiB / 3.871GiB, 42.13%, 262MB / 5.07MB, 8.03GB / 348MB, 19
[2J[Hok, 9a8afdfdba5f, image-classification-alexnet-gpu.1.ggw4dvws6wr07eeuogt3lvs62, 72.57%, 1.507GiB / 3.871GiB, 38.94%, 262MB / 5.07MB, 8.05GB / 348MB, 19
[2J[Hok, 9a8afdfdba5f, image-classification-alexnet-gpu.1.ggw4dvws6wr07eeuogt3lvs62, 72.57%, 1.507GiB / 3.871GiB, 38.94%, 262MB / 5.07MB, 8.05GB / 348MB, 19
[2J[Hok, 9a8afdfdba5f, image-classification-alexnet-gpu.1.ggw4dvws6wr07eeuogt3lvs62, 71.63%, 1.599GiB / 3.871GiB, 41.30%, 262MB / 5.07MB, 8.09GB / 348MB, 19
[2J[Hok, 9a8afdfdba5f, image-classification-alexnet-gpu.1.ggw4dvws6wr07eeuogt3lvs62, 71.63%, 1.599GiB / 3.871GiB, 41.30%, 262MB / 5.07MB, 8.09GB / 348MB, 19
[2J[Hok, 9a8afdfdba5f, image-classification-alexnet-gpu.1.ggw4dvws6wr07eeuogt3lvs62, 63.81%, 1.704GiB / 3.871GiB, 44.01%, 262MB / 5.07MB, 8.14GB / 348MB, 19
[2J[Hok, 9a8afdfdba5f, image-classification-alexnet-gpu.1.ggw4dvws6wr07eeuogt3lvs62, 63.81%, 1.704GiB / 3.871GiB, 44.01%, 262MB / 5.07MB, 8.14GB / 348MB, 19
[2J[Hok, 9a8afdfdba5f, image-classification-alexnet-gpu.1.ggw4dvws6wr07eeuogt3lvs62, 20.21%, 1.743GiB / 3.871GiB, 45.02%, 262MB / 5.07MB, 8.27GB / 348MB, 19
[2J[Hok, 9a8afdfdba5f, image-classification-alexnet-gpu.1.ggw4dvws6wr07eeuogt3lvs62, 20.21%, 1.743GiB / 3.871GiB, 45.02%, 262MB / 5.07MB, 8.27GB / 348MB, 19
[2J[Hok, 9a8afdfdba5f, image-classification-alexnet-gpu.1.ggw4dvws6wr07eeuogt3lvs62, 21.53%, 1.804GiB / 3.871GiB, 46.61%, 262MB / 5.07MB, 8.39GB / 348MB, 19
[2J[Hok, 9a8afdfdba5f, image-classification-alexnet-gpu.1.ggw4dvws6wr07eeuogt3lvs62, 21.53%, 1.804GiB / 3.871GiB, 46.61%, 262MB / 5.07MB, 8.39GB / 348MB, 19
[2J[Hok, 9a8afdfdba5f, image-classification-alexnet-gpu.1.ggw4dvws6wr07eeuogt3lvs62, 20.53%, 1.839GiB / 3.871GiB, 47.50%, 262MB / 5.07MB, 8.47GB / 348MB, 19
[2J[Hok, 9a8afdfdba5f, image-classification-alexnet-gpu.1.ggw4dvws6wr07eeuogt3lvs62, 20.53%, 1.839GiB / 3.871GiB, 47.50%, 262MB / 5.07MB, 8.47GB / 348MB, 19
[2J[Hok, 9a8afdfdba5f, image-classification-alexnet-gpu.1.ggw4dvws6wr07eeuogt3lvs62, 40.02%, 1.821GiB / 3.871GiB, 47.05%, 262MB / 5.07MB, 8.54GB / 348MB, 19
[2J[Hok, 9a8afdfdba5f, image-classification-alexnet-gpu.1.ggw4dvws6wr07eeuogt3lvs62, 40.02%, 1.821GiB / 3.871GiB, 47.05%, 262MB / 5.07MB, 8.54GB / 348MB, 19
[2J[Hok, 9a8afdfdba5f, image-classification-alexnet-gpu.1.ggw4dvws6wr07eeuogt3lvs62, 42.87%, 1.835GiB / 3.871GiB, 47.41%, 262MB / 5.07MB, 8.59GB / 348MB, 19
[2J[Hok, 9a8afdfdba5f, image-classification-alexnet-gpu.1.ggw4dvws6wr07eeuogt3lvs62, 42.87%, 1.835GiB / 3.871GiB, 47.41%, 262MB / 5.07MB, 8.59GB / 348MB, 19
[2J[Hok, 9a8afdfdba5f, image-classification-alexnet-gpu.1.ggw4dvws6wr07eeuogt3lvs62, 30.75%, 1.833GiB / 3.871GiB, 47.34%, 262MB / 5.07MB, 8.66GB / 348MB, 19
[2J[Hok, 9a8afdfdba5f, image-classification-alexnet-gpu.1.ggw4dvws6wr07eeuogt3lvs62, 30.75%, 1.833GiB / 3.871GiB, 47.34%, 262MB / 5.07MB, 8.66GB / 348MB, 19
[2J[Hok, 9a8afdfdba5f, image-classification-alexnet-gpu.1.ggw4dvws6wr07eeuogt3lvs62, 68.20%, 1.838GiB / 3.871GiB, 47.48%, 262MB / 5.07MB, 8.69GB / 348MB, 19
[2J[Hok, 9a8afdfdba5f, image-classification-alexnet-gpu.1.ggw4dvws6wr07eeuogt3lvs62, 68.20%, 1.838GiB / 3.871GiB, 47.48%, 262MB / 5.07MB, 8.69GB / 348MB, 19
[2J[Hok, 9a8afdfdba5f, image-classification-alexnet-gpu.1.ggw4dvws6wr07eeuogt3lvs62, 40.46%, 1.851GiB / 3.871GiB, 47.82%, 262MB / 5.07MB, 8.74GB / 348MB, 19
[2J[Hok, 9a8afdfdba5f, image-classification-alexnet-gpu.1.ggw4dvws6wr07eeuogt3lvs62, 40.46%, 1.851GiB / 3.871GiB, 47.82%, 262MB / 5.07MB, 8.74GB / 348MB, 19
[2J[Hok, 9a8afdfdba5f, image-classification-alexnet-gpu.1.ggw4dvws6wr07eeuogt3lvs62, 54.85%, 1.853GiB / 3.871GiB, 47.87%, 262MB / 5.07MB, 8.79GB / 348MB, 19
[2J[Hok, 9a8afdfdba5f, image-classification-alexnet-gpu.1.ggw4dvws6wr07eeuogt3lvs62, 54.85%, 1.853GiB / 3.871GiB, 47.87%, 262MB / 5.07MB, 8.79GB / 348MB, 19
[2J[Hok, 9a8afdfdba5f, image-classification-alexnet-gpu.1.ggw4dvws6wr07eeuogt3lvs62, 55.07%, 344.3MiB / 3.871GiB, 8.68%, 262MB / 5.07MB, 8.82GB / 348MB, 11
[2J[Hok, 9a8afdfdba5f, image-classification-alexnet-gpu.1.ggw4dvws6wr07eeuogt3lvs62, 55.07%, 344.3MiB / 3.871GiB, 8.68%, 262MB / 5.07MB, 8.82GB / 348MB, 11
[2J[Hok, 9a8afdfdba5f, image-classification-alexnet-gpu.1.ggw4dvws6wr07eeuogt3lvs62, 0.00%, 344.2MiB / 3.871GiB, 8.68%, 262MB / 5.07MB, 8.82GB / 348MB, 11
