[2J[Hok, 7e134b6be23f, image-classification-batch-alexnet-cpu.1.cysvno6pcywr3qd3vzzwsxaoe, 3.54%, 255.2MiB / 3.703GiB, 6.73%, 262MB / 2.09MB, 67.7MB / 0B, 12
[2J[Hok, 7e134b6be23f, image-classification-batch-alexnet-cpu.1.cysvno6pcywr3qd3vzzwsxaoe, 3.54%, 255.2MiB / 3.703GiB, 6.73%, 262MB / 2.09MB, 67.7MB / 0B, 12
[2J[Hok, 7e134b6be23f, image-classification-batch-alexnet-cpu.1.cysvno6pcywr3qd3vzzwsxaoe, 16.60%, 262.3MiB / 3.703GiB, 6.92%, 262MB / 2.09MB, 67.7MB / 0B, 13
[2J[Hok, 7e134b6be23f, image-classification-batch-alexnet-cpu.1.cysvno6pcywr3qd3vzzwsxaoe, 16.60%, 262.3MiB / 3.703GiB, 6.92%, 262MB / 2.09MB, 67.7MB / 0B, 13
[2J[Hok, 7e134b6be23f, image-classification-batch-alexnet-cpu.1.cysvno6pcywr3qd3vzzwsxaoe, 131.11%, 297.7MiB / 3.703GiB, 7.85%, 262MB / 2.09MB, 67.7MB / 0B, 16
[2J[Hok, 7e134b6be23f, image-classification-batch-alexnet-cpu.1.cysvno6pcywr3qd3vzzwsxaoe, 131.11%, 297.7MiB / 3.703GiB, 7.85%, 262MB / 2.09MB, 67.7MB / 0B, 16
[2J[Hok, 7e134b6be23f, image-classification-batch-alexnet-cpu.1.cysvno6pcywr3qd3vzzwsxaoe, 100.04%, 430.1MiB / 3.703GiB, 11.34%, 262MB / 2.09MB, 67.7MB / 0B, 16
[2J[Hok, 7e134b6be23f, image-classification-batch-alexnet-cpu.1.cysvno6pcywr3qd3vzzwsxaoe, 100.04%, 430.1MiB / 3.703GiB, 11.34%, 262MB / 2.09MB, 67.7MB / 0B, 16
[2J[Hok, 7e134b6be23f, image-classification-batch-alexnet-cpu.1.cysvno6pcywr3qd3vzzwsxaoe, 101.10%, 555.3MiB / 3.703GiB, 14.65%, 262MB / 2.09MB, 67.7MB / 0B, 16
[2J[Hok, 7e134b6be23f, image-classification-batch-alexnet-cpu.1.cysvno6pcywr3qd3vzzwsxaoe, 101.10%, 555.3MiB / 3.703GiB, 14.65%, 262MB / 2.09MB, 67.7MB / 0B, 16
[2J[Hok, 7e134b6be23f, image-classification-batch-alexnet-cpu.1.cysvno6pcywr3qd3vzzwsxaoe, 97.17%, 567.9MiB / 3.703GiB, 14.98%, 262MB / 2.09MB, 67.7MB / 0B, 16
[2J[Hok, 7e134b6be23f, image-classification-batch-alexnet-cpu.1.cysvno6pcywr3qd3vzzwsxaoe, 97.17%, 567.9MiB / 3.703GiB, 14.98%, 262MB / 2.09MB, 67.7MB / 0B, 16
[2J[Hok, 7e134b6be23f, image-classification-batch-alexnet-cpu.1.cysvno6pcywr3qd3vzzwsxaoe, 53.02%, 792.4MiB / 3.703GiB, 20.90%, 262MB / 2.09MB, 67.7MB / 0B, 16
[2J[Hok, 7e134b6be23f, image-classification-batch-alexnet-cpu.1.cysvno6pcywr3qd3vzzwsxaoe, 53.02%, 792.4MiB / 3.703GiB, 20.90%, 262MB / 2.09MB, 67.7MB / 0B, 16
[2J[Hok, 7e134b6be23f, image-classification-batch-alexnet-cpu.1.cysvno6pcywr3qd3vzzwsxaoe, 14.08%, 782.8MiB / 3.703GiB, 20.65%, 262MB / 2.09MB, 67.7MB / 0B, 16
[2J[Hok, 7e134b6be23f, image-classification-batch-alexnet-cpu.1.cysvno6pcywr3qd3vzzwsxaoe, 14.08%, 782.8MiB / 3.703GiB, 20.65%, 262MB / 2.09MB, 67.7MB / 0B, 16
[2J[Hok, 7e134b6be23f, image-classification-batch-alexnet-cpu.1.cysvno6pcywr3qd3vzzwsxaoe, 0.91%, 777.7MiB / 3.703GiB, 20.51%, 262MB / 2.09MB, 67.7MB / 0B, 16
[2J[Hok, 7e134b6be23f, image-classification-batch-alexnet-cpu.1.cysvno6pcywr3qd3vzzwsxaoe, 0.91%, 777.7MiB / 3.703GiB, 20.51%, 262MB / 2.09MB, 67.7MB / 0B, 16
[2J[Hok, 7e134b6be23f, image-classification-batch-alexnet-cpu.1.cysvno6pcywr3qd3vzzwsxaoe, 0.54%, 777.5MiB / 3.703GiB, 20.51%, 262MB / 2.09MB, 67.7MB / 0B, 16
[2J[Hok, 7e134b6be23f, image-classification-batch-alexnet-cpu.1.cysvno6pcywr3qd3vzzwsxaoe, 0.54%, 777.5MiB / 3.703GiB, 20.51%, 262MB / 2.09MB, 67.7MB / 0B, 16
[2J[Hok, 7e134b6be23f, image-classification-batch-alexnet-cpu.1.cysvno6pcywr3qd3vzzwsxaoe, 36.46%, 544.3MiB / 3.703GiB, 14.36%, 262MB / 2.09MB, 67.7MB / 0B, 19
[2J[Hok, 7e134b6be23f, image-classification-batch-alexnet-cpu.1.cysvno6pcywr3qd3vzzwsxaoe, 36.46%, 544.3MiB / 3.703GiB, 14.36%, 262MB / 2.09MB, 67.7MB / 0B, 19
[2J[Hok, 7e134b6be23f, image-classification-batch-alexnet-cpu.1.cysvno6pcywr3qd3vzzwsxaoe, 111.80%, 561.9MiB / 3.703GiB, 14.82%, 262MB / 2.09MB, 67.7MB / 0B, 19
[2J[Hok, 7e134b6be23f, image-classification-batch-alexnet-cpu.1.cysvno6pcywr3qd3vzzwsxaoe, 111.80%, 561.9MiB / 3.703GiB, 14.82%, 262MB / 2.09MB, 67.7MB / 0B, 19
[2J[Hok, 7e134b6be23f, image-classification-batch-alexnet-cpu.1.cysvno6pcywr3qd3vzzwsxaoe, 101.68%, 577.8MiB / 3.703GiB, 15.24%, 262MB / 2.09MB, 67.7MB / 0B, 19
[2J[Hok, 7e134b6be23f, image-classification-batch-alexnet-cpu.1.cysvno6pcywr3qd3vzzwsxaoe, 101.68%, 577.8MiB / 3.703GiB, 15.24%, 262MB / 2.09MB, 67.7MB / 0B, 19
[2J[Hok, 7e134b6be23f, image-classification-batch-alexnet-cpu.1.cysvno6pcywr3qd3vzzwsxaoe, 106.18%, 579.7MiB / 3.703GiB, 15.29%, 262MB / 2.09MB, 67.7MB / 0B, 19
[2J[Hok, 7e134b6be23f, image-classification-batch-alexnet-cpu.1.cysvno6pcywr3qd3vzzwsxaoe, 106.18%, 579.7MiB / 3.703GiB, 15.29%, 262MB / 2.09MB, 67.7MB / 0B, 19
[2J[Hok, 7e134b6be23f, image-classification-batch-alexnet-cpu.1.cysvno6pcywr3qd3vzzwsxaoe, 109.44%, 579.7MiB / 3.703GiB, 15.29%, 262MB / 2.09MB, 67.7MB / 0B, 19
[2J[Hok, 7e134b6be23f, image-classification-batch-alexnet-cpu.1.cysvno6pcywr3qd3vzzwsxaoe, 109.44%, 579.7MiB / 3.703GiB, 15.29%, 262MB / 2.09MB, 67.7MB / 0B, 19
[2J[Hok, 7e134b6be23f, image-classification-batch-alexnet-cpu.1.cysvno6pcywr3qd3vzzwsxaoe, 103.27%, 579.7MiB / 3.703GiB, 15.29%, 262MB / 2.09MB, 67.7MB / 0B, 19
[2J[Hok, 7e134b6be23f, image-classification-batch-alexnet-cpu.1.cysvno6pcywr3qd3vzzwsxaoe, 103.27%, 579.7MiB / 3.703GiB, 15.29%, 262MB / 2.09MB, 67.7MB / 0B, 19
[2J[Hok, 7e134b6be23f, image-classification-batch-alexnet-cpu.1.cysvno6pcywr3qd3vzzwsxaoe, 103.74%, 580.9MiB / 3.703GiB, 15.32%, 262MB / 2.09MB, 67.7MB / 0B, 19
[2J[Hok, 7e134b6be23f, image-classification-batch-alexnet-cpu.1.cysvno6pcywr3qd3vzzwsxaoe, 103.74%, 580.9MiB / 3.703GiB, 15.32%, 262MB / 2.09MB, 67.7MB / 0B, 19
[2J[Hok, 7e134b6be23f, image-classification-batch-alexnet-cpu.1.cysvno6pcywr3qd3vzzwsxaoe, 109.81%, 582.6MiB / 3.703GiB, 15.37%, 262MB / 2.09MB, 67.7MB / 0B, 19
[2J[Hok, 7e134b6be23f, image-classification-batch-alexnet-cpu.1.cysvno6pcywr3qd3vzzwsxaoe, 109.81%, 582.6MiB / 3.703GiB, 15.37%, 262MB / 2.09MB, 67.7MB / 0B, 19
[2J[Hok, 7e134b6be23f, image-classification-batch-alexnet-cpu.1.cysvno6pcywr3qd3vzzwsxaoe, 103.62%, 582.6MiB / 3.703GiB, 15.37%, 262MB / 2.09MB, 67.7MB / 0B, 19
[2J[Hok, 7e134b6be23f, image-classification-batch-alexnet-cpu.1.cysvno6pcywr3qd3vzzwsxaoe, 103.62%, 582.6MiB / 3.703GiB, 15.37%, 262MB / 2.09MB, 67.7MB / 0B, 19
[2J[Hok, 7e134b6be23f, image-classification-batch-alexnet-cpu.1.cysvno6pcywr3qd3vzzwsxaoe, 103.04%, 582.6MiB / 3.703GiB, 15.37%, 262MB / 2.09MB, 67.7MB / 0B, 19
[2J[Hok, 7e134b6be23f, image-classification-batch-alexnet-cpu.1.cysvno6pcywr3qd3vzzwsxaoe, 103.04%, 582.6MiB / 3.703GiB, 15.37%, 262MB / 2.09MB, 67.7MB / 0B, 19
[2J[Hok, 7e134b6be23f, image-classification-batch-alexnet-cpu.1.cysvno6pcywr3qd3vzzwsxaoe, 107.03%, 582.6MiB / 3.703GiB, 15.37%, 262MB / 2.09MB, 67.7MB / 0B, 19
[2J[Hok, 7e134b6be23f, image-classification-batch-alexnet-cpu.1.cysvno6pcywr3qd3vzzwsxaoe, 107.03%, 582.6MiB / 3.703GiB, 15.37%, 262MB / 2.09MB, 67.7MB / 0B, 19
[2J[Hok, 7e134b6be23f, image-classification-batch-alexnet-cpu.1.cysvno6pcywr3qd3vzzwsxaoe, 104.57%, 582.6MiB / 3.703GiB, 15.37%, 262MB / 2.09MB, 67.7MB / 0B, 19
[2J[Hok, 7e134b6be23f, image-classification-batch-alexnet-cpu.1.cysvno6pcywr3qd3vzzwsxaoe, 104.57%, 582.6MiB / 3.703GiB, 15.37%, 262MB / 2.09MB, 67.7MB / 0B, 19
[2J[Hok, 7e134b6be23f, image-classification-batch-alexnet-cpu.1.cysvno6pcywr3qd3vzzwsxaoe, 102.68%, 582.6MiB / 3.703GiB, 15.37%, 262MB / 2.09MB, 67.7MB / 0B, 19
[2J[Hok, 7e134b6be23f, image-classification-batch-alexnet-cpu.1.cysvno6pcywr3qd3vzzwsxaoe, 102.68%, 582.6MiB / 3.703GiB, 15.37%, 262MB / 2.09MB, 67.7MB / 0B, 19
[2J[Hok, 7e134b6be23f, image-classification-batch-alexnet-cpu.1.cysvno6pcywr3qd3vzzwsxaoe, 109.23%, 582.6MiB / 3.703GiB, 15.37%, 262MB / 2.09MB, 67.7MB / 0B, 19
[2J[Hok, 7e134b6be23f, image-classification-batch-alexnet-cpu.1.cysvno6pcywr3qd3vzzwsxaoe, 109.23%, 582.6MiB / 3.703GiB, 15.37%, 262MB / 2.09MB, 67.7MB / 0B, 19
[2J[Hok, 7e134b6be23f, image-classification-batch-alexnet-cpu.1.cysvno6pcywr3qd3vzzwsxaoe, 103.40%, 582.6MiB / 3.703GiB, 15.37%, 262MB / 2.09MB, 67.7MB / 0B, 19
[2J[Hok, 7e134b6be23f, image-classification-batch-alexnet-cpu.1.cysvno6pcywr3qd3vzzwsxaoe, 103.40%, 582.6MiB / 3.703GiB, 15.37%, 262MB / 2.09MB, 67.7MB / 0B, 19
[2J[Hok, 7e134b6be23f, image-classification-batch-alexnet-cpu.1.cysvno6pcywr3qd3vzzwsxaoe, 102.93%, 582.6MiB / 3.703GiB, 15.37%, 262MB / 2.09MB, 67.7MB / 0B, 19
[2J[Hok, 7e134b6be23f, image-classification-batch-alexnet-cpu.1.cysvno6pcywr3qd3vzzwsxaoe, 102.93%, 582.6MiB / 3.703GiB, 15.37%, 262MB / 2.09MB, 67.7MB / 0B, 19
[2J[Hok, 7e134b6be23f, image-classification-batch-alexnet-cpu.1.cysvno6pcywr3qd3vzzwsxaoe, 108.37%, 582.6MiB / 3.703GiB, 15.37%, 262MB / 2.09MB, 67.7MB / 0B, 19
[2J[Hok, 7e134b6be23f, image-classification-batch-alexnet-cpu.1.cysvno6pcywr3qd3vzzwsxaoe, 108.37%, 582.6MiB / 3.703GiB, 15.37%, 262MB / 2.09MB, 67.7MB / 0B, 19
[2J[Hok, 7e134b6be23f, image-classification-batch-alexnet-cpu.1.cysvno6pcywr3qd3vzzwsxaoe, 101.64%, 582.6MiB / 3.703GiB, 15.37%, 262MB / 2.09MB, 67.7MB / 0B, 19
[2J[Hok, 7e134b6be23f, image-classification-batch-alexnet-cpu.1.cysvno6pcywr3qd3vzzwsxaoe, 101.64%, 582.6MiB / 3.703GiB, 15.37%, 262MB / 2.09MB, 67.7MB / 0B, 19
[2J[Hok, 7e134b6be23f, image-classification-batch-alexnet-cpu.1.cysvno6pcywr3qd3vzzwsxaoe, 106.88%, 582.6MiB / 3.703GiB, 15.37%, 262MB / 2.09MB, 67.7MB / 0B, 19
[2J[Hok, 7e134b6be23f, image-classification-batch-alexnet-cpu.1.cysvno6pcywr3qd3vzzwsxaoe, 106.88%, 582.6MiB / 3.703GiB, 15.37%, 262MB / 2.09MB, 67.7MB / 0B, 19
[2J[Hok, 7e134b6be23f, image-classification-batch-alexnet-cpu.1.cysvno6pcywr3qd3vzzwsxaoe, 106.88%, 582.6MiB / 3.703GiB, 15.37%, 262MB / 2.09MB, 67.7MB / 0B, 19
[2J[Hok, 7e134b6be23f, image-classification-batch-alexnet-cpu.1.cysvno6pcywr3qd3vzzwsxaoe, 105.68%, 582.8MiB / 3.703GiB, 15.37%, 262MB / 2.09MB, 67.7MB / 0B, 20
[2J[Hok, 7e134b6be23f, image-classification-batch-alexnet-cpu.1.cysvno6pcywr3qd3vzzwsxaoe, 105.68%, 582.8MiB / 3.703GiB, 15.37%, 262MB / 2.09MB, 67.7MB / 0B, 20
[2J[Hok, 7e134b6be23f, image-classification-batch-alexnet-cpu.1.cysvno6pcywr3qd3vzzwsxaoe, 107.03%, 582.6MiB / 3.703GiB, 15.37%, 262MB / 2.09MB, 67.7MB / 0B, 19
[2J[Hok, 7e134b6be23f, image-classification-batch-alexnet-cpu.1.cysvno6pcywr3qd3vzzwsxaoe, 107.03%, 582.6MiB / 3.703GiB, 15.37%, 262MB / 2.09MB, 67.7MB / 0B, 19
[2J[Hok, 7e134b6be23f, image-classification-batch-alexnet-cpu.1.cysvno6pcywr3qd3vzzwsxaoe, 103.05%, 583.8MiB / 3.703GiB, 15.40%, 262MB / 2.09MB, 67.7MB / 0B, 19
[2J[Hok, 7e134b6be23f, image-classification-batch-alexnet-cpu.1.cysvno6pcywr3qd3vzzwsxaoe, 103.05%, 583.8MiB / 3.703GiB, 15.40%, 262MB / 2.09MB, 67.7MB / 0B, 19
[2J[Hok, 7e134b6be23f, image-classification-batch-alexnet-cpu.1.cysvno6pcywr3qd3vzzwsxaoe, 103.67%, 583.8MiB / 3.703GiB, 15.40%, 262MB / 2.09MB, 67.7MB / 0B, 19
[2J[Hok, 7e134b6be23f, image-classification-batch-alexnet-cpu.1.cysvno6pcywr3qd3vzzwsxaoe, 103.67%, 583.8MiB / 3.703GiB, 15.40%, 262MB / 2.09MB, 67.7MB / 0B, 19
[2J[Hok, 7e134b6be23f, image-classification-batch-alexnet-cpu.1.cysvno6pcywr3qd3vzzwsxaoe, 109.47%, 583.8MiB / 3.703GiB, 15.40%, 262MB / 2.09MB, 67.7MB / 0B, 19
[2J[Hok, 7e134b6be23f, image-classification-batch-alexnet-cpu.1.cysvno6pcywr3qd3vzzwsxaoe, 109.47%, 583.8MiB / 3.703GiB, 15.40%, 262MB / 2.09MB, 67.7MB / 0B, 19
[2J[Hok, 7e134b6be23f, image-classification-batch-alexnet-cpu.1.cysvno6pcywr3qd3vzzwsxaoe, 102.51%, 583.8MiB / 3.703GiB, 15.40%, 262MB / 2.09MB, 67.7MB / 0B, 19
[2J[Hok, 7e134b6be23f, image-classification-batch-alexnet-cpu.1.cysvno6pcywr3qd3vzzwsxaoe, 102.51%, 583.8MiB / 3.703GiB, 15.40%, 262MB / 2.09MB, 67.7MB / 0B, 19
[2J[Hok, 7e134b6be23f, image-classification-batch-alexnet-cpu.1.cysvno6pcywr3qd3vzzwsxaoe, 103.89%, 583.8MiB / 3.703GiB, 15.40%, 262MB / 2.09MB, 67.7MB / 0B, 19
[2J[Hok, 7e134b6be23f, image-classification-batch-alexnet-cpu.1.cysvno6pcywr3qd3vzzwsxaoe, 103.89%, 583.8MiB / 3.703GiB, 15.40%, 262MB / 2.09MB, 67.7MB / 0B, 19
[2J[Hok, 7e134b6be23f, image-classification-batch-alexnet-cpu.1.cysvno6pcywr3qd3vzzwsxaoe, 109.34%, 583.8MiB / 3.703GiB, 15.40%, 262MB / 2.09MB, 67.7MB / 0B, 19
[2J[Hok, 7e134b6be23f, image-classification-batch-alexnet-cpu.1.cysvno6pcywr3qd3vzzwsxaoe, 109.34%, 583.8MiB / 3.703GiB, 15.40%, 262MB / 2.09MB, 67.7MB / 0B, 19
[2J[Hok, 7e134b6be23f, image-classification-batch-alexnet-cpu.1.cysvno6pcywr3qd3vzzwsxaoe, 102.71%, 586.4MiB / 3.703GiB, 15.47%, 262MB / 2.09MB, 67.7MB / 0B, 19
[2J[Hok, 7e134b6be23f, image-classification-batch-alexnet-cpu.1.cysvno6pcywr3qd3vzzwsxaoe, 102.71%, 586.4MiB / 3.703GiB, 15.47%, 262MB / 2.09MB, 67.7MB / 0B, 19
[2J[Hok, 7e134b6be23f, image-classification-batch-alexnet-cpu.1.cysvno6pcywr3qd3vzzwsxaoe, 103.48%, 586.4MiB / 3.703GiB, 15.47%, 262MB / 2.09MB, 67.7MB / 0B, 19
[2J[Hok, 7e134b6be23f, image-classification-batch-alexnet-cpu.1.cysvno6pcywr3qd3vzzwsxaoe, 103.48%, 586.4MiB / 3.703GiB, 15.47%, 262MB / 2.09MB, 67.7MB / 0B, 19
[2J[Hok, 7e134b6be23f, image-classification-batch-alexnet-cpu.1.cysvno6pcywr3qd3vzzwsxaoe, 108.88%, 586.4MiB / 3.703GiB, 15.47%, 262MB / 2.09MB, 67.7MB / 0B, 19
[2J[Hok, 7e134b6be23f, image-classification-batch-alexnet-cpu.1.cysvno6pcywr3qd3vzzwsxaoe, 108.88%, 586.4MiB / 3.703GiB, 15.47%, 262MB / 2.09MB, 67.7MB / 0B, 19
[2J[Hok, 7e134b6be23f, image-classification-batch-alexnet-cpu.1.cysvno6pcywr3qd3vzzwsxaoe, 103.26%, 586.4MiB / 3.703GiB, 15.47%, 262MB / 2.09MB, 67.7MB / 0B, 19
[2J[Hok, 7e134b6be23f, image-classification-batch-alexnet-cpu.1.cysvno6pcywr3qd3vzzwsxaoe, 103.26%, 586.4MiB / 3.703GiB, 15.47%, 262MB / 2.09MB, 67.7MB / 0B, 19
[2J[Hok, 7e134b6be23f, image-classification-batch-alexnet-cpu.1.cysvno6pcywr3qd3vzzwsxaoe, 103.38%, 586.4MiB / 3.703GiB, 15.47%, 262MB / 2.09MB, 67.7MB / 0B, 19
[2J[Hok, 7e134b6be23f, image-classification-batch-alexnet-cpu.1.cysvno6pcywr3qd3vzzwsxaoe, 103.38%, 586.4MiB / 3.703GiB, 15.47%, 262MB / 2.09MB, 67.7MB / 0B, 19
[2J[Hok, 7e134b6be23f, image-classification-batch-alexnet-cpu.1.cysvno6pcywr3qd3vzzwsxaoe, 109.24%, 586.4MiB / 3.703GiB, 15.47%, 262MB / 2.09MB, 67.7MB / 0B, 19
[2J[Hok, 7e134b6be23f, image-classification-batch-alexnet-cpu.1.cysvno6pcywr3qd3vzzwsxaoe, 109.24%, 586.4MiB / 3.703GiB, 15.47%, 262MB / 2.09MB, 67.7MB / 0B, 19
[2J[Hok, 7e134b6be23f, image-classification-batch-alexnet-cpu.1.cysvno6pcywr3qd3vzzwsxaoe, 103.33%, 586.4MiB / 3.703GiB, 15.47%, 262MB / 2.09MB, 67.7MB / 0B, 19
[2J[Hok, 7e134b6be23f, image-classification-batch-alexnet-cpu.1.cysvno6pcywr3qd3vzzwsxaoe, 103.33%, 586.4MiB / 3.703GiB, 15.47%, 262MB / 2.09MB, 67.7MB / 0B, 19
[2J[Hok, 7e134b6be23f, image-classification-batch-alexnet-cpu.1.cysvno6pcywr3qd3vzzwsxaoe, 103.62%, 586.4MiB / 3.703GiB, 15.47%, 262MB / 2.09MB, 67.7MB / 0B, 19
[2J[Hok, 7e134b6be23f, image-classification-batch-alexnet-cpu.1.cysvno6pcywr3qd3vzzwsxaoe, 103.62%, 586.4MiB / 3.703GiB, 15.47%, 262MB / 2.09MB, 67.7MB / 0B, 19
[2J[Hok, 7e134b6be23f, image-classification-batch-alexnet-cpu.1.cysvno6pcywr3qd3vzzwsxaoe, 112.08%, 586.4MiB / 3.703GiB, 15.47%, 262MB / 2.09MB, 67.7MB / 0B, 19
[2J[Hok, 7e134b6be23f, image-classification-batch-alexnet-cpu.1.cysvno6pcywr3qd3vzzwsxaoe, 112.08%, 586.4MiB / 3.703GiB, 15.47%, 262MB / 2.09MB, 67.7MB / 0B, 19
[2J[Hok, 7e134b6be23f, image-classification-batch-alexnet-cpu.1.cysvno6pcywr3qd3vzzwsxaoe, 103.49%, 586.4MiB / 3.703GiB, 15.47%, 262MB / 2.09MB, 67.7MB / 0B, 19
[2J[Hok, 7e134b6be23f, image-classification-batch-alexnet-cpu.1.cysvno6pcywr3qd3vzzwsxaoe, 103.49%, 586.4MiB / 3.703GiB, 15.47%, 262MB / 2.09MB, 67.7MB / 0B, 19
[2J[Hok, 7e134b6be23f, image-classification-batch-alexnet-cpu.1.cysvno6pcywr3qd3vzzwsxaoe, 102.94%, 586.4MiB / 3.703GiB, 15.47%, 262MB / 2.09MB, 67.7MB / 0B, 19
[2J[Hok, 7e134b6be23f, image-classification-batch-alexnet-cpu.1.cysvno6pcywr3qd3vzzwsxaoe, 102.94%, 586.4MiB / 3.703GiB, 15.47%, 262MB / 2.09MB, 67.7MB / 0B, 19
[2J[Hok, 7e134b6be23f, image-classification-batch-alexnet-cpu.1.cysvno6pcywr3qd3vzzwsxaoe, 107.91%, 586.4MiB / 3.703GiB, 15.47%, 262MB / 2.09MB, 67.7MB / 0B, 19
[2J[Hok, 7e134b6be23f, image-classification-batch-alexnet-cpu.1.cysvno6pcywr3qd3vzzwsxaoe, 107.91%, 586.4MiB / 3.703GiB, 15.47%, 262MB / 2.09MB, 67.7MB / 0B, 19
[2J[Hok, 7e134b6be23f, image-classification-batch-alexnet-cpu.1.cysvno6pcywr3qd3vzzwsxaoe, 104.54%, 586.4MiB / 3.703GiB, 15.47%, 262MB / 2.09MB, 67.7MB / 0B, 19
[2J[Hok, 7e134b6be23f, image-classification-batch-alexnet-cpu.1.cysvno6pcywr3qd3vzzwsxaoe, 104.54%, 586.4MiB / 3.703GiB, 15.47%, 262MB / 2.09MB, 67.7MB / 0B, 19
[2J[Hok, 7e134b6be23f, image-classification-batch-alexnet-cpu.1.cysvno6pcywr3qd3vzzwsxaoe, 103.83%, 586.4MiB / 3.703GiB, 15.47%, 262MB / 2.09MB, 67.7MB / 0B, 19
[2J[Hok, 7e134b6be23f, image-classification-batch-alexnet-cpu.1.cysvno6pcywr3qd3vzzwsxaoe, 103.83%, 586.4MiB / 3.703GiB, 15.47%, 262MB / 2.09MB, 67.7MB / 0B, 19
[2J[Hok, 7e134b6be23f, image-classification-batch-alexnet-cpu.1.cysvno6pcywr3qd3vzzwsxaoe, 103.84%, 586.4MiB / 3.703GiB, 15.47%, 262MB / 2.09MB, 67.7MB / 0B, 19
[2J[Hok, 7e134b6be23f, image-classification-batch-alexnet-cpu.1.cysvno6pcywr3qd3vzzwsxaoe, 103.84%, 586.4MiB / 3.703GiB, 15.47%, 262MB / 2.09MB, 67.7MB / 0B, 19
[2J[Hok, 7e134b6be23f, image-classification-batch-alexnet-cpu.1.cysvno6pcywr3qd3vzzwsxaoe, 108.55%, 586.4MiB / 3.703GiB, 15.47%, 262MB / 2.09MB, 67.7MB / 0B, 19
[2J[Hok, 7e134b6be23f, image-classification-batch-alexnet-cpu.1.cysvno6pcywr3qd3vzzwsxaoe, 108.55%, 586.4MiB / 3.703GiB, 15.47%, 262MB / 2.09MB, 67.7MB / 0B, 19
[2J[Hok, 7e134b6be23f, image-classification-batch-alexnet-cpu.1.cysvno6pcywr3qd3vzzwsxaoe, 103.25%, 586.4MiB / 3.703GiB, 15.47%, 262MB / 2.09MB, 67.7MB / 0B, 19
[2J[Hok, 7e134b6be23f, image-classification-batch-alexnet-cpu.1.cysvno6pcywr3qd3vzzwsxaoe, 103.25%, 586.4MiB / 3.703GiB, 15.47%, 262MB / 2.09MB, 67.7MB / 0B, 19
[2J[Hok, 7e134b6be23f, image-classification-batch-alexnet-cpu.1.cysvno6pcywr3qd3vzzwsxaoe, 104.83%, 586.4MiB / 3.703GiB, 15.47%, 262MB / 2.09MB, 67.7MB / 0B, 19
[2J[Hok, 7e134b6be23f, image-classification-batch-alexnet-cpu.1.cysvno6pcywr3qd3vzzwsxaoe, 104.83%, 586.4MiB / 3.703GiB, 15.47%, 262MB / 2.09MB, 67.7MB / 0B, 19
[2J[Hok, 7e134b6be23f, image-classification-batch-alexnet-cpu.1.cysvno6pcywr3qd3vzzwsxaoe, 108.93%, 586.4MiB / 3.703GiB, 15.47%, 262MB / 2.09MB, 67.7MB / 0B, 19
[2J[Hok, 7e134b6be23f, image-classification-batch-alexnet-cpu.1.cysvno6pcywr3qd3vzzwsxaoe, 108.93%, 586.4MiB / 3.703GiB, 15.47%, 262MB / 2.09MB, 67.7MB / 0B, 19
[2J[Hok, 7e134b6be23f, image-classification-batch-alexnet-cpu.1.cysvno6pcywr3qd3vzzwsxaoe, 103.75%, 586.4MiB / 3.703GiB, 15.47%, 262MB / 2.09MB, 67.7MB / 0B, 19
[2J[Hok, 7e134b6be23f, image-classification-batch-alexnet-cpu.1.cysvno6pcywr3qd3vzzwsxaoe, 103.75%, 586.4MiB / 3.703GiB, 15.47%, 262MB / 2.09MB, 67.7MB / 0B, 19
[2J[Hok, 7e134b6be23f, image-classification-batch-alexnet-cpu.1.cysvno6pcywr3qd3vzzwsxaoe, 103.55%, 586.4MiB / 3.703GiB, 15.47%, 262MB / 2.09MB, 67.7MB / 0B, 19
[2J[Hok, 7e134b6be23f, image-classification-batch-alexnet-cpu.1.cysvno6pcywr3qd3vzzwsxaoe, 103.55%, 586.4MiB / 3.703GiB, 15.47%, 262MB / 2.09MB, 67.7MB / 0B, 19
[2J[Hok, 7e134b6be23f, image-classification-batch-alexnet-cpu.1.cysvno6pcywr3qd3vzzwsxaoe, 108.67%, 586.4MiB / 3.703GiB, 15.47%, 262MB / 2.09MB, 67.7MB / 0B, 19
[2J[Hok, 7e134b6be23f, image-classification-batch-alexnet-cpu.1.cysvno6pcywr3qd3vzzwsxaoe, 108.67%, 586.4MiB / 3.703GiB, 15.47%, 262MB / 2.09MB, 67.7MB / 0B, 19
[2J[Hok, 7e134b6be23f, image-classification-batch-alexnet-cpu.1.cysvno6pcywr3qd3vzzwsxaoe, 101.80%, 586.4MiB / 3.703GiB, 15.47%, 262MB / 2.09MB, 67.7MB / 0B, 19
[2J[Hok, 7e134b6be23f, image-classification-batch-alexnet-cpu.1.cysvno6pcywr3qd3vzzwsxaoe, 101.80%, 586.4MiB / 3.703GiB, 15.47%, 262MB / 2.09MB, 67.7MB / 0B, 19
[2J[Hok, 7e134b6be23f, image-classification-batch-alexnet-cpu.1.cysvno6pcywr3qd3vzzwsxaoe, 103.74%, 586.8MiB / 3.703GiB, 15.48%, 262MB / 2.09MB, 67.7MB / 0B, 19
[2J[Hok, 7e134b6be23f, image-classification-batch-alexnet-cpu.1.cysvno6pcywr3qd3vzzwsxaoe, 103.74%, 586.8MiB / 3.703GiB, 15.48%, 262MB / 2.09MB, 67.7MB / 0B, 19
[2J[Hok, 7e134b6be23f, image-classification-batch-alexnet-cpu.1.cysvno6pcywr3qd3vzzwsxaoe, 112.49%, 586.8MiB / 3.703GiB, 15.48%, 262MB / 2.09MB, 67.7MB / 0B, 19
[2J[Hok, 7e134b6be23f, image-classification-batch-alexnet-cpu.1.cysvno6pcywr3qd3vzzwsxaoe, 112.49%, 586.8MiB / 3.703GiB, 15.48%, 262MB / 2.09MB, 67.7MB / 0B, 19
[2J[Hok, 7e134b6be23f, image-classification-batch-alexnet-cpu.1.cysvno6pcywr3qd3vzzwsxaoe, 102.68%, 586.8MiB / 3.703GiB, 15.48%, 262MB / 2.09MB, 67.7MB / 0B, 19
[2J[Hok, 7e134b6be23f, image-classification-batch-alexnet-cpu.1.cysvno6pcywr3qd3vzzwsxaoe, 102.68%, 586.8MiB / 3.703GiB, 15.48%, 262MB / 2.09MB, 67.7MB / 0B, 19
[2J[Hok, 7e134b6be23f, image-classification-batch-alexnet-cpu.1.cysvno6pcywr3qd3vzzwsxaoe, 104.60%, 586.8MiB / 3.703GiB, 15.48%, 262MB / 2.09MB, 67.7MB / 0B, 19
[2J[Hok, 7e134b6be23f, image-classification-batch-alexnet-cpu.1.cysvno6pcywr3qd3vzzwsxaoe, 104.60%, 586.8MiB / 3.703GiB, 15.48%, 262MB / 2.09MB, 67.7MB / 0B, 19
[2J[Hok, 7e134b6be23f, image-classification-batch-alexnet-cpu.1.cysvno6pcywr3qd3vzzwsxaoe, 106.02%, 586.9MiB / 3.703GiB, 15.48%, 262MB / 2.09MB, 67.7MB / 0B, 19
[2J[Hok, 7e134b6be23f, image-classification-batch-alexnet-cpu.1.cysvno6pcywr3qd3vzzwsxaoe, 106.02%, 586.9MiB / 3.703GiB, 15.48%, 262MB / 2.09MB, 67.7MB / 0B, 19
[2J[Hok, 7e134b6be23f, image-classification-batch-alexnet-cpu.1.cysvno6pcywr3qd3vzzwsxaoe, 106.02%, 586.9MiB / 3.703GiB, 15.48%, 262MB / 2.09MB, 67.7MB / 0B, 19
[2J[Hok, 7e134b6be23f, image-classification-batch-alexnet-cpu.1.cysvno6pcywr3qd3vzzwsxaoe, 105.50%, 586.8MiB / 3.703GiB, 15.48%, 262MB / 2.09MB, 67.7MB / 0B, 19
[2J[Hok, 7e134b6be23f, image-classification-batch-alexnet-cpu.1.cysvno6pcywr3qd3vzzwsxaoe, 105.50%, 586.8MiB / 3.703GiB, 15.48%, 262MB / 2.09MB, 67.7MB / 0B, 19
[2J[Hok, 7e134b6be23f, image-classification-batch-alexnet-cpu.1.cysvno6pcywr3qd3vzzwsxaoe, 103.05%, 586.8MiB / 3.703GiB, 15.48%, 262MB / 2.09MB, 67.7MB / 0B, 19
[2J[Hok, 7e134b6be23f, image-classification-batch-alexnet-cpu.1.cysvno6pcywr3qd3vzzwsxaoe, 103.05%, 586.8MiB / 3.703GiB, 15.48%, 262MB / 2.09MB, 67.7MB / 0B, 19
[2J[Hok, 7e134b6be23f, image-classification-batch-alexnet-cpu.1.cysvno6pcywr3qd3vzzwsxaoe, 107.93%, 586.8MiB / 3.703GiB, 15.48%, 262MB / 2.09MB, 67.7MB / 0B, 19
[2J[Hok, 7e134b6be23f, image-classification-batch-alexnet-cpu.1.cysvno6pcywr3qd3vzzwsxaoe, 107.93%, 586.8MiB / 3.703GiB, 15.48%, 262MB / 2.09MB, 67.7MB / 0B, 19
[2J[Hok, 7e134b6be23f, image-classification-batch-alexnet-cpu.1.cysvno6pcywr3qd3vzzwsxaoe, 102.88%, 586.8MiB / 3.703GiB, 15.48%, 262MB / 2.09MB, 67.7MB / 0B, 19
[2J[Hok, 7e134b6be23f, image-classification-batch-alexnet-cpu.1.cysvno6pcywr3qd3vzzwsxaoe, 102.88%, 586.8MiB / 3.703GiB, 15.48%, 262MB / 2.09MB, 67.7MB / 0B, 19
[2J[Hok, 7e134b6be23f, image-classification-batch-alexnet-cpu.1.cysvno6pcywr3qd3vzzwsxaoe, 102.90%, 586.8MiB / 3.703GiB, 15.48%, 262MB / 2.09MB, 67.7MB / 0B, 19
[2J[Hok, 7e134b6be23f, image-classification-batch-alexnet-cpu.1.cysvno6pcywr3qd3vzzwsxaoe, 102.90%, 586.8MiB / 3.703GiB, 15.48%, 262MB / 2.09MB, 67.7MB / 0B, 19
[2J[Hok, 7e134b6be23f, image-classification-batch-alexnet-cpu.1.cysvno6pcywr3qd3vzzwsxaoe, 103.22%, 586.8MiB / 3.703GiB, 15.48%, 262MB / 2.09MB, 67.7MB / 0B, 19
[2J[Hok, 7e134b6be23f, image-classification-batch-alexnet-cpu.1.cysvno6pcywr3qd3vzzwsxaoe, 103.22%, 586.8MiB / 3.703GiB, 15.48%, 262MB / 2.09MB, 67.7MB / 0B, 19
[2J[Hok, 7e134b6be23f, image-classification-batch-alexnet-cpu.1.cysvno6pcywr3qd3vzzwsxaoe, 108.37%, 586.8MiB / 3.703GiB, 15.48%, 262MB / 2.09MB, 67.7MB / 0B, 19
[2J[Hok, 7e134b6be23f, image-classification-batch-alexnet-cpu.1.cysvno6pcywr3qd3vzzwsxaoe, 108.37%, 586.8MiB / 3.703GiB, 15.48%, 262MB / 2.09MB, 67.7MB / 0B, 19
[2J[Hok, 7e134b6be23f, image-classification-batch-alexnet-cpu.1.cysvno6pcywr3qd3vzzwsxaoe, 103.94%, 588.9MiB / 3.703GiB, 15.53%, 262MB / 2.09MB, 67.7MB / 0B, 19
[2J[Hok, 7e134b6be23f, image-classification-batch-alexnet-cpu.1.cysvno6pcywr3qd3vzzwsxaoe, 103.94%, 588.9MiB / 3.703GiB, 15.53%, 262MB / 2.09MB, 67.7MB / 0B, 19
[2J[Hok, 7e134b6be23f, image-classification-batch-alexnet-cpu.1.cysvno6pcywr3qd3vzzwsxaoe, 102.90%, 588.9MiB / 3.703GiB, 15.53%, 262MB / 2.09MB, 67.7MB / 0B, 19
[2J[Hok, 7e134b6be23f, image-classification-batch-alexnet-cpu.1.cysvno6pcywr3qd3vzzwsxaoe, 102.90%, 588.9MiB / 3.703GiB, 15.53%, 262MB / 2.09MB, 67.7MB / 0B, 19
[2J[Hok, 7e134b6be23f, image-classification-batch-alexnet-cpu.1.cysvno6pcywr3qd3vzzwsxaoe, 107.22%, 588.9MiB / 3.703GiB, 15.53%, 262MB / 2.09MB, 67.7MB / 0B, 19
[2J[Hok, 7e134b6be23f, image-classification-batch-alexnet-cpu.1.cysvno6pcywr3qd3vzzwsxaoe, 107.22%, 588.9MiB / 3.703GiB, 15.53%, 262MB / 2.09MB, 67.7MB / 0B, 19
[2J[Hok, 7e134b6be23f, image-classification-batch-alexnet-cpu.1.cysvno6pcywr3qd3vzzwsxaoe, 104.09%, 588.8MiB / 3.703GiB, 15.53%, 262MB / 2.09MB, 67.7MB / 0B, 19
[2J[Hok, 7e134b6be23f, image-classification-batch-alexnet-cpu.1.cysvno6pcywr3qd3vzzwsxaoe, 104.09%, 588.8MiB / 3.703GiB, 15.53%, 262MB / 2.09MB, 67.7MB / 0B, 19
[2J[Hok, 7e134b6be23f, image-classification-batch-alexnet-cpu.1.cysvno6pcywr3qd3vzzwsxaoe, 103.31%, 588.8MiB / 3.703GiB, 15.53%, 262MB / 2.09MB, 67.7MB / 0B, 19
[2J[Hok, 7e134b6be23f, image-classification-batch-alexnet-cpu.1.cysvno6pcywr3qd3vzzwsxaoe, 103.31%, 588.8MiB / 3.703GiB, 15.53%, 262MB / 2.09MB, 67.7MB / 0B, 19
[2J[Hok, 7e134b6be23f, image-classification-batch-alexnet-cpu.1.cysvno6pcywr3qd3vzzwsxaoe, 110.43%, 588.8MiB / 3.703GiB, 15.53%, 262MB / 2.09MB, 67.7MB / 0B, 19
[2J[Hok, 7e134b6be23f, image-classification-batch-alexnet-cpu.1.cysvno6pcywr3qd3vzzwsxaoe, 110.43%, 588.8MiB / 3.703GiB, 15.53%, 262MB / 2.09MB, 67.7MB / 0B, 19
[2J[Hok, 7e134b6be23f, image-classification-batch-alexnet-cpu.1.cysvno6pcywr3qd3vzzwsxaoe, 101.61%, 588.8MiB / 3.703GiB, 15.53%, 262MB / 2.09MB, 67.7MB / 0B, 19
[2J[Hok, 7e134b6be23f, image-classification-batch-alexnet-cpu.1.cysvno6pcywr3qd3vzzwsxaoe, 101.61%, 588.8MiB / 3.703GiB, 15.53%, 262MB / 2.09MB, 67.7MB / 0B, 19
[2J[Hok, 7e134b6be23f, image-classification-batch-alexnet-cpu.1.cysvno6pcywr3qd3vzzwsxaoe, 104.93%, 588.9MiB / 3.703GiB, 15.53%, 262MB / 2.09MB, 67.7MB / 0B, 19
[2J[Hok, 7e134b6be23f, image-classification-batch-alexnet-cpu.1.cysvno6pcywr3qd3vzzwsxaoe, 104.93%, 588.9MiB / 3.703GiB, 15.53%, 262MB / 2.09MB, 67.7MB / 0B, 19
[2J[Hok, 7e134b6be23f, image-classification-batch-alexnet-cpu.1.cysvno6pcywr3qd3vzzwsxaoe, 109.93%, 588.9MiB / 3.703GiB, 15.53%, 262MB / 2.09MB, 67.7MB / 0B, 19
[2J[Hok, 7e134b6be23f, image-classification-batch-alexnet-cpu.1.cysvno6pcywr3qd3vzzwsxaoe, 109.93%, 588.9MiB / 3.703GiB, 15.53%, 262MB / 2.09MB, 67.7MB / 0B, 19
[2J[Hok, 7e134b6be23f, image-classification-batch-alexnet-cpu.1.cysvno6pcywr3qd3vzzwsxaoe, 103.54%, 588.9MiB / 3.703GiB, 15.53%, 262MB / 2.09MB, 67.7MB / 0B, 19
[2J[Hok, 7e134b6be23f, image-classification-batch-alexnet-cpu.1.cysvno6pcywr3qd3vzzwsxaoe, 103.54%, 588.9MiB / 3.703GiB, 15.53%, 262MB / 2.09MB, 67.7MB / 0B, 19
[2J[Hok, 7e134b6be23f, image-classification-batch-alexnet-cpu.1.cysvno6pcywr3qd3vzzwsxaoe, 102.77%, 588.8MiB / 3.703GiB, 15.53%, 262MB / 2.09MB, 67.7MB / 0B, 19
[2J[Hok, 7e134b6be23f, image-classification-batch-alexnet-cpu.1.cysvno6pcywr3qd3vzzwsxaoe, 102.77%, 588.8MiB / 3.703GiB, 15.53%, 262MB / 2.09MB, 67.7MB / 0B, 19
[2J[Hok, 7e134b6be23f, image-classification-batch-alexnet-cpu.1.cysvno6pcywr3qd3vzzwsxaoe, 107.15%, 589.5MiB / 3.703GiB, 15.55%, 262MB / 2.09MB, 67.7MB / 0B, 19
[2J[Hok, 7e134b6be23f, image-classification-batch-alexnet-cpu.1.cysvno6pcywr3qd3vzzwsxaoe, 107.15%, 589.5MiB / 3.703GiB, 15.55%, 262MB / 2.09MB, 67.7MB / 0B, 19
[2J[Hok, 7e134b6be23f, image-classification-batch-alexnet-cpu.1.cysvno6pcywr3qd3vzzwsxaoe, 104.07%, 589.5MiB / 3.703GiB, 15.55%, 262MB / 2.09MB, 67.7MB / 0B, 19
[2J[Hok, 7e134b6be23f, image-classification-batch-alexnet-cpu.1.cysvno6pcywr3qd3vzzwsxaoe, 104.07%, 589.5MiB / 3.703GiB, 15.55%, 262MB / 2.09MB, 67.7MB / 0B, 19
[2J[Hok, 7e134b6be23f, image-classification-batch-alexnet-cpu.1.cysvno6pcywr3qd3vzzwsxaoe, 103.19%, 589.5MiB / 3.703GiB, 15.55%, 262MB / 2.09MB, 67.7MB / 0B, 19
[2J[Hok, 7e134b6be23f, image-classification-batch-alexnet-cpu.1.cysvno6pcywr3qd3vzzwsxaoe, 103.19%, 589.5MiB / 3.703GiB, 15.55%, 262MB / 2.09MB, 67.7MB / 0B, 19
[2J[Hok, 7e134b6be23f, image-classification-batch-alexnet-cpu.1.cysvno6pcywr3qd3vzzwsxaoe, 109.19%, 589.6MiB / 3.703GiB, 15.55%, 262MB / 2.09MB, 67.7MB / 0B, 19
[2J[Hok, 7e134b6be23f, image-classification-batch-alexnet-cpu.1.cysvno6pcywr3qd3vzzwsxaoe, 109.19%, 589.6MiB / 3.703GiB, 15.55%, 262MB / 2.09MB, 67.7MB / 0B, 19
[2J[Hok, 7e134b6be23f, image-classification-batch-alexnet-cpu.1.cysvno6pcywr3qd3vzzwsxaoe, 102.97%, 589.5MiB / 3.703GiB, 15.55%, 262MB / 2.09MB, 67.7MB / 0B, 19
[2J[Hok, 7e134b6be23f, image-classification-batch-alexnet-cpu.1.cysvno6pcywr3qd3vzzwsxaoe, 102.97%, 589.5MiB / 3.703GiB, 15.55%, 262MB / 2.09MB, 67.7MB / 0B, 19
[2J[Hok, 7e134b6be23f, image-classification-batch-alexnet-cpu.1.cysvno6pcywr3qd3vzzwsxaoe, 103.42%, 589.5MiB / 3.703GiB, 15.55%, 262MB / 2.09MB, 67.7MB / 0B, 19
[2J[Hok, 7e134b6be23f, image-classification-batch-alexnet-cpu.1.cysvno6pcywr3qd3vzzwsxaoe, 103.42%, 589.5MiB / 3.703GiB, 15.55%, 262MB / 2.09MB, 67.7MB / 0B, 19
[2J[Hok, 7e134b6be23f, image-classification-batch-alexnet-cpu.1.cysvno6pcywr3qd3vzzwsxaoe, 102.63%, 589.5MiB / 3.703GiB, 15.55%, 262MB / 2.09MB, 67.7MB / 0B, 19
[2J[Hok, 7e134b6be23f, image-classification-batch-alexnet-cpu.1.cysvno6pcywr3qd3vzzwsxaoe, 102.63%, 589.5MiB / 3.703GiB, 15.55%, 262MB / 2.09MB, 67.7MB / 0B, 19
[2J[Hok, 7e134b6be23f, image-classification-batch-alexnet-cpu.1.cysvno6pcywr3qd3vzzwsxaoe, 110.38%, 589.5MiB / 3.703GiB, 15.55%, 262MB / 2.09MB, 67.7MB / 0B, 19
[2J[Hok, 7e134b6be23f, image-classification-batch-alexnet-cpu.1.cysvno6pcywr3qd3vzzwsxaoe, 110.38%, 589.5MiB / 3.703GiB, 15.55%, 262MB / 2.09MB, 67.7MB / 0B, 19
[2J[Hok, 7e134b6be23f, image-classification-batch-alexnet-cpu.1.cysvno6pcywr3qd3vzzwsxaoe, 102.91%, 589.5MiB / 3.703GiB, 15.55%, 262MB / 2.09MB, 67.7MB / 0B, 19
[2J[Hok, 7e134b6be23f, image-classification-batch-alexnet-cpu.1.cysvno6pcywr3qd3vzzwsxaoe, 102.91%, 589.5MiB / 3.703GiB, 15.55%, 262MB / 2.09MB, 67.7MB / 0B, 19
[2J[Hok, 7e134b6be23f, image-classification-batch-alexnet-cpu.1.cysvno6pcywr3qd3vzzwsxaoe, 103.39%, 589.5MiB / 3.703GiB, 15.55%, 262MB / 2.09MB, 67.7MB / 0B, 19
[2J[Hok, 7e134b6be23f, image-classification-batch-alexnet-cpu.1.cysvno6pcywr3qd3vzzwsxaoe, 103.39%, 589.5MiB / 3.703GiB, 15.55%, 262MB / 2.09MB, 67.7MB / 0B, 19
[2J[Hok, 7e134b6be23f, image-classification-batch-alexnet-cpu.1.cysvno6pcywr3qd3vzzwsxaoe, 108.76%, 589.5MiB / 3.703GiB, 15.55%, 262MB / 2.09MB, 67.7MB / 0B, 19
[2J[Hok, 7e134b6be23f, image-classification-batch-alexnet-cpu.1.cysvno6pcywr3qd3vzzwsxaoe, 108.76%, 589.5MiB / 3.703GiB, 15.55%, 262MB / 2.09MB, 67.7MB / 0B, 19
[2J[Hok, 7e134b6be23f, image-classification-batch-alexnet-cpu.1.cysvno6pcywr3qd3vzzwsxaoe, 103.25%, 589.5MiB / 3.703GiB, 15.55%, 262MB / 2.09MB, 67.7MB / 0B, 19
[2J[Hok, 7e134b6be23f, image-classification-batch-alexnet-cpu.1.cysvno6pcywr3qd3vzzwsxaoe, 103.25%, 589.5MiB / 3.703GiB, 15.55%, 262MB / 2.09MB, 67.7MB / 0B, 19
[2J[Hok, 7e134b6be23f, image-classification-batch-alexnet-cpu.1.cysvno6pcywr3qd3vzzwsxaoe, 102.68%, 589.5MiB / 3.703GiB, 15.55%, 262MB / 2.09MB, 67.7MB / 0B, 19
[2J[Hok, 7e134b6be23f, image-classification-batch-alexnet-cpu.1.cysvno6pcywr3qd3vzzwsxaoe, 102.68%, 589.5MiB / 3.703GiB, 15.55%, 262MB / 2.09MB, 67.7MB / 0B, 19
[2J[Hok, 7e134b6be23f, image-classification-batch-alexnet-cpu.1.cysvno6pcywr3qd3vzzwsxaoe, 111.27%, 589.5MiB / 3.703GiB, 15.55%, 262MB / 2.09MB, 67.7MB / 0B, 19
[2J[Hok, 7e134b6be23f, image-classification-batch-alexnet-cpu.1.cysvno6pcywr3qd3vzzwsxaoe, 111.27%, 589.5MiB / 3.703GiB, 15.55%, 262MB / 2.09MB, 67.7MB / 0B, 19
[2J[Hok, 7e134b6be23f, image-classification-batch-alexnet-cpu.1.cysvno6pcywr3qd3vzzwsxaoe, 103.54%, 589.5MiB / 3.703GiB, 15.55%, 262MB / 2.09MB, 67.7MB / 0B, 19
[2J[Hok, 7e134b6be23f, image-classification-batch-alexnet-cpu.1.cysvno6pcywr3qd3vzzwsxaoe, 103.54%, 589.5MiB / 3.703GiB, 15.55%, 262MB / 2.09MB, 67.7MB / 0B, 19
[2J[Hok, 7e134b6be23f, image-classification-batch-alexnet-cpu.1.cysvno6pcywr3qd3vzzwsxaoe, 102.34%, 589.5MiB / 3.703GiB, 15.55%, 262MB / 2.09MB, 67.7MB / 0B, 19
[2J[Hok, 7e134b6be23f, image-classification-batch-alexnet-cpu.1.cysvno6pcywr3qd3vzzwsxaoe, 102.34%, 589.5MiB / 3.703GiB, 15.55%, 262MB / 2.09MB, 67.7MB / 0B, 19
[2J[Hok, 7e134b6be23f, image-classification-batch-alexnet-cpu.1.cysvno6pcywr3qd3vzzwsxaoe, 102.34%, 589.5MiB / 3.703GiB, 15.55%, 262MB / 2.09MB, 67.7MB / 0B, 19
[2J[Hok, 7e134b6be23f, image-classification-batch-alexnet-cpu.1.cysvno6pcywr3qd3vzzwsxaoe, 109.50%, 589.5MiB / 3.703GiB, 15.55%, 262MB / 2.09MB, 67.7MB / 0B, 19
[2J[Hok, 7e134b6be23f, image-classification-batch-alexnet-cpu.1.cysvno6pcywr3qd3vzzwsxaoe, 109.50%, 589.5MiB / 3.703GiB, 15.55%, 262MB / 2.09MB, 67.7MB / 0B, 19
[2J[Hok, 7e134b6be23f, image-classification-batch-alexnet-cpu.1.cysvno6pcywr3qd3vzzwsxaoe, 103.55%, 589.5MiB / 3.703GiB, 15.55%, 262MB / 2.09MB, 67.7MB / 0B, 19
[2J[Hok, 7e134b6be23f, image-classification-batch-alexnet-cpu.1.cysvno6pcywr3qd3vzzwsxaoe, 103.55%, 589.5MiB / 3.703GiB, 15.55%, 262MB / 2.09MB, 67.7MB / 0B, 19
[2J[Hok, 7e134b6be23f, image-classification-batch-alexnet-cpu.1.cysvno6pcywr3qd3vzzwsxaoe, 103.37%, 589.5MiB / 3.703GiB, 15.55%, 262MB / 2.09MB, 67.7MB / 0B, 19
[2J[Hok, 7e134b6be23f, image-classification-batch-alexnet-cpu.1.cysvno6pcywr3qd3vzzwsxaoe, 103.37%, 589.5MiB / 3.703GiB, 15.55%, 262MB / 2.09MB, 67.7MB / 0B, 19
[2J[Hok, 7e134b6be23f, image-classification-batch-alexnet-cpu.1.cysvno6pcywr3qd3vzzwsxaoe, 107.87%, 589.6MiB / 3.703GiB, 15.55%, 262MB / 2.09MB, 67.7MB / 0B, 19
[2J[Hok, 7e134b6be23f, image-classification-batch-alexnet-cpu.1.cysvno6pcywr3qd3vzzwsxaoe, 107.87%, 589.6MiB / 3.703GiB, 15.55%, 262MB / 2.09MB, 67.7MB / 0B, 19
[2J[Hok, 7e134b6be23f, image-classification-batch-alexnet-cpu.1.cysvno6pcywr3qd3vzzwsxaoe, 102.88%, 589.5MiB / 3.703GiB, 15.55%, 262MB / 2.09MB, 67.7MB / 0B, 19
[2J[Hok, 7e134b6be23f, image-classification-batch-alexnet-cpu.1.cysvno6pcywr3qd3vzzwsxaoe, 102.88%, 589.5MiB / 3.703GiB, 15.55%, 262MB / 2.09MB, 67.7MB / 0B, 19
[2J[Hok, 7e134b6be23f, image-classification-batch-alexnet-cpu.1.cysvno6pcywr3qd3vzzwsxaoe, 103.05%, 589.5MiB / 3.703GiB, 15.55%, 262MB / 2.09MB, 67.7MB / 0B, 19
[2J[Hok, 7e134b6be23f, image-classification-batch-alexnet-cpu.1.cysvno6pcywr3qd3vzzwsxaoe, 103.05%, 589.5MiB / 3.703GiB, 15.55%, 262MB / 2.09MB, 67.7MB / 0B, 19
[2J[Hok, 7e134b6be23f, image-classification-batch-alexnet-cpu.1.cysvno6pcywr3qd3vzzwsxaoe, 109.61%, 591.8MiB / 3.703GiB, 15.61%, 262MB / 2.09MB, 67.7MB / 0B, 19
[2J[Hok, 7e134b6be23f, image-classification-batch-alexnet-cpu.1.cysvno6pcywr3qd3vzzwsxaoe, 109.61%, 591.8MiB / 3.703GiB, 15.61%, 262MB / 2.09MB, 67.7MB / 0B, 19
[2J[Hok, 7e134b6be23f, image-classification-batch-alexnet-cpu.1.cysvno6pcywr3qd3vzzwsxaoe, 104.86%, 591.8MiB / 3.703GiB, 15.61%, 262MB / 2.09MB, 67.7MB / 0B, 19
[2J[Hok, 7e134b6be23f, image-classification-batch-alexnet-cpu.1.cysvno6pcywr3qd3vzzwsxaoe, 104.86%, 591.8MiB / 3.703GiB, 15.61%, 262MB / 2.09MB, 67.7MB / 0B, 19
[2J[Hok, 7e134b6be23f, image-classification-batch-alexnet-cpu.1.cysvno6pcywr3qd3vzzwsxaoe, 102.86%, 591.8MiB / 3.703GiB, 15.61%, 262MB / 2.09MB, 67.7MB / 0B, 19
[2J[Hok, 7e134b6be23f, image-classification-batch-alexnet-cpu.1.cysvno6pcywr3qd3vzzwsxaoe, 102.86%, 591.8MiB / 3.703GiB, 15.61%, 262MB / 2.09MB, 67.7MB / 0B, 19
[2J[Hok, 7e134b6be23f, image-classification-batch-alexnet-cpu.1.cysvno6pcywr3qd3vzzwsxaoe, 103.35%, 592.5MiB / 3.703GiB, 15.63%, 262MB / 2.09MB, 67.7MB / 0B, 19
[2J[Hok, 7e134b6be23f, image-classification-batch-alexnet-cpu.1.cysvno6pcywr3qd3vzzwsxaoe, 103.35%, 592.5MiB / 3.703GiB, 15.63%, 262MB / 2.09MB, 67.7MB / 0B, 19
[2J[Hok, 7e134b6be23f, image-classification-batch-alexnet-cpu.1.cysvno6pcywr3qd3vzzwsxaoe, 108.50%, 591.9MiB / 3.703GiB, 15.61%, 262MB / 2.09MB, 67.7MB / 0B, 19
[2J[Hok, 7e134b6be23f, image-classification-batch-alexnet-cpu.1.cysvno6pcywr3qd3vzzwsxaoe, 108.50%, 591.9MiB / 3.703GiB, 15.61%, 262MB / 2.09MB, 67.7MB / 0B, 19
[2J[Hok, 7e134b6be23f, image-classification-batch-alexnet-cpu.1.cysvno6pcywr3qd3vzzwsxaoe, 104.86%, 591.9MiB / 3.703GiB, 15.61%, 262MB / 2.09MB, 67.7MB / 0B, 19
[2J[Hok, 7e134b6be23f, image-classification-batch-alexnet-cpu.1.cysvno6pcywr3qd3vzzwsxaoe, 104.86%, 591.9MiB / 3.703GiB, 15.61%, 262MB / 2.09MB, 67.7MB / 0B, 19
[2J[Hok, 7e134b6be23f, image-classification-batch-alexnet-cpu.1.cysvno6pcywr3qd3vzzwsxaoe, 102.56%, 591.9MiB / 3.703GiB, 15.61%, 262MB / 2.09MB, 67.7MB / 0B, 19
[2J[Hok, 7e134b6be23f, image-classification-batch-alexnet-cpu.1.cysvno6pcywr3qd3vzzwsxaoe, 102.56%, 591.9MiB / 3.703GiB, 15.61%, 262MB / 2.09MB, 67.7MB / 0B, 19
[2J[Hok, 7e134b6be23f, image-classification-batch-alexnet-cpu.1.cysvno6pcywr3qd3vzzwsxaoe, 111.17%, 591.8MiB / 3.703GiB, 15.61%, 262MB / 2.09MB, 67.7MB / 0B, 19
[2J[Hok, 7e134b6be23f, image-classification-batch-alexnet-cpu.1.cysvno6pcywr3qd3vzzwsxaoe, 111.17%, 591.8MiB / 3.703GiB, 15.61%, 262MB / 2.09MB, 67.7MB / 0B, 19
[2J[Hok, 7e134b6be23f, image-classification-batch-alexnet-cpu.1.cysvno6pcywr3qd3vzzwsxaoe, 103.48%, 591.8MiB / 3.703GiB, 15.61%, 262MB / 2.09MB, 67.7MB / 0B, 19
[2J[Hok, 7e134b6be23f, image-classification-batch-alexnet-cpu.1.cysvno6pcywr3qd3vzzwsxaoe, 103.48%, 591.8MiB / 3.703GiB, 15.61%, 262MB / 2.09MB, 67.7MB / 0B, 19
[2J[Hok, 7e134b6be23f, image-classification-batch-alexnet-cpu.1.cysvno6pcywr3qd3vzzwsxaoe, 104.27%, 591.8MiB / 3.703GiB, 15.61%, 262MB / 2.09MB, 67.7MB / 0B, 19
[2J[Hok, 7e134b6be23f, image-classification-batch-alexnet-cpu.1.cysvno6pcywr3qd3vzzwsxaoe, 104.27%, 591.8MiB / 3.703GiB, 15.61%, 262MB / 2.09MB, 67.7MB / 0B, 19
[2J[Hok, 7e134b6be23f, image-classification-batch-alexnet-cpu.1.cysvno6pcywr3qd3vzzwsxaoe, 108.67%, 591.8MiB / 3.703GiB, 15.61%, 262MB / 2.09MB, 67.7MB / 0B, 19
[2J[Hok, 7e134b6be23f, image-classification-batch-alexnet-cpu.1.cysvno6pcywr3qd3vzzwsxaoe, 108.67%, 591.8MiB / 3.703GiB, 15.61%, 262MB / 2.09MB, 67.7MB / 0B, 19
[2J[Hok, 7e134b6be23f, image-classification-batch-alexnet-cpu.1.cysvno6pcywr3qd3vzzwsxaoe, 102.37%, 591.8MiB / 3.703GiB, 15.61%, 262MB / 2.09MB, 67.7MB / 0B, 19
[2J[Hok, 7e134b6be23f, image-classification-batch-alexnet-cpu.1.cysvno6pcywr3qd3vzzwsxaoe, 102.37%, 591.8MiB / 3.703GiB, 15.61%, 262MB / 2.09MB, 67.7MB / 0B, 19
[2J[Hok, 7e134b6be23f, image-classification-batch-alexnet-cpu.1.cysvno6pcywr3qd3vzzwsxaoe, 104.81%, 591.8MiB / 3.703GiB, 15.61%, 262MB / 2.09MB, 67.7MB / 0B, 19
[2J[Hok, 7e134b6be23f, image-classification-batch-alexnet-cpu.1.cysvno6pcywr3qd3vzzwsxaoe, 104.81%, 591.8MiB / 3.703GiB, 15.61%, 262MB / 2.09MB, 67.7MB / 0B, 19
[2J[Hok, 7e134b6be23f, image-classification-batch-alexnet-cpu.1.cysvno6pcywr3qd3vzzwsxaoe, 107.01%, 591.8MiB / 3.703GiB, 15.61%, 262MB / 2.09MB, 67.7MB / 0B, 19
[2J[Hok, 7e134b6be23f, image-classification-batch-alexnet-cpu.1.cysvno6pcywr3qd3vzzwsxaoe, 107.01%, 591.8MiB / 3.703GiB, 15.61%, 262MB / 2.09MB, 67.7MB / 0B, 19
[2J[Hok, 7e134b6be23f, image-classification-batch-alexnet-cpu.1.cysvno6pcywr3qd3vzzwsxaoe, 104.50%, 591.8MiB / 3.703GiB, 15.61%, 262MB / 2.09MB, 67.7MB / 0B, 19
[2J[Hok, 7e134b6be23f, image-classification-batch-alexnet-cpu.1.cysvno6pcywr3qd3vzzwsxaoe, 104.50%, 591.8MiB / 3.703GiB, 15.61%, 262MB / 2.09MB, 67.7MB / 0B, 19
[2J[Hok, 7e134b6be23f, image-classification-batch-alexnet-cpu.1.cysvno6pcywr3qd3vzzwsxaoe, 103.08%, 591.8MiB / 3.703GiB, 15.61%, 262MB / 2.09MB, 67.7MB / 0B, 19
[2J[Hok, 7e134b6be23f, image-classification-batch-alexnet-cpu.1.cysvno6pcywr3qd3vzzwsxaoe, 103.08%, 591.8MiB / 3.703GiB, 15.61%, 262MB / 2.09MB, 67.7MB / 0B, 19
[2J[Hok, 7e134b6be23f, image-classification-batch-alexnet-cpu.1.cysvno6pcywr3qd3vzzwsxaoe, 108.79%, 591.8MiB / 3.703GiB, 15.61%, 262MB / 2.09MB, 67.7MB / 0B, 19
[2J[Hok, 7e134b6be23f, image-classification-batch-alexnet-cpu.1.cysvno6pcywr3qd3vzzwsxaoe, 108.79%, 591.8MiB / 3.703GiB, 15.61%, 262MB / 2.09MB, 67.7MB / 0B, 19
[2J[Hok, 7e134b6be23f, image-classification-batch-alexnet-cpu.1.cysvno6pcywr3qd3vzzwsxaoe, 104.29%, 591.8MiB / 3.703GiB, 15.61%, 262MB / 2.09MB, 67.7MB / 0B, 19
[2J[Hok, 7e134b6be23f, image-classification-batch-alexnet-cpu.1.cysvno6pcywr3qd3vzzwsxaoe, 104.29%, 591.8MiB / 3.703GiB, 15.61%, 262MB / 2.09MB, 67.7MB / 0B, 19
[2J[Hok, 7e134b6be23f, image-classification-batch-alexnet-cpu.1.cysvno6pcywr3qd3vzzwsxaoe, 103.97%, 591.8MiB / 3.703GiB, 15.61%, 262MB / 2.09MB, 67.7MB / 0B, 19
[2J[Hok, 7e134b6be23f, image-classification-batch-alexnet-cpu.1.cysvno6pcywr3qd3vzzwsxaoe, 103.97%, 591.8MiB / 3.703GiB, 15.61%, 262MB / 2.09MB, 67.7MB / 0B, 19
[2J[Hok, 7e134b6be23f, image-classification-batch-alexnet-cpu.1.cysvno6pcywr3qd3vzzwsxaoe, 109.58%, 591.8MiB / 3.703GiB, 15.61%, 262MB / 2.09MB, 67.7MB / 0B, 19
[2J[Hok, 7e134b6be23f, image-classification-batch-alexnet-cpu.1.cysvno6pcywr3qd3vzzwsxaoe, 109.58%, 591.8MiB / 3.703GiB, 15.61%, 262MB / 2.09MB, 67.7MB / 0B, 19
[2J[Hok, 7e134b6be23f, image-classification-batch-alexnet-cpu.1.cysvno6pcywr3qd3vzzwsxaoe, 102.56%, 591.8MiB / 3.703GiB, 15.61%, 262MB / 2.09MB, 67.7MB / 0B, 19
[2J[Hok, 7e134b6be23f, image-classification-batch-alexnet-cpu.1.cysvno6pcywr3qd3vzzwsxaoe, 102.56%, 591.8MiB / 3.703GiB, 15.61%, 262MB / 2.09MB, 67.7MB / 0B, 19
[2J[Hok, 7e134b6be23f, image-classification-batch-alexnet-cpu.1.cysvno6pcywr3qd3vzzwsxaoe, 102.93%, 591.8MiB / 3.703GiB, 15.61%, 262MB / 2.09MB, 67.7MB / 0B, 19
[2J[Hok, 7e134b6be23f, image-classification-batch-alexnet-cpu.1.cysvno6pcywr3qd3vzzwsxaoe, 102.93%, 591.8MiB / 3.703GiB, 15.61%, 262MB / 2.09MB, 67.7MB / 0B, 19
[2J[Hok, 7e134b6be23f, image-classification-batch-alexnet-cpu.1.cysvno6pcywr3qd3vzzwsxaoe, 110.17%, 591.8MiB / 3.703GiB, 15.61%, 262MB / 2.09MB, 67.7MB / 0B, 19
[2J[Hok, 7e134b6be23f, image-classification-batch-alexnet-cpu.1.cysvno6pcywr3qd3vzzwsxaoe, 110.17%, 591.8MiB / 3.703GiB, 15.61%, 262MB / 2.09MB, 67.7MB / 0B, 19
[2J[Hok, 7e134b6be23f, image-classification-batch-alexnet-cpu.1.cysvno6pcywr3qd3vzzwsxaoe, 101.73%, 591.8MiB / 3.703GiB, 15.61%, 262MB / 2.09MB, 67.7MB / 0B, 19
[2J[Hok, 7e134b6be23f, image-classification-batch-alexnet-cpu.1.cysvno6pcywr3qd3vzzwsxaoe, 101.73%, 591.8MiB / 3.703GiB, 15.61%, 262MB / 2.09MB, 67.7MB / 0B, 19
[2J[Hok, 7e134b6be23f, image-classification-batch-alexnet-cpu.1.cysvno6pcywr3qd3vzzwsxaoe, 104.22%, 591.8MiB / 3.703GiB, 15.61%, 262MB / 2.09MB, 67.7MB / 0B, 19
[2J[Hok, 7e134b6be23f, image-classification-batch-alexnet-cpu.1.cysvno6pcywr3qd3vzzwsxaoe, 104.22%, 591.8MiB / 3.703GiB, 15.61%, 262MB / 2.09MB, 67.7MB / 0B, 19
[2J[Hok, 7e134b6be23f, image-classification-batch-alexnet-cpu.1.cysvno6pcywr3qd3vzzwsxaoe, 103.43%, 591.8MiB / 3.703GiB, 15.61%, 262MB / 2.09MB, 67.7MB / 0B, 19
[2J[Hok, 7e134b6be23f, image-classification-batch-alexnet-cpu.1.cysvno6pcywr3qd3vzzwsxaoe, 103.43%, 591.8MiB / 3.703GiB, 15.61%, 262MB / 2.09MB, 67.7MB / 0B, 19
[2J[Hok, 7e134b6be23f, image-classification-batch-alexnet-cpu.1.cysvno6pcywr3qd3vzzwsxaoe, 108.77%, 591.9MiB / 3.703GiB, 15.61%, 262MB / 2.09MB, 67.7MB / 0B, 19
[2J[Hok, 7e134b6be23f, image-classification-batch-alexnet-cpu.1.cysvno6pcywr3qd3vzzwsxaoe, 108.77%, 591.9MiB / 3.703GiB, 15.61%, 262MB / 2.09MB, 67.7MB / 0B, 19
[2J[Hok, 7e134b6be23f, image-classification-batch-alexnet-cpu.1.cysvno6pcywr3qd3vzzwsxaoe, 108.77%, 591.9MiB / 3.703GiB, 15.61%, 262MB / 2.09MB, 67.7MB / 0B, 19
[2J[Hok, 7e134b6be23f, image-classification-batch-alexnet-cpu.1.cysvno6pcywr3qd3vzzwsxaoe, 104.56%, 591.9MiB / 3.703GiB, 15.61%, 262MB / 2.09MB, 67.7MB / 0B, 19
[2J[Hok, 7e134b6be23f, image-classification-batch-alexnet-cpu.1.cysvno6pcywr3qd3vzzwsxaoe, 104.56%, 591.9MiB / 3.703GiB, 15.61%, 262MB / 2.09MB, 67.7MB / 0B, 19
[2J[Hok, 7e134b6be23f, image-classification-batch-alexnet-cpu.1.cysvno6pcywr3qd3vzzwsxaoe, 103.69%, 591.8MiB / 3.703GiB, 15.61%, 262MB / 2.09MB, 67.7MB / 0B, 19
[2J[Hok, 7e134b6be23f, image-classification-batch-alexnet-cpu.1.cysvno6pcywr3qd3vzzwsxaoe, 103.69%, 591.8MiB / 3.703GiB, 15.61%, 262MB / 2.09MB, 67.7MB / 0B, 19
[2J[Hok, 7e134b6be23f, image-classification-batch-alexnet-cpu.1.cysvno6pcywr3qd3vzzwsxaoe, 108.70%, 591.8MiB / 3.703GiB, 15.61%, 262MB / 2.09MB, 67.7MB / 0B, 19
[2J[Hok, 7e134b6be23f, image-classification-batch-alexnet-cpu.1.cysvno6pcywr3qd3vzzwsxaoe, 108.70%, 591.8MiB / 3.703GiB, 15.61%, 262MB / 2.09MB, 67.7MB / 0B, 19
[2J[Hok, 7e134b6be23f, image-classification-batch-alexnet-cpu.1.cysvno6pcywr3qd3vzzwsxaoe, 102.77%, 591.8MiB / 3.703GiB, 15.61%, 262MB / 2.09MB, 67.7MB / 0B, 19
[2J[Hok, 7e134b6be23f, image-classification-batch-alexnet-cpu.1.cysvno6pcywr3qd3vzzwsxaoe, 102.77%, 591.8MiB / 3.703GiB, 15.61%, 262MB / 2.09MB, 67.7MB / 0B, 19
[2J[Hok, 7e134b6be23f, image-classification-batch-alexnet-cpu.1.cysvno6pcywr3qd3vzzwsxaoe, 104.03%, 591.8MiB / 3.703GiB, 15.61%, 262MB / 2.09MB, 67.7MB / 0B, 19
[2J[Hok, 7e134b6be23f, image-classification-batch-alexnet-cpu.1.cysvno6pcywr3qd3vzzwsxaoe, 104.03%, 591.8MiB / 3.703GiB, 15.61%, 262MB / 2.09MB, 67.7MB / 0B, 19
[2J[Hok, 7e134b6be23f, image-classification-batch-alexnet-cpu.1.cysvno6pcywr3qd3vzzwsxaoe, 109.19%, 591.8MiB / 3.703GiB, 15.61%, 262MB / 2.09MB, 67.7MB / 0B, 19
[2J[Hok, 7e134b6be23f, image-classification-batch-alexnet-cpu.1.cysvno6pcywr3qd3vzzwsxaoe, 109.19%, 591.8MiB / 3.703GiB, 15.61%, 262MB / 2.09MB, 67.7MB / 0B, 19
[2J[Hok, 7e134b6be23f, image-classification-batch-alexnet-cpu.1.cysvno6pcywr3qd3vzzwsxaoe, 101.64%, 591.8MiB / 3.703GiB, 15.61%, 262MB / 2.09MB, 67.7MB / 0B, 19
[2J[Hok, 7e134b6be23f, image-classification-batch-alexnet-cpu.1.cysvno6pcywr3qd3vzzwsxaoe, 101.64%, 591.8MiB / 3.703GiB, 15.61%, 262MB / 2.09MB, 67.7MB / 0B, 19
[2J[Hok, 7e134b6be23f, image-classification-batch-alexnet-cpu.1.cysvno6pcywr3qd3vzzwsxaoe, 103.67%, 591.8MiB / 3.703GiB, 15.61%, 262MB / 2.09MB, 67.7MB / 0B, 19
[2J[Hok, 7e134b6be23f, image-classification-batch-alexnet-cpu.1.cysvno6pcywr3qd3vzzwsxaoe, 103.67%, 591.8MiB / 3.703GiB, 15.61%, 262MB / 2.09MB, 67.7MB / 0B, 19
[2J[Hok, 7e134b6be23f, image-classification-batch-alexnet-cpu.1.cysvno6pcywr3qd3vzzwsxaoe, 110.42%, 591.8MiB / 3.703GiB, 15.61%, 262MB / 2.09MB, 67.7MB / 0B, 19
[2J[Hok, 7e134b6be23f, image-classification-batch-alexnet-cpu.1.cysvno6pcywr3qd3vzzwsxaoe, 110.42%, 591.8MiB / 3.703GiB, 15.61%, 262MB / 2.09MB, 67.7MB / 0B, 19
[2J[Hok, 7e134b6be23f, image-classification-batch-alexnet-cpu.1.cysvno6pcywr3qd3vzzwsxaoe, 103.69%, 591.8MiB / 3.703GiB, 15.61%, 262MB / 2.09MB, 67.7MB / 0B, 19
[2J[Hok, 7e134b6be23f, image-classification-batch-alexnet-cpu.1.cysvno6pcywr3qd3vzzwsxaoe, 103.69%, 591.8MiB / 3.703GiB, 15.61%, 262MB / 2.09MB, 67.7MB / 0B, 19
[2J[Hok, 7e134b6be23f, image-classification-batch-alexnet-cpu.1.cysvno6pcywr3qd3vzzwsxaoe, 104.18%, 591.8MiB / 3.703GiB, 15.61%, 262MB / 2.09MB, 67.7MB / 0B, 19
[2J[Hok, 7e134b6be23f, image-classification-batch-alexnet-cpu.1.cysvno6pcywr3qd3vzzwsxaoe, 104.18%, 591.8MiB / 3.703GiB, 15.61%, 262MB / 2.09MB, 67.7MB / 0B, 19
[2J[Hok, 7e134b6be23f, image-classification-batch-alexnet-cpu.1.cysvno6pcywr3qd3vzzwsxaoe, 111.30%, 591.8MiB / 3.703GiB, 15.61%, 262MB / 2.09MB, 67.7MB / 0B, 19
[2J[Hok, 7e134b6be23f, image-classification-batch-alexnet-cpu.1.cysvno6pcywr3qd3vzzwsxaoe, 111.30%, 591.8MiB / 3.703GiB, 15.61%, 262MB / 2.09MB, 67.7MB / 0B, 19
[2J[Hok, 7e134b6be23f, image-classification-batch-alexnet-cpu.1.cysvno6pcywr3qd3vzzwsxaoe, 103.18%, 591.8MiB / 3.703GiB, 15.61%, 262MB / 2.09MB, 67.7MB / 0B, 19
[2J[Hok, 7e134b6be23f, image-classification-batch-alexnet-cpu.1.cysvno6pcywr3qd3vzzwsxaoe, 103.18%, 591.8MiB / 3.703GiB, 15.61%, 262MB / 2.09MB, 67.7MB / 0B, 19
[2J[Hok, 7e134b6be23f, image-classification-batch-alexnet-cpu.1.cysvno6pcywr3qd3vzzwsxaoe, 103.45%, 591.8MiB / 3.703GiB, 15.61%, 262MB / 2.09MB, 67.7MB / 0B, 19
[2J[Hok, 7e134b6be23f, image-classification-batch-alexnet-cpu.1.cysvno6pcywr3qd3vzzwsxaoe, 103.45%, 591.8MiB / 3.703GiB, 15.61%, 262MB / 2.09MB, 67.7MB / 0B, 19
[2J[Hok, 7e134b6be23f, image-classification-batch-alexnet-cpu.1.cysvno6pcywr3qd3vzzwsxaoe, 107.98%, 591.8MiB / 3.703GiB, 15.61%, 262MB / 2.09MB, 67.7MB / 0B, 19
[2J[Hok, 7e134b6be23f, image-classification-batch-alexnet-cpu.1.cysvno6pcywr3qd3vzzwsxaoe, 107.98%, 591.8MiB / 3.703GiB, 15.61%, 262MB / 2.09MB, 67.7MB / 0B, 19
[2J[Hok, 7e134b6be23f, image-classification-batch-alexnet-cpu.1.cysvno6pcywr3qd3vzzwsxaoe, 103.21%, 591.8MiB / 3.703GiB, 15.61%, 262MB / 2.09MB, 67.7MB / 0B, 19
[2J[Hok, 7e134b6be23f, image-classification-batch-alexnet-cpu.1.cysvno6pcywr3qd3vzzwsxaoe, 103.21%, 591.8MiB / 3.703GiB, 15.61%, 262MB / 2.09MB, 67.7MB / 0B, 19
[2J[Hok, 7e134b6be23f, image-classification-batch-alexnet-cpu.1.cysvno6pcywr3qd3vzzwsxaoe, 102.73%, 591.8MiB / 3.703GiB, 15.61%, 262MB / 2.09MB, 67.7MB / 0B, 19
[2J[Hok, 7e134b6be23f, image-classification-batch-alexnet-cpu.1.cysvno6pcywr3qd3vzzwsxaoe, 102.73%, 591.8MiB / 3.703GiB, 15.61%, 262MB / 2.09MB, 67.7MB / 0B, 19
[2J[Hok, 7e134b6be23f, image-classification-batch-alexnet-cpu.1.cysvno6pcywr3qd3vzzwsxaoe, 107.63%, 591.9MiB / 3.703GiB, 15.61%, 262MB / 2.09MB, 67.7MB / 0B, 19
[2J[Hok, 7e134b6be23f, image-classification-batch-alexnet-cpu.1.cysvno6pcywr3qd3vzzwsxaoe, 107.63%, 591.9MiB / 3.703GiB, 15.61%, 262MB / 2.09MB, 67.7MB / 0B, 19
[2J[Hok, 7e134b6be23f, image-classification-batch-alexnet-cpu.1.cysvno6pcywr3qd3vzzwsxaoe, 104.34%, 591.8MiB / 3.703GiB, 15.61%, 262MB / 2.09MB, 67.7MB / 0B, 19
[2J[Hok, 7e134b6be23f, image-classification-batch-alexnet-cpu.1.cysvno6pcywr3qd3vzzwsxaoe, 104.34%, 591.8MiB / 3.703GiB, 15.61%, 262MB / 2.09MB, 67.7MB / 0B, 19
[2J[Hok, 7e134b6be23f, image-classification-batch-alexnet-cpu.1.cysvno6pcywr3qd3vzzwsxaoe, 101.91%, 591.8MiB / 3.703GiB, 15.61%, 262MB / 2.09MB, 67.7MB / 0B, 19
[2J[Hok, 7e134b6be23f, image-classification-batch-alexnet-cpu.1.cysvno6pcywr3qd3vzzwsxaoe, 101.91%, 591.8MiB / 3.703GiB, 15.61%, 262MB / 2.09MB, 67.7MB / 0B, 19
[2J[Hok, 7e134b6be23f, image-classification-batch-alexnet-cpu.1.cysvno6pcywr3qd3vzzwsxaoe, 108.00%, 592MiB / 3.703GiB, 15.61%, 262MB / 2.09MB, 67.7MB / 0B, 19
[2J[Hok, 7e134b6be23f, image-classification-batch-alexnet-cpu.1.cysvno6pcywr3qd3vzzwsxaoe, 108.00%, 592MiB / 3.703GiB, 15.61%, 262MB / 2.09MB, 67.7MB / 0B, 19
[2J[Hok, 7e134b6be23f, image-classification-batch-alexnet-cpu.1.cysvno6pcywr3qd3vzzwsxaoe, 103.46%, 591.8MiB / 3.703GiB, 15.61%, 262MB / 2.09MB, 67.7MB / 0B, 19
[2J[Hok, 7e134b6be23f, image-classification-batch-alexnet-cpu.1.cysvno6pcywr3qd3vzzwsxaoe, 103.46%, 591.8MiB / 3.703GiB, 15.61%, 262MB / 2.09MB, 67.7MB / 0B, 19
[2J[Hok, 7e134b6be23f, image-classification-batch-alexnet-cpu.1.cysvno6pcywr3qd3vzzwsxaoe, 104.40%, 591.8MiB / 3.703GiB, 15.61%, 262MB / 2.09MB, 67.7MB / 0B, 19
[2J[Hok, 7e134b6be23f, image-classification-batch-alexnet-cpu.1.cysvno6pcywr3qd3vzzwsxaoe, 104.40%, 591.8MiB / 3.703GiB, 15.61%, 262MB / 2.09MB, 67.7MB / 0B, 19
[2J[Hok, 7e134b6be23f, image-classification-batch-alexnet-cpu.1.cysvno6pcywr3qd3vzzwsxaoe, 101.78%, 591.8MiB / 3.703GiB, 15.61%, 262MB / 2.09MB, 67.7MB / 0B, 19
[2J[Hok, 7e134b6be23f, image-classification-batch-alexnet-cpu.1.cysvno6pcywr3qd3vzzwsxaoe, 101.78%, 591.8MiB / 3.703GiB, 15.61%, 262MB / 2.09MB, 67.7MB / 0B, 19
[2J[Hok, 7e134b6be23f, image-classification-batch-alexnet-cpu.1.cysvno6pcywr3qd3vzzwsxaoe, 109.64%, 591.8MiB / 3.703GiB, 15.61%, 262MB / 2.09MB, 67.7MB / 0B, 19
[2J[Hok, 7e134b6be23f, image-classification-batch-alexnet-cpu.1.cysvno6pcywr3qd3vzzwsxaoe, 109.64%, 591.8MiB / 3.703GiB, 15.61%, 262MB / 2.09MB, 67.7MB / 0B, 19
[2J[Hok, 7e134b6be23f, image-classification-batch-alexnet-cpu.1.cysvno6pcywr3qd3vzzwsxaoe, 103.27%, 591.8MiB / 3.703GiB, 15.61%, 262MB / 2.09MB, 67.7MB / 0B, 19
[2J[Hok, 7e134b6be23f, image-classification-batch-alexnet-cpu.1.cysvno6pcywr3qd3vzzwsxaoe, 103.27%, 591.8MiB / 3.703GiB, 15.61%, 262MB / 2.09MB, 67.7MB / 0B, 19
[2J[Hok, 7e134b6be23f, image-classification-batch-alexnet-cpu.1.cysvno6pcywr3qd3vzzwsxaoe, 103.33%, 591.8MiB / 3.703GiB, 15.61%, 262MB / 2.09MB, 67.7MB / 0B, 19
[2J[Hok, 7e134b6be23f, image-classification-batch-alexnet-cpu.1.cysvno6pcywr3qd3vzzwsxaoe, 103.33%, 591.8MiB / 3.703GiB, 15.61%, 262MB / 2.09MB, 67.7MB / 0B, 19
[2J[Hok, 7e134b6be23f, image-classification-batch-alexnet-cpu.1.cysvno6pcywr3qd3vzzwsxaoe, 109.17%, 591.8MiB / 3.703GiB, 15.61%, 262MB / 2.09MB, 67.7MB / 0B, 19
[2J[Hok, 7e134b6be23f, image-classification-batch-alexnet-cpu.1.cysvno6pcywr3qd3vzzwsxaoe, 109.17%, 591.8MiB / 3.703GiB, 15.61%, 262MB / 2.09MB, 67.7MB / 0B, 19
[2J[Hok, 7e134b6be23f, image-classification-batch-alexnet-cpu.1.cysvno6pcywr3qd3vzzwsxaoe, 102.96%, 591.8MiB / 3.703GiB, 15.61%, 262MB / 2.09MB, 67.7MB / 0B, 19
[2J[Hok, 7e134b6be23f, image-classification-batch-alexnet-cpu.1.cysvno6pcywr3qd3vzzwsxaoe, 102.96%, 591.8MiB / 3.703GiB, 15.61%, 262MB / 2.09MB, 67.7MB / 0B, 19
[2J[Hok, 7e134b6be23f, image-classification-batch-alexnet-cpu.1.cysvno6pcywr3qd3vzzwsxaoe, 102.96%, 591.8MiB / 3.703GiB, 15.61%, 262MB / 2.09MB, 67.7MB / 0B, 19
[2J[Hok, 7e134b6be23f, image-classification-batch-alexnet-cpu.1.cysvno6pcywr3qd3vzzwsxaoe, 103.67%, 591.8MiB / 3.703GiB, 15.61%, 262MB / 2.09MB, 67.7MB / 0B, 19
[2J[Hok, 7e134b6be23f, image-classification-batch-alexnet-cpu.1.cysvno6pcywr3qd3vzzwsxaoe, 103.67%, 591.8MiB / 3.703GiB, 15.61%, 262MB / 2.09MB, 67.7MB / 0B, 19
[2J[Hok, 7e134b6be23f, image-classification-batch-alexnet-cpu.1.cysvno6pcywr3qd3vzzwsxaoe, 108.30%, 591.8MiB / 3.703GiB, 15.61%, 262MB / 2.09MB, 67.7MB / 0B, 19
[2J[Hok, 7e134b6be23f, image-classification-batch-alexnet-cpu.1.cysvno6pcywr3qd3vzzwsxaoe, 108.30%, 591.8MiB / 3.703GiB, 15.61%, 262MB / 2.09MB, 67.7MB / 0B, 19
[2J[Hok, 7e134b6be23f, image-classification-batch-alexnet-cpu.1.cysvno6pcywr3qd3vzzwsxaoe, 101.51%, 591.8MiB / 3.703GiB, 15.61%, 262MB / 2.09MB, 67.7MB / 0B, 19
[2J[Hok, 7e134b6be23f, image-classification-batch-alexnet-cpu.1.cysvno6pcywr3qd3vzzwsxaoe, 101.51%, 591.8MiB / 3.703GiB, 15.61%, 262MB / 2.09MB, 67.7MB / 0B, 19
[2J[Hok, 7e134b6be23f, image-classification-batch-alexnet-cpu.1.cysvno6pcywr3qd3vzzwsxaoe, 106.61%, 591.8MiB / 3.703GiB, 15.61%, 262MB / 2.09MB, 67.7MB / 0B, 19
[2J[Hok, 7e134b6be23f, image-classification-batch-alexnet-cpu.1.cysvno6pcywr3qd3vzzwsxaoe, 106.61%, 591.8MiB / 3.703GiB, 15.61%, 262MB / 2.09MB, 67.7MB / 0B, 19
[2J[Hok, 7e134b6be23f, image-classification-batch-alexnet-cpu.1.cysvno6pcywr3qd3vzzwsxaoe, 107.92%, 591.8MiB / 3.703GiB, 15.61%, 262MB / 2.09MB, 67.7MB / 0B, 19
[2J[Hok, 7e134b6be23f, image-classification-batch-alexnet-cpu.1.cysvno6pcywr3qd3vzzwsxaoe, 107.92%, 591.8MiB / 3.703GiB, 15.61%, 262MB / 2.09MB, 67.7MB / 0B, 19
[2J[Hok, 7e134b6be23f, image-classification-batch-alexnet-cpu.1.cysvno6pcywr3qd3vzzwsxaoe, 103.47%, 591.8MiB / 3.703GiB, 15.61%, 262MB / 2.09MB, 67.7MB / 0B, 19
[2J[Hok, 7e134b6be23f, image-classification-batch-alexnet-cpu.1.cysvno6pcywr3qd3vzzwsxaoe, 103.47%, 591.8MiB / 3.703GiB, 15.61%, 262MB / 2.09MB, 67.7MB / 0B, 19
[2J[Hok, 7e134b6be23f, image-classification-batch-alexnet-cpu.1.cysvno6pcywr3qd3vzzwsxaoe, 103.70%, 591.8MiB / 3.703GiB, 15.61%, 262MB / 2.09MB, 67.7MB / 0B, 19
[2J[Hok, 7e134b6be23f, image-classification-batch-alexnet-cpu.1.cysvno6pcywr3qd3vzzwsxaoe, 103.70%, 591.8MiB / 3.703GiB, 15.61%, 262MB / 2.09MB, 67.7MB / 0B, 19
[2J[Hok, 7e134b6be23f, image-classification-batch-alexnet-cpu.1.cysvno6pcywr3qd3vzzwsxaoe, 107.71%, 591.8MiB / 3.703GiB, 15.61%, 262MB / 2.09MB, 67.7MB / 0B, 19
[2J[Hok, 7e134b6be23f, image-classification-batch-alexnet-cpu.1.cysvno6pcywr3qd3vzzwsxaoe, 107.71%, 591.8MiB / 3.703GiB, 15.61%, 262MB / 2.09MB, 67.7MB / 0B, 19
[2J[Hok, 7e134b6be23f, image-classification-batch-alexnet-cpu.1.cysvno6pcywr3qd3vzzwsxaoe, 103.82%, 591.8MiB / 3.703GiB, 15.61%, 262MB / 2.09MB, 67.7MB / 0B, 19
[2J[Hok, 7e134b6be23f, image-classification-batch-alexnet-cpu.1.cysvno6pcywr3qd3vzzwsxaoe, 103.82%, 591.8MiB / 3.703GiB, 15.61%, 262MB / 2.09MB, 67.7MB / 0B, 19
[2J[Hok, 7e134b6be23f, image-classification-batch-alexnet-cpu.1.cysvno6pcywr3qd3vzzwsxaoe, 104.27%, 591.8MiB / 3.703GiB, 15.61%, 262MB / 2.09MB, 67.7MB / 0B, 19
[2J[Hok, 7e134b6be23f, image-classification-batch-alexnet-cpu.1.cysvno6pcywr3qd3vzzwsxaoe, 104.27%, 591.8MiB / 3.703GiB, 15.61%, 262MB / 2.09MB, 67.7MB / 0B, 19
[2J[Hok, 7e134b6be23f, image-classification-batch-alexnet-cpu.1.cysvno6pcywr3qd3vzzwsxaoe, 106.32%, 591.8MiB / 3.703GiB, 15.61%, 262MB / 2.09MB, 67.7MB / 0B, 19
[2J[Hok, 7e134b6be23f, image-classification-batch-alexnet-cpu.1.cysvno6pcywr3qd3vzzwsxaoe, 106.32%, 591.8MiB / 3.703GiB, 15.61%, 262MB / 2.09MB, 67.7MB / 0B, 19
[2J[Hok, 7e134b6be23f, image-classification-batch-alexnet-cpu.1.cysvno6pcywr3qd3vzzwsxaoe, 103.65%, 591.8MiB / 3.703GiB, 15.61%, 262MB / 2.09MB, 67.7MB / 0B, 19
[2J[Hok, 7e134b6be23f, image-classification-batch-alexnet-cpu.1.cysvno6pcywr3qd3vzzwsxaoe, 103.65%, 591.8MiB / 3.703GiB, 15.61%, 262MB / 2.09MB, 67.7MB / 0B, 19
[2J[Hok, 7e134b6be23f, image-classification-batch-alexnet-cpu.1.cysvno6pcywr3qd3vzzwsxaoe, 98.56%, 591.8MiB / 3.703GiB, 15.61%, 262MB / 2.09MB, 67.7MB / 0B, 19
[2J[Hok, 7e134b6be23f, image-classification-batch-alexnet-cpu.1.cysvno6pcywr3qd3vzzwsxaoe, 98.56%, 591.8MiB / 3.703GiB, 15.61%, 262MB / 2.09MB, 67.7MB / 0B, 19
[2J[Hok, 7e134b6be23f, image-classification-batch-alexnet-cpu.1.cysvno6pcywr3qd3vzzwsxaoe, 112.76%, 591.8MiB / 3.703GiB, 15.61%, 262MB / 2.09MB, 67.7MB / 0B, 19
[2J[Hok, 7e134b6be23f, image-classification-batch-alexnet-cpu.1.cysvno6pcywr3qd3vzzwsxaoe, 112.76%, 591.8MiB / 3.703GiB, 15.61%, 262MB / 2.09MB, 67.7MB / 0B, 19
[2J[Hok, 7e134b6be23f, image-classification-batch-alexnet-cpu.1.cysvno6pcywr3qd3vzzwsxaoe, 104.24%, 591.8MiB / 3.703GiB, 15.61%, 262MB / 2.09MB, 67.7MB / 0B, 19
[2J[Hok, 7e134b6be23f, image-classification-batch-alexnet-cpu.1.cysvno6pcywr3qd3vzzwsxaoe, 104.24%, 591.8MiB / 3.703GiB, 15.61%, 262MB / 2.09MB, 67.7MB / 0B, 19
[2J[Hok, 7e134b6be23f, image-classification-batch-alexnet-cpu.1.cysvno6pcywr3qd3vzzwsxaoe, 103.57%, 591.8MiB / 3.703GiB, 15.61%, 262MB / 2.09MB, 67.7MB / 0B, 19
[2J[Hok, 7e134b6be23f, image-classification-batch-alexnet-cpu.1.cysvno6pcywr3qd3vzzwsxaoe, 103.57%, 591.8MiB / 3.703GiB, 15.61%, 262MB / 2.09MB, 67.7MB / 0B, 19
[2J[Hok, 7e134b6be23f, image-classification-batch-alexnet-cpu.1.cysvno6pcywr3qd3vzzwsxaoe, 101.73%, 591.8MiB / 3.703GiB, 15.61%, 262MB / 2.09MB, 67.7MB / 0B, 19
[2J[Hok, 7e134b6be23f, image-classification-batch-alexnet-cpu.1.cysvno6pcywr3qd3vzzwsxaoe, 101.73%, 591.8MiB / 3.703GiB, 15.61%, 262MB / 2.09MB, 67.7MB / 0B, 19
[2J[Hok, 7e134b6be23f, image-classification-batch-alexnet-cpu.1.cysvno6pcywr3qd3vzzwsxaoe, 112.23%, 591.8MiB / 3.703GiB, 15.61%, 262MB / 2.09MB, 67.7MB / 0B, 19
[2J[Hok, 7e134b6be23f, image-classification-batch-alexnet-cpu.1.cysvno6pcywr3qd3vzzwsxaoe, 112.23%, 591.8MiB / 3.703GiB, 15.61%, 262MB / 2.09MB, 67.7MB / 0B, 19
[2J[Hok, 7e134b6be23f, image-classification-batch-alexnet-cpu.1.cysvno6pcywr3qd3vzzwsxaoe, 102.47%, 591.8MiB / 3.703GiB, 15.61%, 262MB / 2.09MB, 67.7MB / 0B, 19
[2J[Hok, 7e134b6be23f, image-classification-batch-alexnet-cpu.1.cysvno6pcywr3qd3vzzwsxaoe, 102.47%, 591.8MiB / 3.703GiB, 15.61%, 262MB / 2.09MB, 67.7MB / 0B, 19
[2J[Hok, 7e134b6be23f, image-classification-batch-alexnet-cpu.1.cysvno6pcywr3qd3vzzwsxaoe, 103.16%, 591.8MiB / 3.703GiB, 15.61%, 262MB / 2.09MB, 67.7MB / 0B, 19
[2J[Hok, 7e134b6be23f, image-classification-batch-alexnet-cpu.1.cysvno6pcywr3qd3vzzwsxaoe, 103.16%, 591.8MiB / 3.703GiB, 15.61%, 262MB / 2.09MB, 67.7MB / 0B, 19
[2J[Hok, 7e134b6be23f, image-classification-batch-alexnet-cpu.1.cysvno6pcywr3qd3vzzwsxaoe, 109.17%, 591.9MiB / 3.703GiB, 15.61%, 262MB / 2.09MB, 67.7MB / 0B, 19
[2J[Hok, 7e134b6be23f, image-classification-batch-alexnet-cpu.1.cysvno6pcywr3qd3vzzwsxaoe, 109.17%, 591.9MiB / 3.703GiB, 15.61%, 262MB / 2.09MB, 67.7MB / 0B, 19
[2J[Hok, 7e134b6be23f, image-classification-batch-alexnet-cpu.1.cysvno6pcywr3qd3vzzwsxaoe, 104.14%, 591.8MiB / 3.703GiB, 15.61%, 262MB / 2.09MB, 67.7MB / 0B, 19
[2J[Hok, 7e134b6be23f, image-classification-batch-alexnet-cpu.1.cysvno6pcywr3qd3vzzwsxaoe, 104.14%, 591.8MiB / 3.703GiB, 15.61%, 262MB / 2.09MB, 67.7MB / 0B, 19
[2J[Hok, 7e134b6be23f, image-classification-batch-alexnet-cpu.1.cysvno6pcywr3qd3vzzwsxaoe, 103.64%, 591.8MiB / 3.703GiB, 15.61%, 262MB / 2.09MB, 67.7MB / 0B, 19
[2J[Hok, 7e134b6be23f, image-classification-batch-alexnet-cpu.1.cysvno6pcywr3qd3vzzwsxaoe, 103.64%, 591.8MiB / 3.703GiB, 15.61%, 262MB / 2.09MB, 67.7MB / 0B, 19
[2J[Hok, 7e134b6be23f, image-classification-batch-alexnet-cpu.1.cysvno6pcywr3qd3vzzwsxaoe, 108.52%, 591.8MiB / 3.703GiB, 15.61%, 262MB / 2.09MB, 67.7MB / 0B, 19
[2J[Hok, 7e134b6be23f, image-classification-batch-alexnet-cpu.1.cysvno6pcywr3qd3vzzwsxaoe, 108.52%, 591.8MiB / 3.703GiB, 15.61%, 262MB / 2.09MB, 67.7MB / 0B, 19
[2J[Hok, 7e134b6be23f, image-classification-batch-alexnet-cpu.1.cysvno6pcywr3qd3vzzwsxaoe, 104.06%, 591.8MiB / 3.703GiB, 15.61%, 262MB / 2.09MB, 67.7MB / 0B, 19
[2J[Hok, 7e134b6be23f, image-classification-batch-alexnet-cpu.1.cysvno6pcywr3qd3vzzwsxaoe, 104.06%, 591.8MiB / 3.703GiB, 15.61%, 262MB / 2.09MB, 67.7MB / 0B, 19
[2J[Hok, 7e134b6be23f, image-classification-batch-alexnet-cpu.1.cysvno6pcywr3qd3vzzwsxaoe, 103.63%, 591.8MiB / 3.703GiB, 15.61%, 262MB / 2.09MB, 67.7MB / 0B, 19
[2J[Hok, 7e134b6be23f, image-classification-batch-alexnet-cpu.1.cysvno6pcywr3qd3vzzwsxaoe, 103.63%, 591.8MiB / 3.703GiB, 15.61%, 262MB / 2.09MB, 67.7MB / 0B, 19
[2J[Hok, 7e134b6be23f, image-classification-batch-alexnet-cpu.1.cysvno6pcywr3qd3vzzwsxaoe, 108.14%, 591.8MiB / 3.703GiB, 15.61%, 262MB / 2.09MB, 67.7MB / 0B, 19
[2J[Hok, 7e134b6be23f, image-classification-batch-alexnet-cpu.1.cysvno6pcywr3qd3vzzwsxaoe, 108.14%, 591.8MiB / 3.703GiB, 15.61%, 262MB / 2.09MB, 67.7MB / 0B, 19
[2J[Hok, 7e134b6be23f, image-classification-batch-alexnet-cpu.1.cysvno6pcywr3qd3vzzwsxaoe, 103.89%, 591.8MiB / 3.703GiB, 15.61%, 262MB / 2.09MB, 67.7MB / 0B, 19
[2J[Hok, 7e134b6be23f, image-classification-batch-alexnet-cpu.1.cysvno6pcywr3qd3vzzwsxaoe, 103.89%, 591.8MiB / 3.703GiB, 15.61%, 262MB / 2.09MB, 67.7MB / 0B, 19
[2J[Hok, 7e134b6be23f, image-classification-batch-alexnet-cpu.1.cysvno6pcywr3qd3vzzwsxaoe, 102.98%, 591.8MiB / 3.703GiB, 15.61%, 262MB / 2.09MB, 67.7MB / 0B, 19
[2J[Hok, 7e134b6be23f, image-classification-batch-alexnet-cpu.1.cysvno6pcywr3qd3vzzwsxaoe, 102.98%, 591.8MiB / 3.703GiB, 15.61%, 262MB / 2.09MB, 67.7MB / 0B, 19
[2J[Hok, 7e134b6be23f, image-classification-batch-alexnet-cpu.1.cysvno6pcywr3qd3vzzwsxaoe, 108.37%, 591.9MiB / 3.703GiB, 15.61%, 262MB / 2.09MB, 67.7MB / 0B, 19
[2J[Hok, 7e134b6be23f, image-classification-batch-alexnet-cpu.1.cysvno6pcywr3qd3vzzwsxaoe, 108.37%, 591.9MiB / 3.703GiB, 15.61%, 262MB / 2.09MB, 67.7MB / 0B, 19
[2J[Hok, 7e134b6be23f, image-classification-batch-alexnet-cpu.1.cysvno6pcywr3qd3vzzwsxaoe, 108.37%, 591.9MiB / 3.703GiB, 15.61%, 262MB / 2.09MB, 67.7MB / 0B, 19
[2J[Hok, 7e134b6be23f, image-classification-batch-alexnet-cpu.1.cysvno6pcywr3qd3vzzwsxaoe, 103.58%, 591.9MiB / 3.703GiB, 15.61%, 262MB / 2.09MB, 67.7MB / 0B, 19
[2J[Hok, 7e134b6be23f, image-classification-batch-alexnet-cpu.1.cysvno6pcywr3qd3vzzwsxaoe, 103.58%, 591.9MiB / 3.703GiB, 15.61%, 262MB / 2.09MB, 67.7MB / 0B, 19
[2J[Hok, 7e134b6be23f, image-classification-batch-alexnet-cpu.1.cysvno6pcywr3qd3vzzwsxaoe, 102.62%, 591.9MiB / 3.703GiB, 15.61%, 262MB / 2.09MB, 67.7MB / 0B, 19
[2J[Hok, 7e134b6be23f, image-classification-batch-alexnet-cpu.1.cysvno6pcywr3qd3vzzwsxaoe, 102.62%, 591.9MiB / 3.703GiB, 15.61%, 262MB / 2.09MB, 67.7MB / 0B, 19
[2J[Hok, 7e134b6be23f, image-classification-batch-alexnet-cpu.1.cysvno6pcywr3qd3vzzwsxaoe, 106.90%, 591.9MiB / 3.703GiB, 15.61%, 262MB / 2.09MB, 67.7MB / 0B, 19
[2J[Hok, 7e134b6be23f, image-classification-batch-alexnet-cpu.1.cysvno6pcywr3qd3vzzwsxaoe, 106.90%, 591.9MiB / 3.703GiB, 15.61%, 262MB / 2.09MB, 67.7MB / 0B, 19
[2J[Hok, 7e134b6be23f, image-classification-batch-alexnet-cpu.1.cysvno6pcywr3qd3vzzwsxaoe, 105.09%, 591.8MiB / 3.703GiB, 15.61%, 262MB / 2.09MB, 67.7MB / 0B, 19
[2J[Hok, 7e134b6be23f, image-classification-batch-alexnet-cpu.1.cysvno6pcywr3qd3vzzwsxaoe, 105.09%, 591.8MiB / 3.703GiB, 15.61%, 262MB / 2.09MB, 67.7MB / 0B, 19
[2J[Hok, 7e134b6be23f, image-classification-batch-alexnet-cpu.1.cysvno6pcywr3qd3vzzwsxaoe, 102.33%, 591.8MiB / 3.703GiB, 15.61%, 262MB / 2.09MB, 67.7MB / 0B, 19
[2J[Hok, 7e134b6be23f, image-classification-batch-alexnet-cpu.1.cysvno6pcywr3qd3vzzwsxaoe, 102.33%, 591.8MiB / 3.703GiB, 15.61%, 262MB / 2.09MB, 67.7MB / 0B, 19
[2J[Hok, 7e134b6be23f, image-classification-batch-alexnet-cpu.1.cysvno6pcywr3qd3vzzwsxaoe, 106.86%, 591.8MiB / 3.703GiB, 15.61%, 262MB / 2.09MB, 67.7MB / 0B, 19
[2J[Hok, 7e134b6be23f, image-classification-batch-alexnet-cpu.1.cysvno6pcywr3qd3vzzwsxaoe, 106.86%, 591.8MiB / 3.703GiB, 15.61%, 262MB / 2.09MB, 67.7MB / 0B, 19
[2J[Hok, 7e134b6be23f, image-classification-batch-alexnet-cpu.1.cysvno6pcywr3qd3vzzwsxaoe, 104.52%, 591.8MiB / 3.703GiB, 15.61%, 262MB / 2.09MB, 67.7MB / 0B, 19
[2J[Hok, 7e134b6be23f, image-classification-batch-alexnet-cpu.1.cysvno6pcywr3qd3vzzwsxaoe, 104.52%, 591.8MiB / 3.703GiB, 15.61%, 262MB / 2.09MB, 67.7MB / 0B, 19
[2J[Hok, 7e134b6be23f, image-classification-batch-alexnet-cpu.1.cysvno6pcywr3qd3vzzwsxaoe, 103.51%, 591.8MiB / 3.703GiB, 15.61%, 262MB / 2.09MB, 67.7MB / 0B, 19
[2J[Hok, 7e134b6be23f, image-classification-batch-alexnet-cpu.1.cysvno6pcywr3qd3vzzwsxaoe, 103.51%, 591.8MiB / 3.703GiB, 15.61%, 262MB / 2.09MB, 67.7MB / 0B, 19
[2J[Hok, 7e134b6be23f, image-classification-batch-alexnet-cpu.1.cysvno6pcywr3qd3vzzwsxaoe, 109.08%, 591.9MiB / 3.703GiB, 15.61%, 262MB / 2.09MB, 67.7MB / 0B, 19
[2J[Hok, 7e134b6be23f, image-classification-batch-alexnet-cpu.1.cysvno6pcywr3qd3vzzwsxaoe, 109.08%, 591.9MiB / 3.703GiB, 15.61%, 262MB / 2.09MB, 67.7MB / 0B, 19
[2J[Hok, 7e134b6be23f, image-classification-batch-alexnet-cpu.1.cysvno6pcywr3qd3vzzwsxaoe, 103.77%, 591.8MiB / 3.703GiB, 15.61%, 262MB / 2.09MB, 67.7MB / 0B, 19
[2J[Hok, 7e134b6be23f, image-classification-batch-alexnet-cpu.1.cysvno6pcywr3qd3vzzwsxaoe, 103.77%, 591.8MiB / 3.703GiB, 15.61%, 262MB / 2.09MB, 67.7MB / 0B, 19
[2J[Hok, 7e134b6be23f, image-classification-batch-alexnet-cpu.1.cysvno6pcywr3qd3vzzwsxaoe, 104.25%, 591.8MiB / 3.703GiB, 15.61%, 262MB / 2.09MB, 67.7MB / 0B, 19
[2J[Hok, 7e134b6be23f, image-classification-batch-alexnet-cpu.1.cysvno6pcywr3qd3vzzwsxaoe, 104.25%, 591.8MiB / 3.703GiB, 15.61%, 262MB / 2.09MB, 67.7MB / 0B, 19
[2J[Hok, 7e134b6be23f, image-classification-batch-alexnet-cpu.1.cysvno6pcywr3qd3vzzwsxaoe, 103.57%, 591.8MiB / 3.703GiB, 15.61%, 262MB / 2.09MB, 67.7MB / 0B, 19
[2J[Hok, 7e134b6be23f, image-classification-batch-alexnet-cpu.1.cysvno6pcywr3qd3vzzwsxaoe, 103.57%, 591.8MiB / 3.703GiB, 15.61%, 262MB / 2.09MB, 67.7MB / 0B, 19
[2J[Hok, 7e134b6be23f, image-classification-batch-alexnet-cpu.1.cysvno6pcywr3qd3vzzwsxaoe, 109.70%, 591.8MiB / 3.703GiB, 15.61%, 262MB / 2.09MB, 67.7MB / 0B, 19
[2J[Hok, 7e134b6be23f, image-classification-batch-alexnet-cpu.1.cysvno6pcywr3qd3vzzwsxaoe, 109.70%, 591.8MiB / 3.703GiB, 15.61%, 262MB / 2.09MB, 67.7MB / 0B, 19
[2J[Hok, 7e134b6be23f, image-classification-batch-alexnet-cpu.1.cysvno6pcywr3qd3vzzwsxaoe, 103.42%, 591.8MiB / 3.703GiB, 15.61%, 262MB / 2.09MB, 67.7MB / 0B, 19
[2J[Hok, 7e134b6be23f, image-classification-batch-alexnet-cpu.1.cysvno6pcywr3qd3vzzwsxaoe, 103.42%, 591.8MiB / 3.703GiB, 15.61%, 262MB / 2.09MB, 67.7MB / 0B, 19
[2J[Hok, 7e134b6be23f, image-classification-batch-alexnet-cpu.1.cysvno6pcywr3qd3vzzwsxaoe, 104.14%, 591.8MiB / 3.703GiB, 15.61%, 262MB / 2.09MB, 67.7MB / 0B, 19
[2J[Hok, 7e134b6be23f, image-classification-batch-alexnet-cpu.1.cysvno6pcywr3qd3vzzwsxaoe, 104.14%, 591.8MiB / 3.703GiB, 15.61%, 262MB / 2.09MB, 67.7MB / 0B, 19
[2J[Hok, 7e134b6be23f, image-classification-batch-alexnet-cpu.1.cysvno6pcywr3qd3vzzwsxaoe, 107.20%, 591.8MiB / 3.703GiB, 15.61%, 262MB / 2.09MB, 67.7MB / 0B, 19
[2J[Hok, 7e134b6be23f, image-classification-batch-alexnet-cpu.1.cysvno6pcywr3qd3vzzwsxaoe, 107.20%, 591.8MiB / 3.703GiB, 15.61%, 262MB / 2.09MB, 67.7MB / 0B, 19
[2J[Hok, 7e134b6be23f, image-classification-batch-alexnet-cpu.1.cysvno6pcywr3qd3vzzwsxaoe, 103.78%, 591.8MiB / 3.703GiB, 15.61%, 262MB / 2.09MB, 67.7MB / 0B, 19
[2J[Hok, 7e134b6be23f, image-classification-batch-alexnet-cpu.1.cysvno6pcywr3qd3vzzwsxaoe, 103.78%, 591.8MiB / 3.703GiB, 15.61%, 262MB / 2.09MB, 67.7MB / 0B, 19
[2J[Hok, 7e134b6be23f, image-classification-batch-alexnet-cpu.1.cysvno6pcywr3qd3vzzwsxaoe, 103.26%, 591.8MiB / 3.703GiB, 15.61%, 262MB / 2.09MB, 67.7MB / 0B, 19
[2J[Hok, 7e134b6be23f, image-classification-batch-alexnet-cpu.1.cysvno6pcywr3qd3vzzwsxaoe, 103.26%, 591.8MiB / 3.703GiB, 15.61%, 262MB / 2.09MB, 67.7MB / 0B, 19
[2J[Hok, 7e134b6be23f, image-classification-batch-alexnet-cpu.1.cysvno6pcywr3qd3vzzwsxaoe, 111.20%, 591.9MiB / 3.703GiB, 15.61%, 262MB / 2.09MB, 67.7MB / 0B, 19
[2J[Hok, 7e134b6be23f, image-classification-batch-alexnet-cpu.1.cysvno6pcywr3qd3vzzwsxaoe, 111.20%, 591.9MiB / 3.703GiB, 15.61%, 262MB / 2.09MB, 67.7MB / 0B, 19
[2J[Hok, 7e134b6be23f, image-classification-batch-alexnet-cpu.1.cysvno6pcywr3qd3vzzwsxaoe, 103.72%, 591.9MiB / 3.703GiB, 15.61%, 262MB / 2.09MB, 67.7MB / 0B, 19
[2J[Hok, 7e134b6be23f, image-classification-batch-alexnet-cpu.1.cysvno6pcywr3qd3vzzwsxaoe, 103.72%, 591.9MiB / 3.703GiB, 15.61%, 262MB / 2.09MB, 67.7MB / 0B, 19
[2J[Hok, 7e134b6be23f, image-classification-batch-alexnet-cpu.1.cysvno6pcywr3qd3vzzwsxaoe, 103.99%, 591.9MiB / 3.703GiB, 15.61%, 262MB / 2.09MB, 67.7MB / 0B, 19
[2J[Hok, 7e134b6be23f, image-classification-batch-alexnet-cpu.1.cysvno6pcywr3qd3vzzwsxaoe, 103.99%, 591.9MiB / 3.703GiB, 15.61%, 262MB / 2.09MB, 67.7MB / 0B, 19
[2J[Hok, 7e134b6be23f, image-classification-batch-alexnet-cpu.1.cysvno6pcywr3qd3vzzwsxaoe, 109.26%, 591.8MiB / 3.703GiB, 15.61%, 262MB / 2.09MB, 67.7MB / 0B, 19
[2J[Hok, 7e134b6be23f, image-classification-batch-alexnet-cpu.1.cysvno6pcywr3qd3vzzwsxaoe, 109.26%, 591.8MiB / 3.703GiB, 15.61%, 262MB / 2.09MB, 67.7MB / 0B, 19
[2J[Hok, 7e134b6be23f, image-classification-batch-alexnet-cpu.1.cysvno6pcywr3qd3vzzwsxaoe, 102.33%, 591.8MiB / 3.703GiB, 15.61%, 262MB / 2.09MB, 67.7MB / 0B, 19
[2J[Hok, 7e134b6be23f, image-classification-batch-alexnet-cpu.1.cysvno6pcywr3qd3vzzwsxaoe, 102.33%, 591.8MiB / 3.703GiB, 15.61%, 262MB / 2.09MB, 67.7MB / 0B, 19
[2J[Hok, 7e134b6be23f, image-classification-batch-alexnet-cpu.1.cysvno6pcywr3qd3vzzwsxaoe, 102.66%, 591.8MiB / 3.703GiB, 15.61%, 262MB / 2.09MB, 67.7MB / 0B, 19
[2J[Hok, 7e134b6be23f, image-classification-batch-alexnet-cpu.1.cysvno6pcywr3qd3vzzwsxaoe, 102.66%, 591.8MiB / 3.703GiB, 15.61%, 262MB / 2.09MB, 67.7MB / 0B, 19
[2J[Hok, 7e134b6be23f, image-classification-batch-alexnet-cpu.1.cysvno6pcywr3qd3vzzwsxaoe, 102.66%, 591.8MiB / 3.703GiB, 15.61%, 262MB / 2.09MB, 67.7MB / 0B, 19
[2J[Hok, 7e134b6be23f, image-classification-batch-alexnet-cpu.1.cysvno6pcywr3qd3vzzwsxaoe, 107.10%, 591.8MiB / 3.703GiB, 15.61%, 262MB / 2.09MB, 67.7MB / 0B, 19
[2J[Hok, 7e134b6be23f, image-classification-batch-alexnet-cpu.1.cysvno6pcywr3qd3vzzwsxaoe, 107.10%, 591.8MiB / 3.703GiB, 15.61%, 262MB / 2.09MB, 67.7MB / 0B, 19
[2J[Hok, 7e134b6be23f, image-classification-batch-alexnet-cpu.1.cysvno6pcywr3qd3vzzwsxaoe, 104.61%, 591.8MiB / 3.703GiB, 15.61%, 262MB / 2.09MB, 67.7MB / 0B, 19
[2J[Hok, 7e134b6be23f, image-classification-batch-alexnet-cpu.1.cysvno6pcywr3qd3vzzwsxaoe, 104.61%, 591.8MiB / 3.703GiB, 15.61%, 262MB / 2.09MB, 67.7MB / 0B, 19
[2J[Hok, 7e134b6be23f, image-classification-batch-alexnet-cpu.1.cysvno6pcywr3qd3vzzwsxaoe, 103.45%, 591.8MiB / 3.703GiB, 15.61%, 262MB / 2.09MB, 67.7MB / 0B, 19
[2J[Hok, 7e134b6be23f, image-classification-batch-alexnet-cpu.1.cysvno6pcywr3qd3vzzwsxaoe, 103.45%, 591.8MiB / 3.703GiB, 15.61%, 262MB / 2.09MB, 67.7MB / 0B, 19
[2J[Hok, 7e134b6be23f, image-classification-batch-alexnet-cpu.1.cysvno6pcywr3qd3vzzwsxaoe, 108.44%, 591.8MiB / 3.703GiB, 15.61%, 262MB / 2.09MB, 67.7MB / 0B, 19
[2J[Hok, 7e134b6be23f, image-classification-batch-alexnet-cpu.1.cysvno6pcywr3qd3vzzwsxaoe, 108.44%, 591.8MiB / 3.703GiB, 15.61%, 262MB / 2.09MB, 67.7MB / 0B, 19
[2J[Hok, 7e134b6be23f, image-classification-batch-alexnet-cpu.1.cysvno6pcywr3qd3vzzwsxaoe, 104.38%, 591.8MiB / 3.703GiB, 15.61%, 262MB / 2.09MB, 67.7MB / 0B, 19
[2J[Hok, 7e134b6be23f, image-classification-batch-alexnet-cpu.1.cysvno6pcywr3qd3vzzwsxaoe, 104.38%, 591.8MiB / 3.703GiB, 15.61%, 262MB / 2.09MB, 67.7MB / 0B, 19
[2J[Hok, 7e134b6be23f, image-classification-batch-alexnet-cpu.1.cysvno6pcywr3qd3vzzwsxaoe, 103.46%, 591.8MiB / 3.703GiB, 15.61%, 262MB / 2.09MB, 67.7MB / 0B, 19
[2J[Hok, 7e134b6be23f, image-classification-batch-alexnet-cpu.1.cysvno6pcywr3qd3vzzwsxaoe, 103.46%, 591.8MiB / 3.703GiB, 15.61%, 262MB / 2.09MB, 67.7MB / 0B, 19
[2J[Hok, 7e134b6be23f, image-classification-batch-alexnet-cpu.1.cysvno6pcywr3qd3vzzwsxaoe, 103.97%, 591.8MiB / 3.703GiB, 15.61%, 262MB / 2.09MB, 67.7MB / 0B, 19
[2J[Hok, 7e134b6be23f, image-classification-batch-alexnet-cpu.1.cysvno6pcywr3qd3vzzwsxaoe, 103.97%, 591.8MiB / 3.703GiB, 15.61%, 262MB / 2.09MB, 67.7MB / 0B, 19
[2J[Hok, 7e134b6be23f, image-classification-batch-alexnet-cpu.1.cysvno6pcywr3qd3vzzwsxaoe, 111.03%, 591.8MiB / 3.703GiB, 15.61%, 262MB / 2.09MB, 67.7MB / 0B, 19
[2J[Hok, 7e134b6be23f, image-classification-batch-alexnet-cpu.1.cysvno6pcywr3qd3vzzwsxaoe, 111.03%, 591.8MiB / 3.703GiB, 15.61%, 262MB / 2.09MB, 67.7MB / 0B, 19
[2J[Hok, 7e134b6be23f, image-classification-batch-alexnet-cpu.1.cysvno6pcywr3qd3vzzwsxaoe, 102.78%, 591.8MiB / 3.703GiB, 15.61%, 262MB / 2.09MB, 67.7MB / 0B, 19
[2J[Hok, 7e134b6be23f, image-classification-batch-alexnet-cpu.1.cysvno6pcywr3qd3vzzwsxaoe, 102.78%, 591.8MiB / 3.703GiB, 15.61%, 262MB / 2.09MB, 67.7MB / 0B, 19
[2J[Hok, 7e134b6be23f, image-classification-batch-alexnet-cpu.1.cysvno6pcywr3qd3vzzwsxaoe, 102.88%, 591.8MiB / 3.703GiB, 15.61%, 262MB / 2.09MB, 67.7MB / 0B, 19
[2J[Hok, 7e134b6be23f, image-classification-batch-alexnet-cpu.1.cysvno6pcywr3qd3vzzwsxaoe, 102.88%, 591.8MiB / 3.703GiB, 15.61%, 262MB / 2.09MB, 67.7MB / 0B, 19
[2J[Hok, 7e134b6be23f, image-classification-batch-alexnet-cpu.1.cysvno6pcywr3qd3vzzwsxaoe, 112.77%, 591.8MiB / 3.703GiB, 15.61%, 262MB / 2.09MB, 67.7MB / 0B, 19
[2J[Hok, 7e134b6be23f, image-classification-batch-alexnet-cpu.1.cysvno6pcywr3qd3vzzwsxaoe, 112.77%, 591.8MiB / 3.703GiB, 15.61%, 262MB / 2.09MB, 67.7MB / 0B, 19
[2J[Hok, 7e134b6be23f, image-classification-batch-alexnet-cpu.1.cysvno6pcywr3qd3vzzwsxaoe, 103.83%, 591.8MiB / 3.703GiB, 15.61%, 262MB / 2.09MB, 67.7MB / 0B, 19
[2J[Hok, 7e134b6be23f, image-classification-batch-alexnet-cpu.1.cysvno6pcywr3qd3vzzwsxaoe, 103.83%, 591.8MiB / 3.703GiB, 15.61%, 262MB / 2.09MB, 67.7MB / 0B, 19
[2J[Hok, 7e134b6be23f, image-classification-batch-alexnet-cpu.1.cysvno6pcywr3qd3vzzwsxaoe, 103.97%, 591.8MiB / 3.703GiB, 15.61%, 262MB / 2.09MB, 67.7MB / 0B, 19
[2J[Hok, 7e134b6be23f, image-classification-batch-alexnet-cpu.1.cysvno6pcywr3qd3vzzwsxaoe, 103.97%, 591.8MiB / 3.703GiB, 15.61%, 262MB / 2.09MB, 67.7MB / 0B, 19
[2J[Hok, 7e134b6be23f, image-classification-batch-alexnet-cpu.1.cysvno6pcywr3qd3vzzwsxaoe, 108.79%, 591.9MiB / 3.703GiB, 15.61%, 262MB / 2.09MB, 67.7MB / 0B, 19
[2J[Hok, 7e134b6be23f, image-classification-batch-alexnet-cpu.1.cysvno6pcywr3qd3vzzwsxaoe, 108.79%, 591.9MiB / 3.703GiB, 15.61%, 262MB / 2.09MB, 67.7MB / 0B, 19
[2J[Hok, 7e134b6be23f, image-classification-batch-alexnet-cpu.1.cysvno6pcywr3qd3vzzwsxaoe, 103.24%, 591.9MiB / 3.703GiB, 15.61%, 262MB / 2.09MB, 67.7MB / 0B, 19
[2J[Hok, 7e134b6be23f, image-classification-batch-alexnet-cpu.1.cysvno6pcywr3qd3vzzwsxaoe, 103.24%, 591.9MiB / 3.703GiB, 15.61%, 262MB / 2.09MB, 67.7MB / 0B, 19
[2J[Hok, 7e134b6be23f, image-classification-batch-alexnet-cpu.1.cysvno6pcywr3qd3vzzwsxaoe, 103.91%, 591.8MiB / 3.703GiB, 15.61%, 262MB / 2.09MB, 67.7MB / 0B, 19
[2J[Hok, 7e134b6be23f, image-classification-batch-alexnet-cpu.1.cysvno6pcywr3qd3vzzwsxaoe, 103.91%, 591.8MiB / 3.703GiB, 15.61%, 262MB / 2.09MB, 67.7MB / 0B, 19
[2J[Hok, 7e134b6be23f, image-classification-batch-alexnet-cpu.1.cysvno6pcywr3qd3vzzwsxaoe, 107.21%, 591.9MiB / 3.703GiB, 15.61%, 262MB / 2.09MB, 67.7MB / 0B, 19
[2J[Hok, 7e134b6be23f, image-classification-batch-alexnet-cpu.1.cysvno6pcywr3qd3vzzwsxaoe, 107.21%, 591.9MiB / 3.703GiB, 15.61%, 262MB / 2.09MB, 67.7MB / 0B, 19
[2J[Hok, 7e134b6be23f, image-classification-batch-alexnet-cpu.1.cysvno6pcywr3qd3vzzwsxaoe, 103.95%, 591.9MiB / 3.703GiB, 15.61%, 262MB / 2.09MB, 67.7MB / 0B, 19
[2J[Hok, 7e134b6be23f, image-classification-batch-alexnet-cpu.1.cysvno6pcywr3qd3vzzwsxaoe, 103.95%, 591.9MiB / 3.703GiB, 15.61%, 262MB / 2.09MB, 67.7MB / 0B, 19
[2J[Hok, 7e134b6be23f, image-classification-batch-alexnet-cpu.1.cysvno6pcywr3qd3vzzwsxaoe, 102.00%, 591.9MiB / 3.703GiB, 15.61%, 262MB / 2.09MB, 67.7MB / 0B, 19
[2J[Hok, 7e134b6be23f, image-classification-batch-alexnet-cpu.1.cysvno6pcywr3qd3vzzwsxaoe, 102.00%, 591.9MiB / 3.703GiB, 15.61%, 262MB / 2.09MB, 67.7MB / 0B, 19
[2J[Hok, 7e134b6be23f, image-classification-batch-alexnet-cpu.1.cysvno6pcywr3qd3vzzwsxaoe, 109.59%, 591.8MiB / 3.703GiB, 15.61%, 262MB / 2.09MB, 67.7MB / 0B, 19
[2J[Hok, 7e134b6be23f, image-classification-batch-alexnet-cpu.1.cysvno6pcywr3qd3vzzwsxaoe, 109.59%, 591.8MiB / 3.703GiB, 15.61%, 262MB / 2.09MB, 67.7MB / 0B, 19
[2J[Hok, 7e134b6be23f, image-classification-batch-alexnet-cpu.1.cysvno6pcywr3qd3vzzwsxaoe, 103.64%, 591.8MiB / 3.703GiB, 15.61%, 262MB / 2.09MB, 67.7MB / 0B, 19
[2J[Hok, 7e134b6be23f, image-classification-batch-alexnet-cpu.1.cysvno6pcywr3qd3vzzwsxaoe, 103.64%, 591.8MiB / 3.703GiB, 15.61%, 262MB / 2.09MB, 67.7MB / 0B, 19
[2J[Hok, 7e134b6be23f, image-classification-batch-alexnet-cpu.1.cysvno6pcywr3qd3vzzwsxaoe, 65.28%, 259.6MiB / 3.703GiB, 6.85%, 262MB / 2.11MB, 67.7MB / 0B, 12
