[2J[Hok, 2cc94bdec9c1, image-classification-batch-squeezenet-cpu.1.vf85svydgfx63b0t72yeegnni, 1.32%, 30MiB / 3.703GiB, 0.79%, 11.6MB / 220kB, 18.7MB / 0B, 11
[2J[Hok, 2cc94bdec9c1, image-classification-batch-squeezenet-cpu.1.vf85svydgfx63b0t72yeegnni, 1.32%, 30MiB / 3.703GiB, 0.79%, 11.6MB / 220kB, 18.7MB / 0B, 11
[2J[Hok, 2cc94bdec9c1, image-classification-batch-squeezenet-cpu.1.vf85svydgfx63b0t72yeegnni, 125.29%, 68.62MiB / 3.703GiB, 1.81%, 11.6MB / 220kB, 18.7MB / 0B, 15
[2J[Hok, 2cc94bdec9c1, image-classification-batch-squeezenet-cpu.1.vf85svydgfx63b0t72yeegnni, 125.29%, 68.62MiB / 3.703GiB, 1.81%, 11.6MB / 220kB, 18.7MB / 0B, 15
[2J[Hok, 2cc94bdec9c1, image-classification-batch-squeezenet-cpu.1.vf85svydgfx63b0t72yeegnni, 111.46%, 112MiB / 3.703GiB, 2.95%, 11.6MB / 220kB, 18.7MB / 0B, 18
[2J[Hok, 2cc94bdec9c1, image-classification-batch-squeezenet-cpu.1.vf85svydgfx63b0t72yeegnni, 111.46%, 112MiB / 3.703GiB, 2.95%, 11.6MB / 220kB, 18.7MB / 0B, 18
[2J[Hok, 2cc94bdec9c1, image-classification-batch-squeezenet-cpu.1.vf85svydgfx63b0t72yeegnni, 119.58%, 153.1MiB / 3.703GiB, 4.04%, 11.6MB / 220kB, 18.7MB / 0B, 18
[2J[Hok, 2cc94bdec9c1, image-classification-batch-squeezenet-cpu.1.vf85svydgfx63b0t72yeegnni, 119.58%, 153.1MiB / 3.703GiB, 4.04%, 11.6MB / 220kB, 18.7MB / 0B, 18
[2J[Hok, 2cc94bdec9c1, image-classification-batch-squeezenet-cpu.1.vf85svydgfx63b0t72yeegnni, 123.47%, 150.4MiB / 3.703GiB, 3.97%, 11.6MB / 220kB, 18.7MB / 0B, 18
[2J[Hok, 2cc94bdec9c1, image-classification-batch-squeezenet-cpu.1.vf85svydgfx63b0t72yeegnni, 123.47%, 150.4MiB / 3.703GiB, 3.97%, 11.6MB / 220kB, 18.7MB / 0B, 18
[2J[Hok, 2cc94bdec9c1, image-classification-batch-squeezenet-cpu.1.vf85svydgfx63b0t72yeegnni, 116.76%, 154.4MiB / 3.703GiB, 4.07%, 11.6MB / 220kB, 18.7MB / 0B, 18
[2J[Hok, 2cc94bdec9c1, image-classification-batch-squeezenet-cpu.1.vf85svydgfx63b0t72yeegnni, 116.76%, 154.4MiB / 3.703GiB, 4.07%, 11.6MB / 220kB, 18.7MB / 0B, 18
[2J[Hok, 2cc94bdec9c1, image-classification-batch-squeezenet-cpu.1.vf85svydgfx63b0t72yeegnni, 125.15%, 154.4MiB / 3.703GiB, 4.07%, 11.6MB / 220kB, 18.7MB / 0B, 18
[2J[Hok, 2cc94bdec9c1, image-classification-batch-squeezenet-cpu.1.vf85svydgfx63b0t72yeegnni, 125.15%, 154.4MiB / 3.703GiB, 4.07%, 11.6MB / 220kB, 18.7MB / 0B, 18
[2J[Hok, 2cc94bdec9c1, image-classification-batch-squeezenet-cpu.1.vf85svydgfx63b0t72yeegnni, 119.62%, 154.4MiB / 3.703GiB, 4.07%, 11.6MB / 220kB, 18.7MB / 0B, 18
[2J[Hok, 2cc94bdec9c1, image-classification-batch-squeezenet-cpu.1.vf85svydgfx63b0t72yeegnni, 119.62%, 154.4MiB / 3.703GiB, 4.07%, 11.6MB / 220kB, 18.7MB / 0B, 18
[2J[Hok, 2cc94bdec9c1, image-classification-batch-squeezenet-cpu.1.vf85svydgfx63b0t72yeegnni, 119.65%, 154.5MiB / 3.703GiB, 4.08%, 11.6MB / 220kB, 18.7MB / 0B, 18
[2J[Hok, 2cc94bdec9c1, image-classification-batch-squeezenet-cpu.1.vf85svydgfx63b0t72yeegnni, 119.65%, 154.5MiB / 3.703GiB, 4.08%, 11.6MB / 220kB, 18.7MB / 0B, 18
[2J[Hok, 2cc94bdec9c1, image-classification-batch-squeezenet-cpu.1.vf85svydgfx63b0t72yeegnni, 117.35%, 155.2MiB / 3.703GiB, 4.09%, 11.6MB / 220kB, 18.7MB / 0B, 18
[2J[Hok, 2cc94bdec9c1, image-classification-batch-squeezenet-cpu.1.vf85svydgfx63b0t72yeegnni, 117.35%, 155.2MiB / 3.703GiB, 4.09%, 11.6MB / 220kB, 18.7MB / 0B, 18
[2J[Hok, 2cc94bdec9c1, image-classification-batch-squeezenet-cpu.1.vf85svydgfx63b0t72yeegnni, 124.65%, 155MiB / 3.703GiB, 4.09%, 11.6MB / 220kB, 18.7MB / 0B, 18
[2J[Hok, 2cc94bdec9c1, image-classification-batch-squeezenet-cpu.1.vf85svydgfx63b0t72yeegnni, 124.65%, 155MiB / 3.703GiB, 4.09%, 11.6MB / 220kB, 18.7MB / 0B, 18
[2J[Hok, 2cc94bdec9c1, image-classification-batch-squeezenet-cpu.1.vf85svydgfx63b0t72yeegnni, 117.49%, 155MiB / 3.703GiB, 4.09%, 11.6MB / 220kB, 18.7MB / 0B, 18
[2J[Hok, 2cc94bdec9c1, image-classification-batch-squeezenet-cpu.1.vf85svydgfx63b0t72yeegnni, 117.49%, 155MiB / 3.703GiB, 4.09%, 11.6MB / 220kB, 18.7MB / 0B, 18
[2J[Hok, 2cc94bdec9c1, image-classification-batch-squeezenet-cpu.1.vf85svydgfx63b0t72yeegnni, 122.00%, 155.2MiB / 3.703GiB, 4.09%, 11.6MB / 220kB, 18.7MB / 0B, 18
[2J[Hok, 2cc94bdec9c1, image-classification-batch-squeezenet-cpu.1.vf85svydgfx63b0t72yeegnni, 122.00%, 155.2MiB / 3.703GiB, 4.09%, 11.6MB / 220kB, 18.7MB / 0B, 18
[2J[Hok, 2cc94bdec9c1, image-classification-batch-squeezenet-cpu.1.vf85svydgfx63b0t72yeegnni, 119.37%, 155.2MiB / 3.703GiB, 4.09%, 11.6MB / 220kB, 18.7MB / 0B, 18
[2J[Hok, 2cc94bdec9c1, image-classification-batch-squeezenet-cpu.1.vf85svydgfx63b0t72yeegnni, 119.37%, 155.2MiB / 3.703GiB, 4.09%, 11.6MB / 220kB, 18.7MB / 0B, 18
[2J[Hok, 2cc94bdec9c1, image-classification-batch-squeezenet-cpu.1.vf85svydgfx63b0t72yeegnni, 124.81%, 155.7MiB / 3.703GiB, 4.11%, 11.6MB / 220kB, 18.7MB / 0B, 18
[2J[Hok, 2cc94bdec9c1, image-classification-batch-squeezenet-cpu.1.vf85svydgfx63b0t72yeegnni, 124.81%, 155.7MiB / 3.703GiB, 4.11%, 11.6MB / 220kB, 18.7MB / 0B, 18
[2J[Hok, 2cc94bdec9c1, image-classification-batch-squeezenet-cpu.1.vf85svydgfx63b0t72yeegnni, 119.87%, 155.5MiB / 3.703GiB, 4.10%, 11.6MB / 220kB, 18.7MB / 0B, 18
[2J[Hok, 2cc94bdec9c1, image-classification-batch-squeezenet-cpu.1.vf85svydgfx63b0t72yeegnni, 119.87%, 155.5MiB / 3.703GiB, 4.10%, 11.6MB / 220kB, 18.7MB / 0B, 18
[2J[Hok, 2cc94bdec9c1, image-classification-batch-squeezenet-cpu.1.vf85svydgfx63b0t72yeegnni, 119.32%, 155.5MiB / 3.703GiB, 4.10%, 11.6MB / 220kB, 18.7MB / 0B, 18
[2J[Hok, 2cc94bdec9c1, image-classification-batch-squeezenet-cpu.1.vf85svydgfx63b0t72yeegnni, 119.32%, 155.5MiB / 3.703GiB, 4.10%, 11.6MB / 220kB, 18.7MB / 0B, 18
[2J[Hok, 2cc94bdec9c1, image-classification-batch-squeezenet-cpu.1.vf85svydgfx63b0t72yeegnni, 123.77%, 155.6MiB / 3.703GiB, 4.10%, 11.6MB / 220kB, 18.7MB / 0B, 18
[2J[Hok, 2cc94bdec9c1, image-classification-batch-squeezenet-cpu.1.vf85svydgfx63b0t72yeegnni, 123.77%, 155.6MiB / 3.703GiB, 4.10%, 11.6MB / 220kB, 18.7MB / 0B, 18
[2J[Hok, 2cc94bdec9c1, image-classification-batch-squeezenet-cpu.1.vf85svydgfx63b0t72yeegnni, 117.69%, 155.6MiB / 3.703GiB, 4.10%, 11.6MB / 220kB, 18.7MB / 0B, 18
[2J[Hok, 2cc94bdec9c1, image-classification-batch-squeezenet-cpu.1.vf85svydgfx63b0t72yeegnni, 117.69%, 155.6MiB / 3.703GiB, 4.10%, 11.6MB / 220kB, 18.7MB / 0B, 18
[2J[Hok, 2cc94bdec9c1, image-classification-batch-squeezenet-cpu.1.vf85svydgfx63b0t72yeegnni, 120.83%, 156.1MiB / 3.703GiB, 4.12%, 11.6MB / 220kB, 18.7MB / 0B, 18
[2J[Hok, 2cc94bdec9c1, image-classification-batch-squeezenet-cpu.1.vf85svydgfx63b0t72yeegnni, 120.83%, 156.1MiB / 3.703GiB, 4.12%, 11.6MB / 220kB, 18.7MB / 0B, 18
[2J[Hok, 2cc94bdec9c1, image-classification-batch-squeezenet-cpu.1.vf85svydgfx63b0t72yeegnni, 126.45%, 156.1MiB / 3.703GiB, 4.12%, 11.6MB / 220kB, 18.7MB / 0B, 18
[2J[Hok, 2cc94bdec9c1, image-classification-batch-squeezenet-cpu.1.vf85svydgfx63b0t72yeegnni, 126.45%, 156.1MiB / 3.703GiB, 4.12%, 11.6MB / 220kB, 18.7MB / 0B, 18
[2J[Hok, 2cc94bdec9c1, image-classification-batch-squeezenet-cpu.1.vf85svydgfx63b0t72yeegnni, 116.83%, 156.2MiB / 3.703GiB, 4.12%, 11.6MB / 220kB, 18.7MB / 0B, 18
[2J[Hok, 2cc94bdec9c1, image-classification-batch-squeezenet-cpu.1.vf85svydgfx63b0t72yeegnni, 116.83%, 156.2MiB / 3.703GiB, 4.12%, 11.6MB / 220kB, 18.7MB / 0B, 18
[2J[Hok, 2cc94bdec9c1, image-classification-batch-squeezenet-cpu.1.vf85svydgfx63b0t72yeegnni, 123.97%, 156.2MiB / 3.703GiB, 4.12%, 11.6MB / 220kB, 18.7MB / 0B, 18
[2J[Hok, 2cc94bdec9c1, image-classification-batch-squeezenet-cpu.1.vf85svydgfx63b0t72yeegnni, 123.97%, 156.2MiB / 3.703GiB, 4.12%, 11.6MB / 220kB, 18.7MB / 0B, 18
[2J[Hok, 2cc94bdec9c1, image-classification-batch-squeezenet-cpu.1.vf85svydgfx63b0t72yeegnni, 121.94%, 156.1MiB / 3.703GiB, 4.12%, 11.6MB / 220kB, 18.7MB / 0B, 18
[2J[Hok, 2cc94bdec9c1, image-classification-batch-squeezenet-cpu.1.vf85svydgfx63b0t72yeegnni, 121.94%, 156.1MiB / 3.703GiB, 4.12%, 11.6MB / 220kB, 18.7MB / 0B, 18
[2J[Hok, 2cc94bdec9c1, image-classification-batch-squeezenet-cpu.1.vf85svydgfx63b0t72yeegnni, 118.22%, 156.1MiB / 3.703GiB, 4.12%, 11.6MB / 220kB, 18.7MB / 0B, 18
[2J[Hok, 2cc94bdec9c1, image-classification-batch-squeezenet-cpu.1.vf85svydgfx63b0t72yeegnni, 118.22%, 156.1MiB / 3.703GiB, 4.12%, 11.6MB / 220kB, 18.7MB / 0B, 18
[2J[Hok, 2cc94bdec9c1, image-classification-batch-squeezenet-cpu.1.vf85svydgfx63b0t72yeegnni, 119.47%, 156.1MiB / 3.703GiB, 4.12%, 11.6MB / 220kB, 18.7MB / 0B, 18
[2J[Hok, 2cc94bdec9c1, image-classification-batch-squeezenet-cpu.1.vf85svydgfx63b0t72yeegnni, 119.47%, 156.1MiB / 3.703GiB, 4.12%, 11.6MB / 220kB, 18.7MB / 0B, 18
[2J[Hok, 2cc94bdec9c1, image-classification-batch-squeezenet-cpu.1.vf85svydgfx63b0t72yeegnni, 118.94%, 157MiB / 3.703GiB, 4.14%, 11.6MB / 220kB, 18.7MB / 0B, 18
[2J[Hok, 2cc94bdec9c1, image-classification-batch-squeezenet-cpu.1.vf85svydgfx63b0t72yeegnni, 118.94%, 157MiB / 3.703GiB, 4.14%, 11.6MB / 220kB, 18.7MB / 0B, 18
[2J[Hok, 2cc94bdec9c1, image-classification-batch-squeezenet-cpu.1.vf85svydgfx63b0t72yeegnni, 121.49%, 156.9MiB / 3.703GiB, 4.14%, 11.6MB / 220kB, 18.7MB / 0B, 18
[2J[Hok, 2cc94bdec9c1, image-classification-batch-squeezenet-cpu.1.vf85svydgfx63b0t72yeegnni, 121.49%, 156.9MiB / 3.703GiB, 4.14%, 11.6MB / 220kB, 18.7MB / 0B, 18
[2J[Hok, 2cc94bdec9c1, image-classification-batch-squeezenet-cpu.1.vf85svydgfx63b0t72yeegnni, 121.49%, 156.9MiB / 3.703GiB, 4.14%, 11.6MB / 220kB, 18.7MB / 0B, 18
[2J[Hok, 2cc94bdec9c1, image-classification-batch-squeezenet-cpu.1.vf85svydgfx63b0t72yeegnni, 118.39%, 156.9MiB / 3.703GiB, 4.14%, 11.6MB / 220kB, 18.7MB / 0B, 18
[2J[Hok, 2cc94bdec9c1, image-classification-batch-squeezenet-cpu.1.vf85svydgfx63b0t72yeegnni, 118.39%, 156.9MiB / 3.703GiB, 4.14%, 11.6MB / 220kB, 18.7MB / 0B, 18
[2J[Hok, 2cc94bdec9c1, image-classification-batch-squeezenet-cpu.1.vf85svydgfx63b0t72yeegnni, 123.66%, 156.9MiB / 3.703GiB, 4.14%, 11.6MB / 220kB, 18.7MB / 0B, 18
[2J[Hok, 2cc94bdec9c1, image-classification-batch-squeezenet-cpu.1.vf85svydgfx63b0t72yeegnni, 123.66%, 156.9MiB / 3.703GiB, 4.14%, 11.6MB / 220kB, 18.7MB / 0B, 18
[2J[Hok, 2cc94bdec9c1, image-classification-batch-squeezenet-cpu.1.vf85svydgfx63b0t72yeegnni, 117.60%, 156.8MiB / 3.703GiB, 4.14%, 11.6MB / 220kB, 18.7MB / 0B, 18
[2J[Hok, 2cc94bdec9c1, image-classification-batch-squeezenet-cpu.1.vf85svydgfx63b0t72yeegnni, 117.60%, 156.8MiB / 3.703GiB, 4.14%, 11.6MB / 220kB, 18.7MB / 0B, 18
[2J[Hok, 2cc94bdec9c1, image-classification-batch-squeezenet-cpu.1.vf85svydgfx63b0t72yeegnni, 118.59%, 156.8MiB / 3.703GiB, 4.14%, 11.6MB / 220kB, 18.7MB / 0B, 18
[2J[Hok, 2cc94bdec9c1, image-classification-batch-squeezenet-cpu.1.vf85svydgfx63b0t72yeegnni, 118.59%, 156.8MiB / 3.703GiB, 4.14%, 11.6MB / 220kB, 18.7MB / 0B, 18
[2J[Hok, 2cc94bdec9c1, image-classification-batch-squeezenet-cpu.1.vf85svydgfx63b0t72yeegnni, 120.89%, 156.8MiB / 3.703GiB, 4.14%, 11.6MB / 220kB, 18.7MB / 0B, 18
[2J[Hok, 2cc94bdec9c1, image-classification-batch-squeezenet-cpu.1.vf85svydgfx63b0t72yeegnni, 120.89%, 156.8MiB / 3.703GiB, 4.14%, 11.6MB / 220kB, 18.7MB / 0B, 18
[2J[Hok, 2cc94bdec9c1, image-classification-batch-squeezenet-cpu.1.vf85svydgfx63b0t72yeegnni, 121.30%, 158.9MiB / 3.703GiB, 4.19%, 11.6MB / 220kB, 18.7MB / 0B, 18
[2J[Hok, 2cc94bdec9c1, image-classification-batch-squeezenet-cpu.1.vf85svydgfx63b0t72yeegnni, 121.30%, 158.9MiB / 3.703GiB, 4.19%, 11.6MB / 220kB, 18.7MB / 0B, 18
[2J[Hok, 2cc94bdec9c1, image-classification-batch-squeezenet-cpu.1.vf85svydgfx63b0t72yeegnni, 124.46%, 158.9MiB / 3.703GiB, 4.19%, 11.6MB / 220kB, 18.7MB / 0B, 18
[2J[Hok, 2cc94bdec9c1, image-classification-batch-squeezenet-cpu.1.vf85svydgfx63b0t72yeegnni, 124.46%, 158.9MiB / 3.703GiB, 4.19%, 11.6MB / 220kB, 18.7MB / 0B, 18
[2J[Hok, 2cc94bdec9c1, image-classification-batch-squeezenet-cpu.1.vf85svydgfx63b0t72yeegnni, 119.70%, 161.9MiB / 3.703GiB, 4.27%, 11.6MB / 220kB, 18.7MB / 0B, 18
[2J[Hok, 2cc94bdec9c1, image-classification-batch-squeezenet-cpu.1.vf85svydgfx63b0t72yeegnni, 119.70%, 161.9MiB / 3.703GiB, 4.27%, 11.6MB / 220kB, 18.7MB / 0B, 18
[2J[Hok, 2cc94bdec9c1, image-classification-batch-squeezenet-cpu.1.vf85svydgfx63b0t72yeegnni, 127.11%, 161.9MiB / 3.703GiB, 4.27%, 11.6MB / 220kB, 18.7MB / 0B, 18
[2J[Hok, 2cc94bdec9c1, image-classification-batch-squeezenet-cpu.1.vf85svydgfx63b0t72yeegnni, 127.11%, 161.9MiB / 3.703GiB, 4.27%, 11.6MB / 220kB, 18.7MB / 0B, 18
[2J[Hok, 2cc94bdec9c1, image-classification-batch-squeezenet-cpu.1.vf85svydgfx63b0t72yeegnni, 120.14%, 161.9MiB / 3.703GiB, 4.27%, 11.6MB / 220kB, 18.7MB / 0B, 18
[2J[Hok, 2cc94bdec9c1, image-classification-batch-squeezenet-cpu.1.vf85svydgfx63b0t72yeegnni, 120.14%, 161.9MiB / 3.703GiB, 4.27%, 11.6MB / 220kB, 18.7MB / 0B, 18
[2J[Hok, 2cc94bdec9c1, image-classification-batch-squeezenet-cpu.1.vf85svydgfx63b0t72yeegnni, 116.51%, 158.5MiB / 3.703GiB, 4.18%, 11.6MB / 220kB, 18.7MB / 0B, 18
[2J[Hok, 2cc94bdec9c1, image-classification-batch-squeezenet-cpu.1.vf85svydgfx63b0t72yeegnni, 116.51%, 158.5MiB / 3.703GiB, 4.18%, 11.6MB / 220kB, 18.7MB / 0B, 18
[2J[Hok, 2cc94bdec9c1, image-classification-batch-squeezenet-cpu.1.vf85svydgfx63b0t72yeegnni, 133.24%, 158.5MiB / 3.703GiB, 4.18%, 11.6MB / 220kB, 18.7MB / 0B, 18
[2J[Hok, 2cc94bdec9c1, image-classification-batch-squeezenet-cpu.1.vf85svydgfx63b0t72yeegnni, 133.24%, 158.5MiB / 3.703GiB, 4.18%, 11.6MB / 220kB, 18.7MB / 0B, 18
[2J[Hok, 2cc94bdec9c1, image-classification-batch-squeezenet-cpu.1.vf85svydgfx63b0t72yeegnni, 118.19%, 158.4MiB / 3.703GiB, 4.18%, 11.6MB / 220kB, 18.7MB / 0B, 18
[2J[Hok, 2cc94bdec9c1, image-classification-batch-squeezenet-cpu.1.vf85svydgfx63b0t72yeegnni, 118.19%, 158.4MiB / 3.703GiB, 4.18%, 11.6MB / 220kB, 18.7MB / 0B, 18
[2J[Hok, 2cc94bdec9c1, image-classification-batch-squeezenet-cpu.1.vf85svydgfx63b0t72yeegnni, 120.35%, 159.7MiB / 3.703GiB, 4.21%, 11.6MB / 220kB, 18.7MB / 0B, 18
[2J[Hok, 2cc94bdec9c1, image-classification-batch-squeezenet-cpu.1.vf85svydgfx63b0t72yeegnni, 120.35%, 159.7MiB / 3.703GiB, 4.21%, 11.6MB / 220kB, 18.7MB / 0B, 18
[2J[Hok, 2cc94bdec9c1, image-classification-batch-squeezenet-cpu.1.vf85svydgfx63b0t72yeegnni, 123.89%, 159.8MiB / 3.703GiB, 4.22%, 11.6MB / 220kB, 18.7MB / 0B, 18
[2J[Hok, 2cc94bdec9c1, image-classification-batch-squeezenet-cpu.1.vf85svydgfx63b0t72yeegnni, 123.89%, 159.8MiB / 3.703GiB, 4.22%, 11.6MB / 220kB, 18.7MB / 0B, 18
[2J[Hok, 2cc94bdec9c1, image-classification-batch-squeezenet-cpu.1.vf85svydgfx63b0t72yeegnni, 121.65%, 159.8MiB / 3.703GiB, 4.22%, 11.6MB / 220kB, 18.7MB / 0B, 18
[2J[Hok, 2cc94bdec9c1, image-classification-batch-squeezenet-cpu.1.vf85svydgfx63b0t72yeegnni, 121.65%, 159.8MiB / 3.703GiB, 4.22%, 11.6MB / 220kB, 18.7MB / 0B, 18
[2J[Hok, 2cc94bdec9c1, image-classification-batch-squeezenet-cpu.1.vf85svydgfx63b0t72yeegnni, 120.08%, 159.7MiB / 3.703GiB, 4.21%, 11.6MB / 220kB, 18.7MB / 0B, 18
[2J[Hok, 2cc94bdec9c1, image-classification-batch-squeezenet-cpu.1.vf85svydgfx63b0t72yeegnni, 120.08%, 159.7MiB / 3.703GiB, 4.21%, 11.6MB / 220kB, 18.7MB / 0B, 18
[2J[Hok, 2cc94bdec9c1, image-classification-batch-squeezenet-cpu.1.vf85svydgfx63b0t72yeegnni, 116.43%, 159.7MiB / 3.703GiB, 4.21%, 11.6MB / 220kB, 18.7MB / 0B, 18
[2J[Hok, 2cc94bdec9c1, image-classification-batch-squeezenet-cpu.1.vf85svydgfx63b0t72yeegnni, 116.43%, 159.7MiB / 3.703GiB, 4.21%, 11.6MB / 220kB, 18.7MB / 0B, 18
[2J[Hok, 2cc94bdec9c1, image-classification-batch-squeezenet-cpu.1.vf85svydgfx63b0t72yeegnni, 129.16%, 159.8MiB / 3.703GiB, 4.21%, 11.6MB / 220kB, 18.7MB / 0B, 18
[2J[Hok, 2cc94bdec9c1, image-classification-batch-squeezenet-cpu.1.vf85svydgfx63b0t72yeegnni, 129.16%, 159.8MiB / 3.703GiB, 4.21%, 11.6MB / 220kB, 18.7MB / 0B, 18
[2J[Hok, 2cc94bdec9c1, image-classification-batch-squeezenet-cpu.1.vf85svydgfx63b0t72yeegnni, 117.72%, 159.8MiB / 3.703GiB, 4.21%, 11.6MB / 220kB, 18.7MB / 0B, 18
[2J[Hok, 2cc94bdec9c1, image-classification-batch-squeezenet-cpu.1.vf85svydgfx63b0t72yeegnni, 117.72%, 159.8MiB / 3.703GiB, 4.21%, 11.6MB / 220kB, 18.7MB / 0B, 18
[2J[Hok, 2cc94bdec9c1, image-classification-batch-squeezenet-cpu.1.vf85svydgfx63b0t72yeegnni, 120.65%, 159.7MiB / 3.703GiB, 4.21%, 11.6MB / 220kB, 18.7MB / 0B, 18
[2J[Hok, 2cc94bdec9c1, image-classification-batch-squeezenet-cpu.1.vf85svydgfx63b0t72yeegnni, 120.65%, 159.7MiB / 3.703GiB, 4.21%, 11.6MB / 220kB, 18.7MB / 0B, 18
[2J[Hok, 2cc94bdec9c1, image-classification-batch-squeezenet-cpu.1.vf85svydgfx63b0t72yeegnni, 119.10%, 159.7MiB / 3.703GiB, 4.21%, 11.6MB / 220kB, 18.7MB / 0B, 18
[2J[Hok, 2cc94bdec9c1, image-classification-batch-squeezenet-cpu.1.vf85svydgfx63b0t72yeegnni, 119.10%, 159.7MiB / 3.703GiB, 4.21%, 11.6MB / 220kB, 18.7MB / 0B, 18
[2J[Hok, 2cc94bdec9c1, image-classification-batch-squeezenet-cpu.1.vf85svydgfx63b0t72yeegnni, 122.87%, 159.7MiB / 3.703GiB, 4.21%, 11.6MB / 220kB, 18.7MB / 0B, 18
[2J[Hok, 2cc94bdec9c1, image-classification-batch-squeezenet-cpu.1.vf85svydgfx63b0t72yeegnni, 122.87%, 159.7MiB / 3.703GiB, 4.21%, 11.6MB / 220kB, 18.7MB / 0B, 18
[2J[Hok, 2cc94bdec9c1, image-classification-batch-squeezenet-cpu.1.vf85svydgfx63b0t72yeegnni, 115.93%, 159.7MiB / 3.703GiB, 4.21%, 11.6MB / 220kB, 18.7MB / 0B, 18
[2J[Hok, 2cc94bdec9c1, image-classification-batch-squeezenet-cpu.1.vf85svydgfx63b0t72yeegnni, 115.93%, 159.7MiB / 3.703GiB, 4.21%, 11.6MB / 220kB, 18.7MB / 0B, 18
[2J[Hok, 2cc94bdec9c1, image-classification-batch-squeezenet-cpu.1.vf85svydgfx63b0t72yeegnni, 125.72%, 159.7MiB / 3.703GiB, 4.21%, 11.6MB / 220kB, 18.7MB / 0B, 18
[2J[Hok, 2cc94bdec9c1, image-classification-batch-squeezenet-cpu.1.vf85svydgfx63b0t72yeegnni, 125.72%, 159.7MiB / 3.703GiB, 4.21%, 11.6MB / 220kB, 18.7MB / 0B, 18
[2J[Hok, 2cc94bdec9c1, image-classification-batch-squeezenet-cpu.1.vf85svydgfx63b0t72yeegnni, 125.72%, 159.7MiB / 3.703GiB, 4.21%, 11.6MB / 220kB, 18.7MB / 0B, 18
[2J[Hok, 2cc94bdec9c1, image-classification-batch-squeezenet-cpu.1.vf85svydgfx63b0t72yeegnni, 117.64%, 159.7MiB / 3.703GiB, 4.21%, 11.6MB / 220kB, 18.7MB / 0B, 18
[2J[Hok, 2cc94bdec9c1, image-classification-batch-squeezenet-cpu.1.vf85svydgfx63b0t72yeegnni, 117.64%, 159.7MiB / 3.703GiB, 4.21%, 11.6MB / 220kB, 18.7MB / 0B, 18
[2J[Hok, 2cc94bdec9c1, image-classification-batch-squeezenet-cpu.1.vf85svydgfx63b0t72yeegnni, 120.28%, 159.7MiB / 3.703GiB, 4.21%, 11.6MB / 220kB, 18.7MB / 0B, 18
[2J[Hok, 2cc94bdec9c1, image-classification-batch-squeezenet-cpu.1.vf85svydgfx63b0t72yeegnni, 120.28%, 159.7MiB / 3.703GiB, 4.21%, 11.6MB / 220kB, 18.7MB / 0B, 18
[2J[Hok, 2cc94bdec9c1, image-classification-batch-squeezenet-cpu.1.vf85svydgfx63b0t72yeegnni, 118.70%, 159.7MiB / 3.703GiB, 4.21%, 11.6MB / 220kB, 18.7MB / 0B, 18
[2J[Hok, 2cc94bdec9c1, image-classification-batch-squeezenet-cpu.1.vf85svydgfx63b0t72yeegnni, 118.70%, 159.7MiB / 3.703GiB, 4.21%, 11.6MB / 220kB, 18.7MB / 0B, 18
[2J[Hok, 2cc94bdec9c1, image-classification-batch-squeezenet-cpu.1.vf85svydgfx63b0t72yeegnni, 126.56%, 159.7MiB / 3.703GiB, 4.21%, 11.6MB / 220kB, 18.7MB / 0B, 18
[2J[Hok, 2cc94bdec9c1, image-classification-batch-squeezenet-cpu.1.vf85svydgfx63b0t72yeegnni, 126.56%, 159.7MiB / 3.703GiB, 4.21%, 11.6MB / 220kB, 18.7MB / 0B, 18
[2J[Hok, 2cc94bdec9c1, image-classification-batch-squeezenet-cpu.1.vf85svydgfx63b0t72yeegnni, 120.03%, 159.8MiB / 3.703GiB, 4.21%, 11.6MB / 220kB, 18.7MB / 0B, 18
[2J[Hok, 2cc94bdec9c1, image-classification-batch-squeezenet-cpu.1.vf85svydgfx63b0t72yeegnni, 120.03%, 159.8MiB / 3.703GiB, 4.21%, 11.6MB / 220kB, 18.7MB / 0B, 18
[2J[Hok, 2cc94bdec9c1, image-classification-batch-squeezenet-cpu.1.vf85svydgfx63b0t72yeegnni, 118.14%, 159.7MiB / 3.703GiB, 4.21%, 11.6MB / 220kB, 18.7MB / 0B, 18
[2J[Hok, 2cc94bdec9c1, image-classification-batch-squeezenet-cpu.1.vf85svydgfx63b0t72yeegnni, 118.14%, 159.7MiB / 3.703GiB, 4.21%, 11.6MB / 220kB, 18.7MB / 0B, 18
[2J[Hok, 2cc94bdec9c1, image-classification-batch-squeezenet-cpu.1.vf85svydgfx63b0t72yeegnni, 125.03%, 159.8MiB / 3.703GiB, 4.22%, 11.6MB / 220kB, 18.7MB / 0B, 18
[2J[Hok, 2cc94bdec9c1, image-classification-batch-squeezenet-cpu.1.vf85svydgfx63b0t72yeegnni, 125.03%, 159.8MiB / 3.703GiB, 4.22%, 11.6MB / 220kB, 18.7MB / 0B, 18
[2J[Hok, 2cc94bdec9c1, image-classification-batch-squeezenet-cpu.1.vf85svydgfx63b0t72yeegnni, 120.26%, 159.8MiB / 3.703GiB, 4.22%, 11.6MB / 220kB, 18.7MB / 0B, 18
[2J[Hok, 2cc94bdec9c1, image-classification-batch-squeezenet-cpu.1.vf85svydgfx63b0t72yeegnni, 120.26%, 159.8MiB / 3.703GiB, 4.22%, 11.6MB / 220kB, 18.7MB / 0B, 18
[2J[Hok, 2cc94bdec9c1, image-classification-batch-squeezenet-cpu.1.vf85svydgfx63b0t72yeegnni, 124.55%, 159.8MiB / 3.703GiB, 4.21%, 11.6MB / 220kB, 18.7MB / 0B, 18
[2J[Hok, 2cc94bdec9c1, image-classification-batch-squeezenet-cpu.1.vf85svydgfx63b0t72yeegnni, 124.55%, 159.8MiB / 3.703GiB, 4.21%, 11.6MB / 220kB, 18.7MB / 0B, 18
[2J[Hok, 2cc94bdec9c1, image-classification-batch-squeezenet-cpu.1.vf85svydgfx63b0t72yeegnni, 122.01%, 159.8MiB / 3.703GiB, 4.21%, 11.6MB / 220kB, 18.7MB / 0B, 18
[2J[Hok, 2cc94bdec9c1, image-classification-batch-squeezenet-cpu.1.vf85svydgfx63b0t72yeegnni, 122.01%, 159.8MiB / 3.703GiB, 4.21%, 11.6MB / 220kB, 18.7MB / 0B, 18
[2J[Hok, 2cc94bdec9c1, image-classification-batch-squeezenet-cpu.1.vf85svydgfx63b0t72yeegnni, 121.81%, 159.9MiB / 3.703GiB, 4.22%, 11.6MB / 220kB, 18.7MB / 0B, 18
[2J[Hok, 2cc94bdec9c1, image-classification-batch-squeezenet-cpu.1.vf85svydgfx63b0t72yeegnni, 121.81%, 159.9MiB / 3.703GiB, 4.22%, 11.6MB / 220kB, 18.7MB / 0B, 18
[2J[Hok, 2cc94bdec9c1, image-classification-batch-squeezenet-cpu.1.vf85svydgfx63b0t72yeegnni, 116.76%, 159.8MiB / 3.703GiB, 4.22%, 11.6MB / 220kB, 18.7MB / 0B, 18
[2J[Hok, 2cc94bdec9c1, image-classification-batch-squeezenet-cpu.1.vf85svydgfx63b0t72yeegnni, 116.76%, 159.8MiB / 3.703GiB, 4.22%, 11.6MB / 220kB, 18.7MB / 0B, 18
[2J[Hok, 2cc94bdec9c1, image-classification-batch-squeezenet-cpu.1.vf85svydgfx63b0t72yeegnni, 124.99%, 159.9MiB / 3.703GiB, 4.22%, 11.6MB / 220kB, 18.7MB / 0B, 18
[2J[Hok, 2cc94bdec9c1, image-classification-batch-squeezenet-cpu.1.vf85svydgfx63b0t72yeegnni, 124.99%, 159.9MiB / 3.703GiB, 4.22%, 11.6MB / 220kB, 18.7MB / 0B, 18
[2J[Hok, 2cc94bdec9c1, image-classification-batch-squeezenet-cpu.1.vf85svydgfx63b0t72yeegnni, 118.08%, 159.9MiB / 3.703GiB, 4.22%, 11.6MB / 220kB, 18.7MB / 0B, 18
[2J[Hok, 2cc94bdec9c1, image-classification-batch-squeezenet-cpu.1.vf85svydgfx63b0t72yeegnni, 118.08%, 159.9MiB / 3.703GiB, 4.22%, 11.6MB / 220kB, 18.7MB / 0B, 18
[2J[Hok, 2cc94bdec9c1, image-classification-batch-squeezenet-cpu.1.vf85svydgfx63b0t72yeegnni, 119.58%, 159.8MiB / 3.703GiB, 4.21%, 11.6MB / 220kB, 18.7MB / 0B, 18
[2J[Hok, 2cc94bdec9c1, image-classification-batch-squeezenet-cpu.1.vf85svydgfx63b0t72yeegnni, 119.58%, 159.8MiB / 3.703GiB, 4.21%, 11.6MB / 220kB, 18.7MB / 0B, 18
[2J[Hok, 2cc94bdec9c1, image-classification-batch-squeezenet-cpu.1.vf85svydgfx63b0t72yeegnni, 120.91%, 161.4MiB / 3.703GiB, 4.26%, 11.6MB / 220kB, 18.7MB / 0B, 25
[2J[Hok, 2cc94bdec9c1, image-classification-batch-squeezenet-cpu.1.vf85svydgfx63b0t72yeegnni, 120.91%, 161.4MiB / 3.703GiB, 4.26%, 11.6MB / 220kB, 18.7MB / 0B, 25
[2J[Hok, 2cc94bdec9c1, image-classification-batch-squeezenet-cpu.1.vf85svydgfx63b0t72yeegnni, 121.21%, 159.8MiB / 3.703GiB, 4.21%, 11.6MB / 220kB, 18.7MB / 0B, 18
[2J[Hok, 2cc94bdec9c1, image-classification-batch-squeezenet-cpu.1.vf85svydgfx63b0t72yeegnni, 121.21%, 159.8MiB / 3.703GiB, 4.21%, 11.6MB / 220kB, 18.7MB / 0B, 18
[2J[Hok, 2cc94bdec9c1, image-classification-batch-squeezenet-cpu.1.vf85svydgfx63b0t72yeegnni, 122.33%, 159.8MiB / 3.703GiB, 4.21%, 11.6MB / 220kB, 18.7MB / 0B, 18
[2J[Hok, 2cc94bdec9c1, image-classification-batch-squeezenet-cpu.1.vf85svydgfx63b0t72yeegnni, 122.33%, 159.8MiB / 3.703GiB, 4.21%, 11.6MB / 220kB, 18.7MB / 0B, 18
[2J[Hok, 2cc94bdec9c1, image-classification-batch-squeezenet-cpu.1.vf85svydgfx63b0t72yeegnni, 116.02%, 159.8MiB / 3.703GiB, 4.21%, 11.6MB / 220kB, 18.7MB / 0B, 18
[2J[Hok, 2cc94bdec9c1, image-classification-batch-squeezenet-cpu.1.vf85svydgfx63b0t72yeegnni, 116.02%, 159.8MiB / 3.703GiB, 4.21%, 11.6MB / 220kB, 18.7MB / 0B, 18
[2J[Hok, 2cc94bdec9c1, image-classification-batch-squeezenet-cpu.1.vf85svydgfx63b0t72yeegnni, 127.62%, 159.8MiB / 3.703GiB, 4.21%, 11.6MB / 220kB, 18.7MB / 0B, 18
[2J[Hok, 2cc94bdec9c1, image-classification-batch-squeezenet-cpu.1.vf85svydgfx63b0t72yeegnni, 127.62%, 159.8MiB / 3.703GiB, 4.21%, 11.6MB / 220kB, 18.7MB / 0B, 18
[2J[Hok, 2cc94bdec9c1, image-classification-batch-squeezenet-cpu.1.vf85svydgfx63b0t72yeegnni, 115.37%, 159.8MiB / 3.703GiB, 4.22%, 11.6MB / 220kB, 18.7MB / 0B, 18
[2J[Hok, 2cc94bdec9c1, image-classification-batch-squeezenet-cpu.1.vf85svydgfx63b0t72yeegnni, 115.37%, 159.8MiB / 3.703GiB, 4.22%, 11.6MB / 220kB, 18.7MB / 0B, 18
[2J[Hok, 2cc94bdec9c1, image-classification-batch-squeezenet-cpu.1.vf85svydgfx63b0t72yeegnni, 120.74%, 159.7MiB / 3.703GiB, 4.21%, 11.6MB / 220kB, 18.7MB / 0B, 18
[2J[Hok, 2cc94bdec9c1, image-classification-batch-squeezenet-cpu.1.vf85svydgfx63b0t72yeegnni, 120.74%, 159.7MiB / 3.703GiB, 4.21%, 11.6MB / 220kB, 18.7MB / 0B, 18
[2J[Hok, 2cc94bdec9c1, image-classification-batch-squeezenet-cpu.1.vf85svydgfx63b0t72yeegnni, 119.46%, 159.9MiB / 3.703GiB, 4.22%, 11.6MB / 220kB, 18.7MB / 0B, 18
[2J[Hok, 2cc94bdec9c1, image-classification-batch-squeezenet-cpu.1.vf85svydgfx63b0t72yeegnni, 119.46%, 159.9MiB / 3.703GiB, 4.22%, 11.6MB / 220kB, 18.7MB / 0B, 18
[2J[Hok, 2cc94bdec9c1, image-classification-batch-squeezenet-cpu.1.vf85svydgfx63b0t72yeegnni, 120.31%, 159.8MiB / 3.703GiB, 4.21%, 11.6MB / 220kB, 18.7MB / 0B, 18
[2J[Hok, 2cc94bdec9c1, image-classification-batch-squeezenet-cpu.1.vf85svydgfx63b0t72yeegnni, 120.31%, 159.8MiB / 3.703GiB, 4.21%, 11.6MB / 220kB, 18.7MB / 0B, 18
[2J[Hok, 2cc94bdec9c1, image-classification-batch-squeezenet-cpu.1.vf85svydgfx63b0t72yeegnni, 117.22%, 159.7MiB / 3.703GiB, 4.21%, 11.6MB / 220kB, 18.7MB / 0B, 18
[2J[Hok, 2cc94bdec9c1, image-classification-batch-squeezenet-cpu.1.vf85svydgfx63b0t72yeegnni, 117.22%, 159.7MiB / 3.703GiB, 4.21%, 11.6MB / 220kB, 18.7MB / 0B, 18
[2J[Hok, 2cc94bdec9c1, image-classification-batch-squeezenet-cpu.1.vf85svydgfx63b0t72yeegnni, 124.35%, 159.7MiB / 3.703GiB, 4.21%, 11.6MB / 220kB, 18.7MB / 0B, 18
[2J[Hok, 2cc94bdec9c1, image-classification-batch-squeezenet-cpu.1.vf85svydgfx63b0t72yeegnni, 124.35%, 159.7MiB / 3.703GiB, 4.21%, 11.6MB / 220kB, 18.7MB / 0B, 18
[2J[Hok, 2cc94bdec9c1, image-classification-batch-squeezenet-cpu.1.vf85svydgfx63b0t72yeegnni, 116.25%, 159.7MiB / 3.703GiB, 4.21%, 11.6MB / 220kB, 18.7MB / 0B, 18
[2J[Hok, 2cc94bdec9c1, image-classification-batch-squeezenet-cpu.1.vf85svydgfx63b0t72yeegnni, 116.25%, 159.7MiB / 3.703GiB, 4.21%, 11.6MB / 220kB, 18.7MB / 0B, 18
[2J[Hok, 2cc94bdec9c1, image-classification-batch-squeezenet-cpu.1.vf85svydgfx63b0t72yeegnni, 123.66%, 159.7MiB / 3.703GiB, 4.21%, 11.6MB / 220kB, 18.7MB / 0B, 18
[2J[Hok, 2cc94bdec9c1, image-classification-batch-squeezenet-cpu.1.vf85svydgfx63b0t72yeegnni, 123.66%, 159.7MiB / 3.703GiB, 4.21%, 11.6MB / 220kB, 18.7MB / 0B, 18
[2J[Hok, 2cc94bdec9c1, image-classification-batch-squeezenet-cpu.1.vf85svydgfx63b0t72yeegnni, 123.94%, 159.7MiB / 3.703GiB, 4.21%, 11.6MB / 220kB, 18.7MB / 0B, 18
[2J[Hok, 2cc94bdec9c1, image-classification-batch-squeezenet-cpu.1.vf85svydgfx63b0t72yeegnni, 123.94%, 159.7MiB / 3.703GiB, 4.21%, 11.6MB / 220kB, 18.7MB / 0B, 18
[2J[Hok, 2cc94bdec9c1, image-classification-batch-squeezenet-cpu.1.vf85svydgfx63b0t72yeegnni, 123.94%, 159.7MiB / 3.703GiB, 4.21%, 11.6MB / 220kB, 18.7MB / 0B, 18
[2J[Hok, 2cc94bdec9c1, image-classification-batch-squeezenet-cpu.1.vf85svydgfx63b0t72yeegnni, 119.71%, 159.7MiB / 3.703GiB, 4.21%, 11.6MB / 220kB, 18.7MB / 0B, 18
[2J[Hok, 2cc94bdec9c1, image-classification-batch-squeezenet-cpu.1.vf85svydgfx63b0t72yeegnni, 119.71%, 159.7MiB / 3.703GiB, 4.21%, 11.6MB / 220kB, 18.7MB / 0B, 18
[2J[Hok, 2cc94bdec9c1, image-classification-batch-squeezenet-cpu.1.vf85svydgfx63b0t72yeegnni, 119.96%, 159.7MiB / 3.703GiB, 4.21%, 11.6MB / 220kB, 18.7MB / 0B, 18
[2J[Hok, 2cc94bdec9c1, image-classification-batch-squeezenet-cpu.1.vf85svydgfx63b0t72yeegnni, 119.96%, 159.7MiB / 3.703GiB, 4.21%, 11.6MB / 220kB, 18.7MB / 0B, 18
[2J[Hok, 2cc94bdec9c1, image-classification-batch-squeezenet-cpu.1.vf85svydgfx63b0t72yeegnni, 117.21%, 159.7MiB / 3.703GiB, 4.21%, 11.6MB / 220kB, 18.7MB / 0B, 18
[2J[Hok, 2cc94bdec9c1, image-classification-batch-squeezenet-cpu.1.vf85svydgfx63b0t72yeegnni, 117.21%, 159.7MiB / 3.703GiB, 4.21%, 11.6MB / 220kB, 18.7MB / 0B, 18
[2J[Hok, 2cc94bdec9c1, image-classification-batch-squeezenet-cpu.1.vf85svydgfx63b0t72yeegnni, 126.19%, 159.7MiB / 3.703GiB, 4.21%, 11.6MB / 220kB, 18.7MB / 0B, 18
[2J[Hok, 2cc94bdec9c1, image-classification-batch-squeezenet-cpu.1.vf85svydgfx63b0t72yeegnni, 126.19%, 159.7MiB / 3.703GiB, 4.21%, 11.6MB / 220kB, 18.7MB / 0B, 18
[2J[Hok, 2cc94bdec9c1, image-classification-batch-squeezenet-cpu.1.vf85svydgfx63b0t72yeegnni, 120.01%, 159.7MiB / 3.703GiB, 4.21%, 11.6MB / 220kB, 18.7MB / 0B, 18
[2J[Hok, 2cc94bdec9c1, image-classification-batch-squeezenet-cpu.1.vf85svydgfx63b0t72yeegnni, 120.01%, 159.7MiB / 3.703GiB, 4.21%, 11.6MB / 220kB, 18.7MB / 0B, 18
[2J[Hok, 2cc94bdec9c1, image-classification-batch-squeezenet-cpu.1.vf85svydgfx63b0t72yeegnni, 116.72%, 159.7MiB / 3.703GiB, 4.21%, 11.6MB / 220kB, 18.7MB / 0B, 18
[2J[Hok, 2cc94bdec9c1, image-classification-batch-squeezenet-cpu.1.vf85svydgfx63b0t72yeegnni, 116.72%, 159.7MiB / 3.703GiB, 4.21%, 11.6MB / 220kB, 18.7MB / 0B, 18
[2J[Hok, 2cc94bdec9c1, image-classification-batch-squeezenet-cpu.1.vf85svydgfx63b0t72yeegnni, 123.97%, 159.7MiB / 3.703GiB, 4.21%, 11.6MB / 220kB, 18.7MB / 0B, 18
[2J[Hok, 2cc94bdec9c1, image-classification-batch-squeezenet-cpu.1.vf85svydgfx63b0t72yeegnni, 123.97%, 159.7MiB / 3.703GiB, 4.21%, 11.6MB / 220kB, 18.7MB / 0B, 18
[2J[Hok, 2cc94bdec9c1, image-classification-batch-squeezenet-cpu.1.vf85svydgfx63b0t72yeegnni, 118.62%, 159.7MiB / 3.703GiB, 4.21%, 11.6MB / 220kB, 18.7MB / 0B, 18
[2J[Hok, 2cc94bdec9c1, image-classification-batch-squeezenet-cpu.1.vf85svydgfx63b0t72yeegnni, 118.62%, 159.7MiB / 3.703GiB, 4.21%, 11.6MB / 220kB, 18.7MB / 0B, 18
[2J[Hok, 2cc94bdec9c1, image-classification-batch-squeezenet-cpu.1.vf85svydgfx63b0t72yeegnni, 119.12%, 159.7MiB / 3.703GiB, 4.21%, 11.6MB / 220kB, 18.7MB / 0B, 18
[2J[Hok, 2cc94bdec9c1, image-classification-batch-squeezenet-cpu.1.vf85svydgfx63b0t72yeegnni, 119.12%, 159.7MiB / 3.703GiB, 4.21%, 11.6MB / 220kB, 18.7MB / 0B, 18
[2J[Hok, 2cc94bdec9c1, image-classification-batch-squeezenet-cpu.1.vf85svydgfx63b0t72yeegnni, 127.76%, 159.8MiB / 3.703GiB, 4.21%, 11.6MB / 220kB, 18.7MB / 0B, 18
[2J[Hok, 2cc94bdec9c1, image-classification-batch-squeezenet-cpu.1.vf85svydgfx63b0t72yeegnni, 127.76%, 159.8MiB / 3.703GiB, 4.21%, 11.6MB / 220kB, 18.7MB / 0B, 18
[2J[Hok, 2cc94bdec9c1, image-classification-batch-squeezenet-cpu.1.vf85svydgfx63b0t72yeegnni, 115.73%, 159.7MiB / 3.703GiB, 4.21%, 11.6MB / 220kB, 18.7MB / 0B, 18
[2J[Hok, 2cc94bdec9c1, image-classification-batch-squeezenet-cpu.1.vf85svydgfx63b0t72yeegnni, 115.73%, 159.7MiB / 3.703GiB, 4.21%, 11.6MB / 220kB, 18.7MB / 0B, 18
[2J[Hok, 2cc94bdec9c1, image-classification-batch-squeezenet-cpu.1.vf85svydgfx63b0t72yeegnni, 120.47%, 159.9MiB / 3.703GiB, 4.22%, 11.6MB / 220kB, 18.7MB / 0B, 18
[2J[Hok, 2cc94bdec9c1, image-classification-batch-squeezenet-cpu.1.vf85svydgfx63b0t72yeegnni, 120.47%, 159.9MiB / 3.703GiB, 4.22%, 11.6MB / 220kB, 18.7MB / 0B, 18
[2J[Hok, 2cc94bdec9c1, image-classification-batch-squeezenet-cpu.1.vf85svydgfx63b0t72yeegnni, 119.16%, 159.7MiB / 3.703GiB, 4.21%, 11.6MB / 220kB, 18.7MB / 0B, 18
[2J[Hok, 2cc94bdec9c1, image-classification-batch-squeezenet-cpu.1.vf85svydgfx63b0t72yeegnni, 119.16%, 159.7MiB / 3.703GiB, 4.21%, 11.6MB / 220kB, 18.7MB / 0B, 18
[2J[Hok, 2cc94bdec9c1, image-classification-batch-squeezenet-cpu.1.vf85svydgfx63b0t72yeegnni, 122.83%, 159.7MiB / 3.703GiB, 4.21%, 11.6MB / 220kB, 18.7MB / 0B, 18
[2J[Hok, 2cc94bdec9c1, image-classification-batch-squeezenet-cpu.1.vf85svydgfx63b0t72yeegnni, 122.83%, 159.7MiB / 3.703GiB, 4.21%, 11.6MB / 220kB, 18.7MB / 0B, 18
[2J[Hok, 2cc94bdec9c1, image-classification-batch-squeezenet-cpu.1.vf85svydgfx63b0t72yeegnni, 120.40%, 159.7MiB / 3.703GiB, 4.21%, 11.6MB / 220kB, 18.7MB / 0B, 18
[2J[Hok, 2cc94bdec9c1, image-classification-batch-squeezenet-cpu.1.vf85svydgfx63b0t72yeegnni, 120.40%, 159.7MiB / 3.703GiB, 4.21%, 11.6MB / 220kB, 18.7MB / 0B, 18
[2J[Hok, 2cc94bdec9c1, image-classification-batch-squeezenet-cpu.1.vf85svydgfx63b0t72yeegnni, 124.65%, 159.7MiB / 3.703GiB, 4.21%, 11.6MB / 220kB, 18.7MB / 0B, 18
[2J[Hok, 2cc94bdec9c1, image-classification-batch-squeezenet-cpu.1.vf85svydgfx63b0t72yeegnni, 124.65%, 159.7MiB / 3.703GiB, 4.21%, 11.6MB / 220kB, 18.7MB / 0B, 18
[2J[Hok, 2cc94bdec9c1, image-classification-batch-squeezenet-cpu.1.vf85svydgfx63b0t72yeegnni, 118.24%, 159.7MiB / 3.703GiB, 4.21%, 11.6MB / 220kB, 18.7MB / 0B, 18
[2J[Hok, 2cc94bdec9c1, image-classification-batch-squeezenet-cpu.1.vf85svydgfx63b0t72yeegnni, 118.24%, 159.7MiB / 3.703GiB, 4.21%, 11.6MB / 220kB, 18.7MB / 0B, 18
[2J[Hok, 2cc94bdec9c1, image-classification-batch-squeezenet-cpu.1.vf85svydgfx63b0t72yeegnni, 117.12%, 159.7MiB / 3.703GiB, 4.21%, 11.6MB / 220kB, 18.7MB / 0B, 18
[2J[Hok, 2cc94bdec9c1, image-classification-batch-squeezenet-cpu.1.vf85svydgfx63b0t72yeegnni, 117.12%, 159.7MiB / 3.703GiB, 4.21%, 11.6MB / 220kB, 18.7MB / 0B, 18
[2J[Hok, 2cc94bdec9c1, image-classification-batch-squeezenet-cpu.1.vf85svydgfx63b0t72yeegnni, 119.69%, 159.7MiB / 3.703GiB, 4.21%, 11.6MB / 220kB, 18.7MB / 0B, 18
[2J[Hok, 2cc94bdec9c1, image-classification-batch-squeezenet-cpu.1.vf85svydgfx63b0t72yeegnni, 119.69%, 159.7MiB / 3.703GiB, 4.21%, 11.6MB / 220kB, 18.7MB / 0B, 18
[2J[Hok, 2cc94bdec9c1, image-classification-batch-squeezenet-cpu.1.vf85svydgfx63b0t72yeegnni, 122.22%, 159.8MiB / 3.703GiB, 4.21%, 11.6MB / 220kB, 18.7MB / 0B, 18
[2J[Hok, 2cc94bdec9c1, image-classification-batch-squeezenet-cpu.1.vf85svydgfx63b0t72yeegnni, 122.22%, 159.8MiB / 3.703GiB, 4.21%, 11.6MB / 220kB, 18.7MB / 0B, 18
[2J[Hok, 2cc94bdec9c1, image-classification-batch-squeezenet-cpu.1.vf85svydgfx63b0t72yeegnni, 123.13%, 159.8MiB / 3.703GiB, 4.21%, 11.6MB / 220kB, 18.7MB / 0B, 18
[2J[Hok, 2cc94bdec9c1, image-classification-batch-squeezenet-cpu.1.vf85svydgfx63b0t72yeegnni, 123.13%, 159.8MiB / 3.703GiB, 4.21%, 11.6MB / 220kB, 18.7MB / 0B, 18
[2J[Hok, 2cc94bdec9c1, image-classification-batch-squeezenet-cpu.1.vf85svydgfx63b0t72yeegnni, 115.61%, 159.7MiB / 3.703GiB, 4.21%, 11.6MB / 220kB, 18.7MB / 0B, 18
[2J[Hok, 2cc94bdec9c1, image-classification-batch-squeezenet-cpu.1.vf85svydgfx63b0t72yeegnni, 115.61%, 159.7MiB / 3.703GiB, 4.21%, 11.6MB / 220kB, 18.7MB / 0B, 18
[2J[Hok, 2cc94bdec9c1, image-classification-batch-squeezenet-cpu.1.vf85svydgfx63b0t72yeegnni, 128.53%, 159.7MiB / 3.703GiB, 4.21%, 11.6MB / 220kB, 18.7MB / 0B, 18
[2J[Hok, 2cc94bdec9c1, image-classification-batch-squeezenet-cpu.1.vf85svydgfx63b0t72yeegnni, 128.53%, 159.7MiB / 3.703GiB, 4.21%, 11.6MB / 220kB, 18.7MB / 0B, 18
[2J[Hok, 2cc94bdec9c1, image-classification-batch-squeezenet-cpu.1.vf85svydgfx63b0t72yeegnni, 118.20%, 159.7MiB / 3.703GiB, 4.21%, 11.6MB / 220kB, 18.7MB / 0B, 18
[2J[Hok, 2cc94bdec9c1, image-classification-batch-squeezenet-cpu.1.vf85svydgfx63b0t72yeegnni, 118.20%, 159.7MiB / 3.703GiB, 4.21%, 11.6MB / 220kB, 18.7MB / 0B, 18
[2J[Hok, 2cc94bdec9c1, image-classification-batch-squeezenet-cpu.1.vf85svydgfx63b0t72yeegnni, 122.04%, 159.7MiB / 3.703GiB, 4.21%, 11.6MB / 220kB, 18.7MB / 0B, 18
[2J[Hok, 2cc94bdec9c1, image-classification-batch-squeezenet-cpu.1.vf85svydgfx63b0t72yeegnni, 122.04%, 159.7MiB / 3.703GiB, 4.21%, 11.6MB / 220kB, 18.7MB / 0B, 18
[2J[Hok, 2cc94bdec9c1, image-classification-batch-squeezenet-cpu.1.vf85svydgfx63b0t72yeegnni, 121.48%, 160.1MiB / 3.703GiB, 4.22%, 11.6MB / 220kB, 18.7MB / 0B, 18
[2J[Hok, 2cc94bdec9c1, image-classification-batch-squeezenet-cpu.1.vf85svydgfx63b0t72yeegnni, 121.48%, 160.1MiB / 3.703GiB, 4.22%, 11.6MB / 220kB, 18.7MB / 0B, 18
[2J[Hok, 2cc94bdec9c1, image-classification-batch-squeezenet-cpu.1.vf85svydgfx63b0t72yeegnni, 121.18%, 160MiB / 3.703GiB, 4.22%, 11.6MB / 220kB, 18.7MB / 0B, 18
[2J[Hok, 2cc94bdec9c1, image-classification-batch-squeezenet-cpu.1.vf85svydgfx63b0t72yeegnni, 121.18%, 160MiB / 3.703GiB, 4.22%, 11.6MB / 220kB, 18.7MB / 0B, 18
[2J[Hok, 2cc94bdec9c1, image-classification-batch-squeezenet-cpu.1.vf85svydgfx63b0t72yeegnni, 120.03%, 160MiB / 3.703GiB, 4.22%, 11.6MB / 220kB, 18.7MB / 0B, 18
[2J[Hok, 2cc94bdec9c1, image-classification-batch-squeezenet-cpu.1.vf85svydgfx63b0t72yeegnni, 120.03%, 160MiB / 3.703GiB, 4.22%, 11.6MB / 220kB, 18.7MB / 0B, 18
[2J[Hok, 2cc94bdec9c1, image-classification-batch-squeezenet-cpu.1.vf85svydgfx63b0t72yeegnni, 126.92%, 160MiB / 3.703GiB, 4.22%, 11.6MB / 220kB, 18.7MB / 0B, 18
[2J[Hok, 2cc94bdec9c1, image-classification-batch-squeezenet-cpu.1.vf85svydgfx63b0t72yeegnni, 126.92%, 160MiB / 3.703GiB, 4.22%, 11.6MB / 220kB, 18.7MB / 0B, 18
[2J[Hok, 2cc94bdec9c1, image-classification-batch-squeezenet-cpu.1.vf85svydgfx63b0t72yeegnni, 117.39%, 160MiB / 3.703GiB, 4.22%, 11.6MB / 220kB, 18.7MB / 0B, 18
[2J[Hok, 2cc94bdec9c1, image-classification-batch-squeezenet-cpu.1.vf85svydgfx63b0t72yeegnni, 117.39%, 160MiB / 3.703GiB, 4.22%, 11.6MB / 220kB, 18.7MB / 0B, 18
[2J[Hok, 2cc94bdec9c1, image-classification-batch-squeezenet-cpu.1.vf85svydgfx63b0t72yeegnni, 120.63%, 160MiB / 3.703GiB, 4.22%, 11.6MB / 220kB, 18.7MB / 0B, 18
[2J[Hok, 2cc94bdec9c1, image-classification-batch-squeezenet-cpu.1.vf85svydgfx63b0t72yeegnni, 120.63%, 160MiB / 3.703GiB, 4.22%, 11.6MB / 220kB, 18.7MB / 0B, 18
[2J[Hok, 2cc94bdec9c1, image-classification-batch-squeezenet-cpu.1.vf85svydgfx63b0t72yeegnni, 120.63%, 160MiB / 3.703GiB, 4.22%, 11.6MB / 220kB, 18.7MB / 0B, 18
[2J[Hok, 2cc94bdec9c1, image-classification-batch-squeezenet-cpu.1.vf85svydgfx63b0t72yeegnni, 118.59%, 162.1MiB / 3.703GiB, 4.28%, 11.6MB / 220kB, 18.7MB / 0B, 24
[2J[Hok, 2cc94bdec9c1, image-classification-batch-squeezenet-cpu.1.vf85svydgfx63b0t72yeegnni, 118.59%, 162.1MiB / 3.703GiB, 4.28%, 11.6MB / 220kB, 18.7MB / 0B, 24
[2J[Hok, 2cc94bdec9c1, image-classification-batch-squeezenet-cpu.1.vf85svydgfx63b0t72yeegnni, 123.00%, 160.1MiB / 3.703GiB, 4.22%, 11.6MB / 220kB, 18.7MB / 0B, 18
[2J[Hok, 2cc94bdec9c1, image-classification-batch-squeezenet-cpu.1.vf85svydgfx63b0t72yeegnni, 123.00%, 160.1MiB / 3.703GiB, 4.22%, 11.6MB / 220kB, 18.7MB / 0B, 18
[2J[Hok, 2cc94bdec9c1, image-classification-batch-squeezenet-cpu.1.vf85svydgfx63b0t72yeegnni, 119.91%, 160.1MiB / 3.703GiB, 4.22%, 11.6MB / 220kB, 18.7MB / 0B, 18
[2J[Hok, 2cc94bdec9c1, image-classification-batch-squeezenet-cpu.1.vf85svydgfx63b0t72yeegnni, 119.91%, 160.1MiB / 3.703GiB, 4.22%, 11.6MB / 220kB, 18.7MB / 0B, 18
[2J[Hok, 2cc94bdec9c1, image-classification-batch-squeezenet-cpu.1.vf85svydgfx63b0t72yeegnni, 116.79%, 160.2MiB / 3.703GiB, 4.22%, 11.6MB / 220kB, 18.7MB / 0B, 18
[2J[Hok, 2cc94bdec9c1, image-classification-batch-squeezenet-cpu.1.vf85svydgfx63b0t72yeegnni, 116.79%, 160.2MiB / 3.703GiB, 4.22%, 11.6MB / 220kB, 18.7MB / 0B, 18
[2J[Hok, 2cc94bdec9c1, image-classification-batch-squeezenet-cpu.1.vf85svydgfx63b0t72yeegnni, 122.75%, 160.1MiB / 3.703GiB, 4.22%, 11.6MB / 220kB, 18.7MB / 0B, 18
[2J[Hok, 2cc94bdec9c1, image-classification-batch-squeezenet-cpu.1.vf85svydgfx63b0t72yeegnni, 122.75%, 160.1MiB / 3.703GiB, 4.22%, 11.6MB / 220kB, 18.7MB / 0B, 18
[2J[Hok, 2cc94bdec9c1, image-classification-batch-squeezenet-cpu.1.vf85svydgfx63b0t72yeegnni, 117.49%, 160.1MiB / 3.703GiB, 4.22%, 11.6MB / 220kB, 18.7MB / 0B, 18
[2J[Hok, 2cc94bdec9c1, image-classification-batch-squeezenet-cpu.1.vf85svydgfx63b0t72yeegnni, 117.49%, 160.1MiB / 3.703GiB, 4.22%, 11.6MB / 220kB, 18.7MB / 0B, 18
[2J[Hok, 2cc94bdec9c1, image-classification-batch-squeezenet-cpu.1.vf85svydgfx63b0t72yeegnni, 119.95%, 160.1MiB / 3.703GiB, 4.22%, 11.6MB / 221kB, 18.7MB / 0B, 18
[2J[Hok, 2cc94bdec9c1, image-classification-batch-squeezenet-cpu.1.vf85svydgfx63b0t72yeegnni, 119.95%, 160.1MiB / 3.703GiB, 4.22%, 11.6MB / 221kB, 18.7MB / 0B, 18
[2J[Hok, 2cc94bdec9c1, image-classification-batch-squeezenet-cpu.1.vf85svydgfx63b0t72yeegnni, 121.03%, 160MiB / 3.703GiB, 4.22%, 11.6MB / 221kB, 18.7MB / 0B, 18
[2J[Hok, 2cc94bdec9c1, image-classification-batch-squeezenet-cpu.1.vf85svydgfx63b0t72yeegnni, 121.03%, 160MiB / 3.703GiB, 4.22%, 11.6MB / 221kB, 18.7MB / 0B, 18
[2J[Hok, 2cc94bdec9c1, image-classification-batch-squeezenet-cpu.1.vf85svydgfx63b0t72yeegnni, 116.75%, 160MiB / 3.703GiB, 4.22%, 11.6MB / 221kB, 18.7MB / 0B, 18
[2J[Hok, 2cc94bdec9c1, image-classification-batch-squeezenet-cpu.1.vf85svydgfx63b0t72yeegnni, 116.75%, 160MiB / 3.703GiB, 4.22%, 11.6MB / 221kB, 18.7MB / 0B, 18
[2J[Hok, 2cc94bdec9c1, image-classification-batch-squeezenet-cpu.1.vf85svydgfx63b0t72yeegnni, 123.45%, 160MiB / 3.703GiB, 4.22%, 11.6MB / 221kB, 18.7MB / 0B, 18
[2J[Hok, 2cc94bdec9c1, image-classification-batch-squeezenet-cpu.1.vf85svydgfx63b0t72yeegnni, 123.45%, 160MiB / 3.703GiB, 4.22%, 11.6MB / 221kB, 18.7MB / 0B, 18
[2J[Hok, 2cc94bdec9c1, image-classification-batch-squeezenet-cpu.1.vf85svydgfx63b0t72yeegnni, 122.88%, 162MiB / 3.703GiB, 4.27%, 11.6MB / 221kB, 18.7MB / 0B, 18
[2J[Hok, 2cc94bdec9c1, image-classification-batch-squeezenet-cpu.1.vf85svydgfx63b0t72yeegnni, 122.88%, 162MiB / 3.703GiB, 4.27%, 11.6MB / 221kB, 18.7MB / 0B, 18
[2J[Hok, 2cc94bdec9c1, image-classification-batch-squeezenet-cpu.1.vf85svydgfx63b0t72yeegnni, 123.47%, 162MiB / 3.703GiB, 4.27%, 11.6MB / 221kB, 18.7MB / 0B, 18
[2J[Hok, 2cc94bdec9c1, image-classification-batch-squeezenet-cpu.1.vf85svydgfx63b0t72yeegnni, 123.47%, 162MiB / 3.703GiB, 4.27%, 11.6MB / 221kB, 18.7MB / 0B, 18
[2J[Hok, 2cc94bdec9c1, image-classification-batch-squeezenet-cpu.1.vf85svydgfx63b0t72yeegnni, 118.55%, 162MiB / 3.703GiB, 4.27%, 11.6MB / 221kB, 18.7MB / 0B, 18
[2J[Hok, 2cc94bdec9c1, image-classification-batch-squeezenet-cpu.1.vf85svydgfx63b0t72yeegnni, 118.55%, 162MiB / 3.703GiB, 4.27%, 11.6MB / 221kB, 18.7MB / 0B, 18
[2J[Hok, 2cc94bdec9c1, image-classification-batch-squeezenet-cpu.1.vf85svydgfx63b0t72yeegnni, 123.33%, 162.2MiB / 3.703GiB, 4.28%, 11.6MB / 221kB, 18.7MB / 0B, 18
[2J[Hok, 2cc94bdec9c1, image-classification-batch-squeezenet-cpu.1.vf85svydgfx63b0t72yeegnni, 123.33%, 162.2MiB / 3.703GiB, 4.28%, 11.6MB / 221kB, 18.7MB / 0B, 18
[2J[Hok, 2cc94bdec9c1, image-classification-batch-squeezenet-cpu.1.vf85svydgfx63b0t72yeegnni, 121.57%, 162.1MiB / 3.703GiB, 4.28%, 11.6MB / 221kB, 18.7MB / 0B, 18
[2J[Hok, 2cc94bdec9c1, image-classification-batch-squeezenet-cpu.1.vf85svydgfx63b0t72yeegnni, 121.57%, 162.1MiB / 3.703GiB, 4.28%, 11.6MB / 221kB, 18.7MB / 0B, 18
[2J[Hok, 2cc94bdec9c1, image-classification-batch-squeezenet-cpu.1.vf85svydgfx63b0t72yeegnni, 118.75%, 156.1MiB / 3.703GiB, 4.12%, 11.6MB / 221kB, 18.7MB / 0B, 18
[2J[Hok, 2cc94bdec9c1, image-classification-batch-squeezenet-cpu.1.vf85svydgfx63b0t72yeegnni, 118.75%, 156.1MiB / 3.703GiB, 4.12%, 11.6MB / 221kB, 18.7MB / 0B, 18
[2J[Hok, 2cc94bdec9c1, image-classification-batch-squeezenet-cpu.1.vf85svydgfx63b0t72yeegnni, 121.98%, 157.3MiB / 3.703GiB, 4.15%, 11.6MB / 221kB, 18.7MB / 0B, 18
[2J[Hok, 2cc94bdec9c1, image-classification-batch-squeezenet-cpu.1.vf85svydgfx63b0t72yeegnni, 121.98%, 157.3MiB / 3.703GiB, 4.15%, 11.6MB / 221kB, 18.7MB / 0B, 18
[2J[Hok, 2cc94bdec9c1, image-classification-batch-squeezenet-cpu.1.vf85svydgfx63b0t72yeegnni, 124.12%, 158.8MiB / 3.703GiB, 4.19%, 11.6MB / 221kB, 18.7MB / 0B, 18
[2J[Hok, 2cc94bdec9c1, image-classification-batch-squeezenet-cpu.1.vf85svydgfx63b0t72yeegnni, 124.12%, 158.8MiB / 3.703GiB, 4.19%, 11.6MB / 221kB, 18.7MB / 0B, 18
[2J[Hok, 2cc94bdec9c1, image-classification-batch-squeezenet-cpu.1.vf85svydgfx63b0t72yeegnni, 87.81%, 30.14MiB / 3.703GiB, 0.80%, 11.6MB / 240kB, 18.7MB / 0B, 11
[2J[Hok, 2cc94bdec9c1, image-classification-batch-squeezenet-cpu.1.vf85svydgfx63b0t72yeegnni, 87.81%, 30.14MiB / 3.703GiB, 0.80%, 11.6MB / 240kB, 18.7MB / 0B, 11
